URL,Cluster,Page Type,TotalInlinks,HeaderNavInlinks,FooterInlinks,MainContentInlinks,UniqueMainContentSourcePages,HubInlinks,FeatureInlinks,ToolInlinks,GuideInlinks,FooterDependency,ContextualAuthorityLevel,Evidence
https://familyboard.win/about/,support,support,509,1,508,1,1,0,0,0,0,0.998,EMERGING,REPO_EVIDENCE
https://familyboard.win/affiliate-disclosure/,support,support,509,1,508,1,1,0,0,0,0,0.998,EMERGING,REPO_EVIDENCE
https://familyboard.win/changelog/,support,support,509,1,508,2,2,0,0,0,0,0.998,EMERGING,REPO_EVIDENCE
https://familyboard.win/checklists/,support,support,509,509,508,0,0,0,0,0,0,0.998,FOOTER_DEPENDENT,REPO_EVIDENCE
https://familyboard.win/checklists/printable-emergency-binder-checklist/,printables,printable,4,1,0,3,3,0,0,1,1,0,ESTABLISHED,REPO_EVIDENCE
https://familyboard.win/checklists/printable-home-maintenance-checklist/,printables,printable,509,1,508,1,1,0,0,0,0,0.998,EMERGING,REPO_EVIDENCE
https://familyboard.win/checklists/printable-house-sitter-checklist/,printables,printable,4,1,0,3,3,0,0,1,1,0,ESTABLISHED,REPO_EVIDENCE
https://familyboard.win/checklists/printable-monthly-home-checklist/,printables,printable,509,1,508,2,2,0,0,0,1,0.998,EMERGING,REPO_EVIDENCE
https://familyboard.win/checklists/printable-moving-checklist/,printables,printable,2,1,0,1,1,0,0,0,0,0,EMERGING,REPO_EVIDENCE
https://familyboard.win/checklists/printable-new-home-checklist/,printables,printable,1,0,0,1,1,0,0,0,0,0,EMERGING,REPO_EVIDENCE
https://familyboard.win/checklists/printable-pet-sitter-checklist/,printables,printable,4,1,0,3,3,0,0,1,1,0,ESTABLISHED,REPO_EVIDENCE
https://familyboard.win/checklists/printable-seasonal-home-checklist/,printables,printable,509,1,508,1,1,0,0,0,0,0.998,EMERGING,REPO_EVIDENCE
https://familyboard.win/contact/,support,support,509,1,508,505,505,3,0,112,357,0.998,STRONG,REPO_EVIDENCE
https://familyboard.win/disclaimer/,support,support,509,1,508,1,1,0,0,0,0,0.998,EMERGING,REPO_EVIDENCE
https://familyboard.win/editorial-policy/,support,support,1023,1,508,1020,1020,3,0,224,726,0.4966,STRONG,REPO_EVIDENCE
https://familyboard.win/features/emergency-information-organizer/,product,content,30,1,0,29,29,1,0,7,18,0,STRONG,REPO_EVIDENCE
https://familyboard.win/features/family-display-mode/,product,content,11,1,0,10,10,1,0,0,10,0,STRONG,REPO_EVIDENCE
https://familyboard.win/features/family-task-manager/,product,content,28,1,0,27,27,1,0,3,21,0,STRONG,REPO_EVIDENCE
https://familyboard.win/features/free-home-management-app/,product,content,35,1,0,34,34,1,0,5,28,0,STRONG,REPO_EVIDENCE
https://familyboard.win/features/home-dashboard/,product,content,26,1,0,25,25,1,0,2,20,0,STRONG,REPO_EVIDENCE
https://familyboard.win/features/home-inventory-tracker/,product,content,30,1,0,29,29,2,0,4,22,0,STRONG,REPO_EVIDENCE
https://familyboard.win/features/home-record-keeper/,inventory-warranty,content,2,1,0,1,1,1,0,0,1,0,EMERGING,REPO_EVIDENCE
https://familyboard.win/features/household-calendar/,product,content,10,1,0,9,9,1,0,0,7,0,STRONG,REPO_EVIDENCE
https://familyboard.win/features/household-documents-organizer/,product,content,23,1,0,22,22,1,0,4,17,0,STRONG,REPO_EVIDENCE
https://familyboard.win/features/household-handoff/,product,content,30,1,0,29,29,2,0,4,20,0,STRONG,REPO_EVIDENCE
https://familyboard.win/features/household-operations-system/,product,content,2,1,0,1,1,1,0,0,1,0,EMERGING,REPO_EVIDENCE
https://familyboard.win/features/household-subscription-tracker/,product,content,11,1,0,10,10,1,0,2,6,0,STRONG,REPO_EVIDENCE
https://familyboard.win/features/,product,content,509,509,508,3,3,1,0,0,2,0.998,ESTABLISHED,REPO_EVIDENCE
https://familyboard.win/features/local-first-home-organizer/,product,content,3,1,0,2,2,1,0,0,2,0,EMERGING,REPO_EVIDENCE
https://familyboard.win/features/maintenance-tracker/,product,content,44,1,0,43,43,2,0,3,38,0,STRONG,REPO_EVIDENCE
https://familyboard.win/features/no-account-family-organizer/,product,content,2,1,0,1,1,1,0,0,1,0,EMERGING,REPO_EVIDENCE
https://familyboard.win/features/offline-household-organizer/,product,content,4,1,0,3,3,1,0,0,3,0,ESTABLISHED,REPO_EVIDENCE
https://familyboard.win/features/private-family-organizer/,product,content,19,1,0,18,18,1,0,1,17,0,STRONG,REPO_EVIDENCE
https://familyboard.win/features/warranty-tracker/,product,content,14,1,0,13,13,1,0,2,9,0,STRONG,REPO_EVIDENCE
https://familyboard.win/guides/air-conditioner-maintenance-checklist/,appliances,content,509,1,508,4,4,1,0,0,3,0.998,ESTABLISHED,REPO_EVIDENCE
https://familyboard.win/guides/air-purifier-maintenance-guide/,appliances,content,2,1,0,1,1,1,0,0,0,0,EMERGING,REPO_EVIDENCE
https://familyboard.win/guides/annual-home-review/,maintenance,content,509,1,508,6,6,1,0,1,4,0.998,STRONG,REPO_EVIDENCE
https://familyboard.win/guides/annual-renewal-calendar/,household-operations,content,17,1,0,16,16,1,0,5,9,0,STRONG,REPO_EVIDENCE
https://familyboard.win/guides/apartment-maintenance-checklist/,maintenance,content,509,1,508,2,2,1,0,0,1,0.998,EMERGING,REPO_EVIDENCE
https://familyboard.win/guides/appliance-inventory/,inventory-warranty,content,21,1,0,20,20,1,0,4,14,0,STRONG,REPO_EVIDENCE
https://familyboard.win/guides/appliance-lifespan-planning/,inventory-warranty,content,6,1,0,5,5,1,0,1,3,0,ESTABLISHED,REPO_EVIDENCE
https://familyboard.win/guides/appliance-replacement-planning/,inventory-warranty,content,15,1,0,14,14,1,0,4,9,0,STRONG,REPO_EVIDENCE
https://familyboard.win/guides/bathroom-exhaust-fan-maintenance-checklist/,appliances,content,2,1,0,1,1,1,0,0,0,0,EMERGING,REPO_EVIDENCE
https://familyboard.win/guides/carbon-monoxide-alarm-records/,appliances,content,3,1,0,2,2,1,0,0,1,0,EMERGING,REPO_EVIDENCE
https://familyboard.win/guides/caregiver-handoff-checklist/,records-emergency,content,10,1,0,9,9,1,0,5,3,0,STRONG,REPO_EVIDENCE
https://familyboard.win/guides/ceiling-fan-maintenance-checklist/,appliances,content,2,1,0,1,1,1,0,0,0,0,EMERGING,REPO_EVIDENCE
https://familyboard.win/guides/chore-chart-for-adults/,household-operations,content,3,1,0,2,2,1,0,0,1,0,EMERGING,REPO_EVIDENCE
https://familyboard.win/guides/cleaning-schedule/,household-operations,content,6,1,0,5,5,1,0,1,2,0,ESTABLISHED,REPO_EVIDENCE
https://familyboard.win/guides/coffee-maker-maintenance-guide/,appliances,content,2,1,0,1,1,1,0,0,0,0,EMERGING,REPO_EVIDENCE
https://familyboard.win/guides/computer-electronics-inventory/,appliances,content,5,1,0,4,4,1,0,0,3,0,ESTABLISHED,REPO_EVIDENCE
https://familyboard.win/guides/condo-maintenance-checklist/,maintenance,content,509,1,508,1,1,1,0,0,0,0.998,EMERGING,REPO_EVIDENCE
https://familyboard.win/guides/contractor-records/,inventory-warranty,content,15,1,0,14,14,1,0,5,7,0,STRONG,REPO_EVIDENCE
https://familyboard.win/guides/deep-cleaning-tracker/,household-operations,content,6,1,0,5,5,1,0,1,2,0,ESTABLISHED,REPO_EVIDENCE
https://familyboard.win/guides/dehumidifier-maintenance-guide/,appliances,content,3,1,0,2,2,1,0,0,1,0,EMERGING,REPO_EVIDENCE
https://familyboard.win/guides/dehumidifier-maintenance-records/,appliances,content,2,1,0,1,1,1,0,0,0,0,EMERGING,REPO_EVIDENCE
https://familyboard.win/guides/digital-home-binder/,records-emergency,content,13,1,0,12,12,1,0,3,8,0,STRONG,REPO_EVIDENCE
https://familyboard.win/guides/digital-home-inventory-backup/,inventory-warranty,content,14,1,0,13,13,1,0,3,9,0,STRONG,REPO_EVIDENCE
https://familyboard.win/guides/dishwasher-maintenance-checklist/,appliances,content,509,1,508,2,2,1,0,0,1,0.998,EMERGING,REPO_EVIDENCE
https://familyboard.win/guides/divide-household-responsibilities/,household-operations,content,8,1,0,7,7,1,0,0,6,0,STRONG,REPO_EVIDENCE
https://familyboard.win/guides/dryer-maintenance-checklist/,appliances,content,509,1,508,2,2,1,0,0,1,0.998,EMERGING,REPO_EVIDENCE
https://familyboard.win/guides/electronics-inventory/,inventory-warranty,content,5,1,0,4,4,1,0,1,2,0,ESTABLISHED,REPO_EVIDENCE
https://familyboard.win/guides/emergency-binder/,records-emergency,content,9,1,0,8,8,1,0,3,3,0,STRONG,REPO_EVIDENCE
https://familyboard.win/guides/emergency-information-sheet/,records-emergency,content,25,1,0,24,24,1,0,7,14,0,STRONG,REPO_EVIDENCE
https://familyboard.win/guides/emergency-supply-inventory/,records-emergency,content,11,1,0,10,10,1,0,3,6,0,STRONG,REPO_EVIDENCE
https://familyboard.win/guides/fall-home-maintenance-checklist/,maintenance,content,509,1,508,4,4,1,0,0,2,0.998,ESTABLISHED,REPO_EVIDENCE
https://familyboard.win/guides/family-chore-system/,household-operations,content,12,1,0,11,11,1,0,2,7,0,STRONG,REPO_EVIDENCE
https://familyboard.win/guides/family-continuity-plan/,records-emergency,content,8,1,0,7,7,1,0,2,3,0,STRONG,REPO_EVIDENCE
https://familyboard.win/guides/family-emergency-contacts/,records-emergency,content,3,1,0,2,2,1,0,0,1,0,EMERGING,REPO_EVIDENCE
https://familyboard.win/guides/familyboard-accessibility-walkthrough-tutorial/,product,content,2,1,0,1,1,1,0,0,0,0,EMERGING,REPO_EVIDENCE
https://familyboard.win/guides/familyboard-annual-subscription-cost-calculator-tutorial/,household-operations,content,509,1,508,1,1,1,0,0,0,0.998,EMERGING,REPO_EVIDENCE
https://familyboard.win/guides/familyboard-app-first-run-restore-tutorial/,product,content,509,1,508,1,1,1,0,0,0,0.998,EMERGING,REPO_EVIDENCE
https://familyboard.win/guides/familyboard-appliance-age-calculator-tutorial/,tools,content,2,1,0,1,1,1,0,0,0,0,EMERGING,REPO_EVIDENCE
https://familyboard.win/guides/familyboard-appliance-maintenance-checklist-generator-tutorial/,appliances,content,509,1,508,1,1,1,0,0,0,0.998,EMERGING,REPO_EVIDENCE
https://familyboard.win/guides/familyboard-appliance-manual-source-check-tutorial/,appliances,content,509,1,508,1,1,1,0,0,0,0.998,EMERGING,REPO_EVIDENCE
https://familyboard.win/guides/familyboard-appliance-manual-source-tutorial/,appliances,content,509,1,508,1,1,1,0,0,0,0.998,EMERGING,REPO_EVIDENCE
https://familyboard.win/guides/familyboard-appliance-purchase-installation-tutorial/,appliances,content,509,1,508,1,1,1,0,0,0,0.998,EMERGING,REPO_EVIDENCE
https://familyboard.win/guides/familyboard-appliance-repair-callback-tutorial/,appliances,content,509,1,508,1,1,1,0,0,0,0.998,EMERGING,REPO_EVIDENCE
https://familyboard.win/guides/familyboard-appliance-replacement-planner-tutorial/,tools,content,2,1,0,1,1,1,0,0,0,0,EMERGING,REPO_EVIDENCE
https://familyboard.win/guides/familyboard-appliance-service-visit-tutorial/,appliances,content,509,1,508,1,1,1,0,0,0,0.998,EMERGING,REPO_EVIDENCE
https://familyboard.win/guides/familyboard-attachment-expiry-review-tutorial/,records-emergency,content,509,1,508,1,1,1,0,0,0,0.998,EMERGING,REPO_EVIDENCE
https://familyboard.win/guides/familyboard-attachment-metadata-tutorial/,product,content,509,1,508,1,1,1,0,0,0,0.998,EMERGING,REPO_EVIDENCE
https://familyboard.win/guides/familyboard-backup-recovery-checker-tutorial/,product,content,509,1,508,1,1,1,0,0,0,0.998,EMERGING,REPO_EVIDENCE
https://familyboard.win/guides/familyboard-backup-restore-rehearsal-tutorial/,product,content,509,1,508,1,1,1,0,0,0,0.998,EMERGING,REPO_EVIDENCE
https://familyboard.win/guides/familyboard-bill-review-tutorial/,product,content,509,1,508,1,1,1,0,0,0,0.998,EMERGING,REPO_EVIDENCE
https://familyboard.win/guides/familyboard-browser-storage-cleanup-tutorial/,product,content,509,1,508,1,1,1,0,0,0,0.998,EMERGING,REPO_EVIDENCE
https://familyboard.win/guides/familyboard-browser-storage-maintenance/,product,content,5,1,0,4,4,1,0,1,2,0,ESTABLISHED,REPO_EVIDENCE
https://familyboard.win/guides/familyboard-building-notice-response-tutorial/,records-emergency,content,509,1,508,1,1,1,0,0,0,0.998,EMERGING,REPO_EVIDENCE
https://familyboard.win/guides/familyboard-calendar-timezone-tutorial/,product,content,509,1,508,1,1,1,0,0,0,0.998,EMERGING,REPO_EVIDENCE
https://familyboard.win/guides/familyboard-calendar-tutorial/,household-operations,content,509,1,508,1,1,1,0,0,0,0.998,EMERGING,REPO_EVIDENCE
https://familyboard.win/guides/familyboard-caregiver-handoff-source-authorization-tutorial/,records-emergency,content,509,1,508,1,1,1,0,0,0,0.998,EMERGING,REPO_EVIDENCE
https://familyboard.win/guides/familyboard-cleaning-schedule-generator-tutorial/,tools,content,2,1,0,1,1,1,0,0,0,0,EMERGING,REPO_EVIDENCE
https://familyboard.win/guides/familyboard-clothing-care-repair-log-tutorial/,household-operations,content,509,1,508,1,1,1,0,0,0,0.998,EMERGING,REPO_EVIDENCE
https://familyboard.win/guides/familyboard-clothing-care-tutorial/,product,content,509,1,508,1,1,1,0,0,0,0.998,EMERGING,REPO_EVIDENCE
https://familyboard.win/guides/familyboard-consumable-change-history-tutorial/,maintenance,content,509,1,508,1,1,1,0,0,0,0.998,EMERGING,REPO_EVIDENCE
https://familyboard.win/guides/familyboard-contact-sensitivity-tutorial/,product,content,509,1,508,1,1,1,0,0,0,0.998,EMERGING,REPO_EVIDENCE
https://familyboard.win/guides/familyboard-data-export-redaction-tutorial/,records-emergency,content,509,1,508,1,1,1,0,0,0,0.998,EMERGING,REPO_EVIDENCE
https://familyboard.win/guides/familyboard-date-offset-planner-tutorial/,product,content,2,1,0,1,1,1,0,0,0,0,EMERGING,REPO_EVIDENCE
https://familyboard.win/guides/familyboard-device-retirement-tutorial/,records-emergency,content,509,1,508,2,2,1,0,0,1,0.998,EMERGING,REPO_EVIDENCE
https://familyboard.win/guides/familyboard-document-renewal-tutorial/,product,content,509,1,508,2,2,1,0,0,1,0.998,EMERGING,REPO_EVIDENCE
https://familyboard.win/guides/familyboard-document-source-handoff-tutorial/,records-emergency,content,509,1,508,1,1,1,0,0,0,0.998,EMERGING,REPO_EVIDENCE
https://familyboard.win/guides/familyboard-documents-source-review-tutorial/,product,content,509,1,508,1,1,1,0,0,0,0.998,EMERGING,REPO_EVIDENCE
https://familyboard.win/guides/familyboard-donation-handoff-tutorial/,product,content,509,1,508,2,2,1,0,0,1,0.998,EMERGING,REPO_EVIDENCE
https://familyboard.win/guides/familyboard-emergency-binder-generator-tutorial/,records-emergency,content,509,1,508,2,2,1,0,0,1,0.998,EMERGING,REPO_EVIDENCE
https://familyboard.win/guides/familyboard-emergency-contact-sheet-generator-tutorial/,records-emergency,content,509,1,508,2,2,1,0,0,1,0.998,EMERGING,REPO_EVIDENCE
https://familyboard.win/guides/familyboard-emergency-contact-verification-tutorial/,records-emergency,content,509,1,508,3,3,1,0,0,2,0.998,ESTABLISHED,REPO_EVIDENCE
https://familyboard.win/guides/familyboard-emergency-drill-tutorial/,records-emergency,content,509,1,508,1,1,1,0,0,0,0.998,EMERGING,REPO_EVIDENCE
https://familyboard.win/guides/familyboard-emergency-information-privacy-tutorial/,product,content,509,1,508,1,1,1,0,0,0,0.998,EMERGING,REPO_EVIDENCE
https://familyboard.win/guides/familyboard-emergency-supply-inventory-audit-tutorial/,records-emergency,content,509,1,508,2,2,1,0,0,1,0.998,EMERGING,REPO_EVIDENCE
https://familyboard.win/guides/familyboard-encrypted-backup-password-tutorial/,product,content,509,1,508,1,1,1,0,0,0,0.998,EMERGING,REPO_EVIDENCE
https://familyboard.win/guides/familyboard-event-duration-calculator-tutorial/,household-operations,content,509,1,508,1,1,1,0,0,0,0.998,EMERGING,REPO_EVIDENCE
https://familyboard.win/guides/familyboard-event-source-index-tutorial/,household-operations,content,509,1,508,2,2,1,0,0,1,0.998,EMERGING,REPO_EVIDENCE
https://familyboard.win/guides/familyboard-family-display-mode-setup/,product,content,3,1,0,2,2,1,0,0,1,0,EMERGING,REPO_EVIDENCE
https://familyboard.win/guides/familyboard-free-home-management-app-tutorial/,product,content,509,1,508,1,1,1,0,0,0,0.998,EMERGING,REPO_EVIDENCE
https://familyboard.win/guides/familyboard-guest-arrival-prep-tutorial/,product,content,509,1,508,2,2,1,0,0,1,0.998,EMERGING,REPO_EVIDENCE
https://familyboard.win/guides/familyboard-guest-service-visit-reset-tutorial/,household-operations,content,509,1,508,1,1,1,0,0,0,0.998,EMERGING,REPO_EVIDENCE
https://familyboard.win/guides/familyboard-handoff-acceptance-tutorial/,household-operations,content,509,1,508,1,1,1,0,0,0,0.998,EMERGING,REPO_EVIDENCE
https://familyboard.win/guides/familyboard-home-access-handoff-tutorial/,product,content,509,1,508,5,5,1,0,0,4,0.998,ESTABLISHED,REPO_EVIDENCE
https://familyboard.win/guides/familyboard-home-accessibility-walkthrough-log-tutorial/,household-operations,content,2,1,0,1,1,1,0,0,0,0,EMERGING,REPO_EVIDENCE
https://familyboard.win/guides/familyboard-home-care-billing-discrepancy-tutorial/,records-emergency,content,509,1,508,1,1,1,0,0,0,0.998,EMERGING,REPO_EVIDENCE
https://familyboard.win/guides/familyboard-home-care-complaint-response-resolution-tutorial/,records-emergency,content,509,1,508,1,1,1,0,0,0,0.998,EMERGING,REPO_EVIDENCE
https://familyboard.win/guides/familyboard-home-care-payment-refund-collection-notice-tutorial/,records-emergency,content,509,1,508,1,1,1,0,0,0,0.998,EMERGING,REPO_EVIDENCE
https://familyboard.win/guides/familyboard-home-care-service-interruption-backup-continuity-tutorial/,records-emergency,content,509,1,508,1,1,1,0,0,0,0.998,EMERGING,REPO_EVIDENCE
https://familyboard.win/guides/familyboard-home-care-service-plan-change-notice-tutorial/,records-emergency,content,509,1,508,2,2,1,0,0,1,0.998,EMERGING,REPO_EVIDENCE
https://familyboard.win/guides/familyboard-home-care-visit-scope-service-result-tutorial/,records-emergency,content,509,1,508,1,1,1,0,0,0,0.998,EMERGING,REPO_EVIDENCE
https://familyboard.win/guides/familyboard-home-closure-reopening-tutorial/,maintenance,content,509,1,508,1,1,1,0,0,0,0.998,EMERGING,REPO_EVIDENCE
https://familyboard.win/guides/familyboard-home-dashboard-weekly-review-tutorial/,household-operations,content,509,1,508,2,2,1,0,0,1,0.998,EMERGING,REPO_EVIDENCE
https://familyboard.win/guides/familyboard-home-emergency-drill-record-tutorial/,records-emergency,content,509,1,508,1,1,1,0,0,0,0.998,EMERGING,REPO_EVIDENCE
https://familyboard.win/guides/familyboard-home-handoff-summary-generator-tutorial/,household-operations,content,509,1,508,1,1,1,0,0,0,0.998,EMERGING,REPO_EVIDENCE
https://familyboard.win/guides/familyboard-home-inventory-checklist-generator-tutorial/,inventory-warranty,content,509,1,508,1,1,1,0,0,0,0.998,EMERGING,REPO_EVIDENCE
https://familyboard.win/guides/familyboard-home-maintenance-cost-tracker-tutorial/,inventory-warranty,content,509,1,508,1,1,1,0,0,0,0.998,EMERGING,REPO_EVIDENCE
https://familyboard.win/guides/familyboard-home-maintenance-schedule-generator-tutorial/,maintenance,content,509,1,508,2,2,1,0,0,1,0.998,EMERGING,REPO_EVIDENCE
https://familyboard.win/guides/familyboard-home-repair-change-order-tutorial/,maintenance,content,509,1,508,1,1,1,0,0,0,0.998,EMERGING,REPO_EVIDENCE
https://familyboard.win/guides/familyboard-home-repair-closeout-checklist-tutorial/,tools,content,2,1,0,1,1,1,0,0,0,0,EMERGING,REPO_EVIDENCE
https://familyboard.win/guides/familyboard-home-repair-cost-log-tutorial/,inventory-warranty,content,509,1,508,1,1,1,0,0,0,0.998,EMERGING,REPO_EVIDENCE
https://familyboard.win/guides/familyboard-home-service-provider-verification-tutorial/,household-operations,content,509,1,508,1,1,1,0,0,0,0.998,EMERGING,REPO_EVIDENCE
https://familyboard.win/guides/familyboard-home-service-reminder-generator-tutorial/,household-operations,content,509,1,508,1,1,1,0,0,0,0.998,EMERGING,REPO_EVIDENCE
https://familyboard.win/guides/familyboard-house-sitter-instruction-generator-tutorial/,household-operations,content,509,1,508,1,1,1,0,0,0,0.998,EMERGING,REPO_EVIDENCE
https://familyboard.win/guides/familyboard-household-account-list-tutorial/,household-operations,content,509,1,508,3,3,1,0,0,2,0.998,ESTABLISHED,REPO_EVIDENCE
https://familyboard.win/guides/familyboard-household-admin-backup-tutorial/,records-emergency,content,509,1,508,3,3,1,0,0,2,0.998,ESTABLISHED,REPO_EVIDENCE
https://familyboard.win/guides/familyboard-household-admin-escalation-tutorial/,household-operations,content,509,1,508,1,1,1,0,0,0,0.998,EMERGING,REPO_EVIDENCE
https://familyboard.win/guides/familyboard-household-annual-review-generator-tutorial/,household-operations,content,509,1,508,1,1,1,0,0,0,0.998,EMERGING,REPO_EVIDENCE
https://familyboard.win/guides/familyboard-household-availability-window-tutorial/,household-operations,content,509,1,508,1,1,1,0,0,0,0.998,EMERGING,REPO_EVIDENCE
https://familyboard.win/guides/familyboard-household-backup-recovery-checker-tutorial/,product,content,509,1,508,1,1,1,0,0,0,0.998,EMERGING,REPO_EVIDENCE
https://familyboard.win/guides/familyboard-household-bill-source-status-tutorial/,household-operations,content,509,1,508,1,1,1,0,0,0,0.998,EMERGING,REPO_EVIDENCE
https://familyboard.win/guides/familyboard-household-decision-log-tutorial/,household-operations,content,509,1,508,1,1,1,0,0,0,0.998,EMERGING,REPO_EVIDENCE
https://familyboard.win/guides/familyboard-household-decision-register-tutorial/,household-operations,content,509,1,508,1,1,1,0,0,0,0.998,EMERGING,REPO_EVIDENCE
https://familyboard.win/guides/familyboard-household-document-index-generator-tutorial/,records-emergency,content,509,1,508,1,1,1,0,0,0,0.998,EMERGING,REPO_EVIDENCE
https://familyboard.win/guides/familyboard-household-document-redaction-tutorial/,records-emergency,content,509,1,508,1,1,1,0,0,0,0.998,EMERGING,REPO_EVIDENCE
https://familyboard.win/guides/familyboard-household-export-scope-review-tutorial/,product,content,509,1,508,1,1,1,0,0,0,0.998,EMERGING,REPO_EVIDENCE
https://familyboard.win/guides/familyboard-household-handoff-tutorial/,product,content,11,1,0,10,10,1,0,1,8,0,STRONG,REPO_EVIDENCE
https://familyboard.win/guides/familyboard-household-language-preference-handoff-tutorial/,support,content,509,1,508,1,1,1,0,0,0,0.998,EMERGING,REPO_EVIDENCE
https://familyboard.win/guides/familyboard-household-meeting-agenda-action-log-tutorial/,household-operations,content,509,1,508,1,1,1,0,0,0,0.998,EMERGING,REPO_EVIDENCE
https://familyboard.win/guides/familyboard-household-meeting-tutorial/,product,content,509,1,508,4,4,1,0,0,3,0.998,ESTABLISHED,REPO_EVIDENCE
https://familyboard.win/guides/familyboard-household-members-responsibilities-tutorial/,product,content,509,1,508,1,1,1,0,0,0,0.998,EMERGING,REPO_EVIDENCE
https://familyboard.win/guides/familyboard-household-notification-routing-tutorial/,household-operations,content,509,1,508,1,1,1,0,0,0,0.998,EMERGING,REPO_EVIDENCE
https://familyboard.win/guides/familyboard-household-quiet-hours-tutorial/,household-operations,content,509,1,508,1,1,1,0,0,0,0.998,EMERGING,REPO_EVIDENCE
https://familyboard.win/guides/familyboard-household-responsibility-coverage-map-tutorial/,household-operations,content,509,1,508,1,1,1,0,0,0,0.998,EMERGING,REPO_EVIDENCE
https://familyboard.win/guides/familyboard-household-responsibility-coverage-tutorial/,household-operations,content,509,1,508,2,2,1,0,0,1,0.998,EMERGING,REPO_EVIDENCE
https://familyboard.win/guides/familyboard-household-return-handoff-tutorial/,product,content,509,1,508,3,3,1,0,0,2,0.998,ESTABLISHED,REPO_EVIDENCE
https://familyboard.win/guides/familyboard-household-role-change-audit-tutorial/,household-operations,content,509,1,508,1,1,1,0,0,0,0.998,EMERGING,REPO_EVIDENCE
https://familyboard.win/guides/familyboard-household-shopping-list-planner-tutorial/,household-operations,content,509,1,508,1,1,1,0,0,0,0.998,EMERGING,REPO_EVIDENCE
https://familyboard.win/guides/familyboard-household-subscription-cost-calculator-tutorial/,household-operations,content,509,1,508,2,2,1,0,0,1,0.998,EMERGING,REPO_EVIDENCE
https://familyboard.win/guides/familyboard-household-task-dependency-map-tutorial/,household-operations,content,509,1,508,1,1,1,0,0,0,0.998,EMERGING,REPO_EVIDENCE
https://familyboard.win/guides/familyboard-household-task-load-calculator-tutorial/,household-operations,content,509,1,508,1,1,1,0,0,0,0.998,EMERGING,REPO_EVIDENCE
https://familyboard.win/guides/familyboard-household-time-window-overlap-checker-tutorial/,household-operations,content,509,1,508,1,1,1,0,0,0,0.998,EMERGING,REPO_EVIDENCE
https://familyboard.win/guides/familyboard-important-household-document-review-tutorial/,household-operations,content,509,1,508,1,1,1,0,0,0,0.998,EMERGING,REPO_EVIDENCE
https://familyboard.win/guides/familyboard-insurance-claim-timeline-tutorial/,records-emergency,content,3,1,0,2,2,1,0,0,1,0,EMERGING,REPO_EVIDENCE
https://familyboard.win/guides/familyboard-insurance-policy-source-version-tutorial/,inventory-warranty,content,509,1,508,1,1,1,0,0,0,0.998,EMERGING,REPO_EVIDENCE
https://familyboard.win/guides/familyboard-internet-incident-tutorial/,product,content,509,1,508,1,1,1,0,0,0,0.998,EMERGING,REPO_EVIDENCE
https://familyboard.win/guides/familyboard-mail-package-handoff-log-tutorial/,household-operations,content,2,1,0,1,1,1,0,0,0,0,EMERGING,REPO_EVIDENCE
https://familyboard.win/guides/familyboard-mail-package-handoff-tutorial/,product,content,509,1,508,2,2,1,0,0,1,0.998,EMERGING,REPO_EVIDENCE
https://familyboard.win/guides/familyboard-maintenance-delegation-map-tutorial/,tools,content,2,1,0,1,1,1,0,0,0,0,EMERGING,REPO_EVIDENCE
https://familyboard.win/guides/familyboard-maintenance-event-cost-tutorial/,maintenance,content,509,1,508,1,1,1,0,0,0,0.998,EMERGING,REPO_EVIDENCE
https://familyboard.win/guides/familyboard-maintenance-evidence-confidence-tutorial/,maintenance,content,509,1,508,1,1,1,0,0,0,0.998,EMERGING,REPO_EVIDENCE
https://familyboard.win/guides/familyboard-maintenance-history-review/,maintenance,content,509,1,508,2,2,1,0,0,1,0.998,EMERGING,REPO_EVIDENCE
https://familyboard.win/guides/familyboard-maintenance-priority-review-tutorial/,maintenance,content,509,1,508,2,2,1,0,0,1,0.998,EMERGING,REPO_EVIDENCE
https://familyboard.win/guides/familyboard-maintenance-tracker-tutorial/,maintenance,content,509,1,508,1,1,1,0,0,0,0.998,EMERGING,REPO_EVIDENCE
https://familyboard.win/guides/familyboard-master-csv-edit-import/,product,content,509,1,508,2,2,1,0,0,1,0.998,EMERGING,REPO_EVIDENCE
https://familyboard.win/guides/familyboard-master-csv-edit-import-tutorial/,product,content,509,1,508,1,1,1,0,0,0,0.998,EMERGING,REPO_EVIDENCE
https://familyboard.win/guides/familyboard-meal-prep-role-log-tutorial/,household-operations,content,509,1,508,1,1,1,0,0,0,0.998,EMERGING,REPO_EVIDENCE
https://familyboard.win/guides/familyboard-meal-prep-tutorial/,product,content,509,1,508,1,1,1,0,0,0,0.998,EMERGING,REPO_EVIDENCE
https://familyboard.win/guides/familyboard-medical-information-source-handoff-tutorial/,records-emergency,content,509,1,508,1,1,1,0,0,0,0.998,EMERGING,REPO_EVIDENCE
https://familyboard.win/guides/familyboard-member-archive-tutorial/,product,content,509,1,508,1,1,1,0,0,0,0.998,EMERGING,REPO_EVIDENCE
https://familyboard.win/guides/familyboard-meter-reading-tutorial/,product,content,509,1,508,1,1,1,0,0,0,0.998,EMERGING,REPO_EVIDENCE
https://familyboard.win/guides/familyboard-monthly-review-action-tutorial/,product,content,509,1,508,5,5,1,0,1,3,0.998,ESTABLISHED,REPO_EVIDENCE
https://familyboard.win/guides/familyboard-move-in-checklist-generator-tutorial/,household-operations,content,509,1,508,1,1,1,0,0,0,0.998,EMERGING,REPO_EVIDENCE
https://familyboard.win/guides/familyboard-move-out-condition-report-generator-tutorial/,household-operations,content,509,1,508,1,1,1,0,0,0,0.998,EMERGING,REPO_EVIDENCE
https://familyboard.win/guides/familyboard-move-out-condition-tutorial/,product,content,509,1,508,1,1,1,0,0,0,0.998,EMERGING,REPO_EVIDENCE
https://familyboard.win/guides/familyboard-moving-box-handover-log-tutorial/,household-operations,content,509,1,508,1,1,1,0,0,0,0.998,EMERGING,REPO_EVIDENCE
https://familyboard.win/guides/familyboard-offline-backup-restore/,product,content,15,1,0,14,14,1,0,1,12,0,STRONG,REPO_EVIDENCE
https://familyboard.win/guides/familyboard-old-tablet-display-tutorial/,product,content,509,1,508,1,1,1,0,0,0,0.998,EMERGING,REPO_EVIDENCE
https://familyboard.win/guides/familyboard-pantry-expiry-review-log-tutorial/,household-operations,content,509,1,508,1,1,1,0,0,0,0.998,EMERGING,REPO_EVIDENCE
https://familyboard.win/guides/familyboard-pantry-review-tutorial/,product,content,509,1,508,2,2,1,0,0,1,0.998,EMERGING,REPO_EVIDENCE
https://familyboard.win/guides/familyboard-pet-record-source-handoff-tutorial/,tools,content,2,1,0,1,1,1,0,0,0,0,EMERGING,REPO_EVIDENCE
https://familyboard.win/guides/familyboard-pet-sitter-instruction-generator-tutorial/,records-emergency,content,509,1,508,1,1,1,0,0,0,0.998,EMERGING,REPO_EVIDENCE
https://familyboard.win/guides/familyboard-photo-inventory-tutorial/,product,content,509,1,508,1,1,1,0,0,0,0.998,EMERGING,REPO_EVIDENCE
https://familyboard.win/guides/familyboard-plant-care-handoff-log-tutorial/,household-operations,content,2,1,0,1,1,1,0,0,0,0,EMERGING,REPO_EVIDENCE
https://familyboard.win/guides/familyboard-plant-care-handoff-tutorial/,product,content,509,1,508,1,1,1,0,0,0,0.998,EMERGING,REPO_EVIDENCE
https://familyboard.win/guides/familyboard-power-outage-event-log-tutorial/,product,content,509,1,508,3,3,1,0,1,1,0.998,ESTABLISHED,REPO_EVIDENCE
https://familyboard.win/guides/familyboard-printout-download-retention-tutorial/,product,content,509,1,508,1,1,1,0,0,0,0.998,EMERGING,REPO_EVIDENCE
https://familyboard.win/guides/familyboard-privacy-review-handoff-tutorial/,records-emergency,content,509,1,508,1,1,1,0,0,0,0.998,EMERGING,REPO_EVIDENCE
https://familyboard.win/guides/familyboard-private-family-organizer-tutorial/,product,content,509,1,508,2,2,1,0,0,1,0.998,EMERGING,REPO_EVIDENCE
https://familyboard.win/guides/familyboard-product-recall-action-log-tutorial/,appliances,content,509,1,508,1,1,1,0,0,0,0.998,EMERGING,REPO_EVIDENCE
https://familyboard.win/guides/familyboard-product-recall-action-tutorial/,product,content,509,1,508,1,1,1,0,0,0,0.998,EMERGING,REPO_EVIDENCE
https://familyboard.win/guides/familyboard-purchase-comparison-tutorial/,household-operations,content,509,1,508,1,1,1,0,0,0,0.998,EMERGING,REPO_EVIDENCE
https://familyboard.win/guides/familyboard-purchase-delivery-evidence-tutorial/,inventory-warranty,content,509,1,508,1,1,1,0,0,0,0.998,EMERGING,REPO_EVIDENCE
https://familyboard.win/guides/familyboard-pwa-update-tutorial/,product,content,509,1,508,1,1,1,0,0,0,0.998,EMERGING,REPO_EVIDENCE
https://familyboard.win/guides/familyboard-receipt-retention-organizer-tutorial/,inventory-warranty,content,509,1,508,1,1,1,0,0,0,0.998,EMERGING,REPO_EVIDENCE
https://familyboard.win/guides/familyboard-receipt-source-verification-tutorial/,inventory-warranty,content,509,1,508,1,1,1,0,0,0,0.998,EMERGING,REPO_EVIDENCE
https://familyboard.win/guides/familyboard-record-linking-tutorial/,product,content,2,1,0,1,1,1,0,0,0,0,EMERGING,REPO_EVIDENCE
https://familyboard.win/guides/familyboard-record-retention-decision-log-tutorial/,tools,content,2,1,0,1,1,1,0,0,0,0,EMERGING,REPO_EVIDENCE
https://familyboard.win/guides/familyboard-record-retention-decision-tutorial/,records-emergency,content,509,1,508,1,1,1,0,0,0,0.998,EMERGING,REPO_EVIDENCE
https://familyboard.win/guides/familyboard-record-retrieval-drill-tutorial/,records-emergency,content,509,1,508,1,1,1,0,0,0,0.998,EMERGING,REPO_EVIDENCE
https://familyboard.win/guides/familyboard-record-retrieval-practice-tutorial/,records-emergency,content,509,1,508,1,1,1,0,0,0,0.998,EMERGING,REPO_EVIDENCE
https://familyboard.win/guides/familyboard-recurring-chore-planner-tutorial/,household-operations,content,509,1,508,1,1,1,0,0,0,0.998,EMERGING,REPO_EVIDENCE
https://familyboard.win/guides/familyboard-recycling-handoff-tutorial/,product,content,509,1,508,2,2,1,0,0,1,0.998,EMERGING,REPO_EVIDENCE
https://familyboard.win/guides/familyboard-rental-home-maintenance-handoff-tutorial/,maintenance,content,509,1,508,1,1,1,0,0,0,0.998,EMERGING,REPO_EVIDENCE
https://familyboard.win/guides/familyboard-rental-repair-request-tutorial/,records-emergency,content,509,1,508,1,1,1,0,0,0,0.998,EMERGING,REPO_EVIDENCE
https://familyboard.win/guides/familyboard-rental-security-deposit-move-out-tutorial/,records-emergency,content,509,1,508,1,1,1,0,0,0,0.998,EMERGING,REPO_EVIDENCE
https://familyboard.win/guides/familyboard-repair-change-order-tutorial/,maintenance,content,509,1,508,1,1,1,0,0,0,0.998,EMERGING,REPO_EVIDENCE
https://familyboard.win/guides/familyboard-repair-evidence-timeline-tutorial/,records-emergency,content,509,1,508,1,1,1,0,0,0,0.998,EMERGING,REPO_EVIDENCE
https://familyboard.win/guides/familyboard-repair-punch-list-review-tutorial/,maintenance,content,509,1,508,1,1,1,0,0,0,0.998,EMERGING,REPO_EVIDENCE
https://familyboard.win/guides/familyboard-repair-punch-list-tutorial/,maintenance,content,509,1,508,2,2,1,0,0,1,0.998,EMERGING,REPO_EVIDENCE
https://familyboard.win/guides/familyboard-replacement-part-source-check-log-tutorial/,inventory-warranty,content,509,1,508,1,1,1,0,0,0,0.998,EMERGING,REPO_EVIDENCE
https://familyboard.win/guides/familyboard-replacement-part-source-check-tutorial/,inventory-warranty,content,509,1,508,1,1,1,0,0,0,0.998,EMERGING,REPO_EVIDENCE
https://familyboard.win/guides/familyboard-reset-local-household-tutorial/,product,content,509,1,508,1,1,1,0,0,0,0.998,EMERGING,REPO_EVIDENCE
https://familyboard.win/guides/familyboard-restore-merge-replace-tutorial/,product,content,509,1,508,1,1,1,0,0,0,0.998,EMERGING,REPO_EVIDENCE
https://familyboard.win/guides/familyboard-room-inventory-generator-tutorial/,inventory-warranty,content,509,1,508,1,1,1,0,0,0,0.998,EMERGING,REPO_EVIDENCE
https://familyboard.win/guides/familyboard-router-support-review-tutorial/,records-emergency,content,509,1,508,1,1,1,0,0,0,0.998,EMERGING,REPO_EVIDENCE
https://familyboard.win/guides/familyboard-schedule-conflict-review-tutorial/,product,content,509,1,508,2,2,1,0,0,1,0.998,EMERGING,REPO_EVIDENCE
https://familyboard.win/guides/familyboard-school-activity-handoff-tutorial/,product,content,509,1,508,1,1,1,0,0,0,0.998,EMERGING,REPO_EVIDENCE
https://familyboard.win/guides/familyboard-school-closure-continuity-tutorial/,records-emergency,content,509,1,508,3,3,1,0,0,2,0.998,ESTABLISHED,REPO_EVIDENCE
https://familyboard.win/guides/familyboard-school-pickup-handoff-tutorial/,product,content,509,1,508,2,2,1,0,0,1,0.998,EMERGING,REPO_EVIDENCE
https://familyboard.win/guides/familyboard-school-record-source-handoff-tutorial/,records-emergency,content,509,1,508,1,1,1,0,0,0,0.998,EMERGING,REPO_EVIDENCE
https://familyboard.win/guides/familyboard-seasonal-reset-tutorial/,household-operations,content,509,1,508,1,1,1,0,0,0,0.998,EMERGING,REPO_EVIDENCE
https://familyboard.win/guides/familyboard-service-appointment-handoff-tutorial/,product,content,509,1,508,2,2,1,0,0,1,0.998,EMERGING,REPO_EVIDENCE
https://familyboard.win/guides/familyboard-service-provider-verification-tutorial/,maintenance,content,509,1,508,1,1,1,0,0,0,0.998,EMERGING,REPO_EVIDENCE
https://familyboard.win/guides/familyboard-service-quote-comparison-tutorial/,product,content,509,1,508,1,1,1,0,0,0,0.998,EMERGING,REPO_EVIDENCE
https://familyboard.win/guides/familyboard-share-access-tutorial/,product,content,509,1,508,4,4,1,0,0,3,0.998,ESTABLISHED,REPO_EVIDENCE
https://familyboard.win/guides/familyboard-shared-device-privacy-review-tutorial/,product,content,509,1,508,1,1,1,0,0,0,0.998,EMERGING,REPO_EVIDENCE
https://familyboard.win/guides/familyboard-shared-display-privacy-tutorial/,product,content,509,1,508,1,1,1,0,0,0,0.998,EMERGING,REPO_EVIDENCE
https://familyboard.win/guides/familyboard-shopping-list-planner-tutorial/,household-operations,content,509,1,508,1,1,1,0,0,0,0.998,EMERGING,REPO_EVIDENCE
https://familyboard.win/guides/familyboard-storage-health-warning-tutorial/,product,content,509,1,508,1,1,1,0,0,0,0.998,EMERGING,REPO_EVIDENCE
https://familyboard.win/guides/familyboard-storage-open-error-tutorial/,product,content,509,1,508,1,1,1,0,0,0,0.998,EMERGING,REPO_EVIDENCE
https://familyboard.win/guides/familyboard-storage-unit-access-inventory-log-tutorial/,household-operations,content,509,1,508,1,1,1,0,0,0,0.998,EMERGING,REPO_EVIDENCE
https://familyboard.win/guides/familyboard-storm-readiness-review-tutorial/,records-emergency,content,509,1,508,1,1,1,0,0,0,0.998,EMERGING,REPO_EVIDENCE
https://familyboard.win/guides/familyboard-subscription-cancellation-handoff-tutorial/,product,content,509,1,508,1,1,1,0,0,0,0.998,EMERGING,REPO_EVIDENCE
https://familyboard.win/guides/familyboard-subscription-cancellation-result-review-tutorial/,household-operations,content,509,1,508,1,1,1,0,0,0,0.998,EMERGING,REPO_EVIDENCE
https://familyboard.win/guides/familyboard-subscription-renewal-review/,household-operations,content,509,1,508,1,1,1,0,0,0,0.998,EMERGING,REPO_EVIDENCE
https://familyboard.win/guides/familyboard-task-completion-tutorial/,product,content,509,1,508,1,1,1,0,0,0,0.998,EMERGING,REPO_EVIDENCE
https://familyboard.win/guides/familyboard-task-load-calculator-tutorial/,product,content,509,1,508,1,1,1,0,0,0,0.998,EMERGING,REPO_EVIDENCE
https://familyboard.win/guides/familyboard-time-window-overlap-checker-tutorial/,product,content,2,1,0,1,1,1,0,0,0,0,EMERGING,REPO_EVIDENCE
https://familyboard.win/guides/familyboard-trip-handoff-tutorial/,product,content,509,1,508,4,4,1,0,0,3,0.998,ESTABLISHED,REPO_EVIDENCE
https://familyboard.win/guides/familyboard-trip-packing-handoff-log-tutorial/,household-operations,content,509,1,508,1,1,1,0,0,0,0.998,EMERGING,REPO_EVIDENCE
https://familyboard.win/guides/familyboard-utility-bill-anomaly-log-tutorial/,tools,content,2,1,0,1,1,1,0,0,0,0,EMERGING,REPO_EVIDENCE
https://familyboard.win/guides/familyboard-utility-bill-difference-tutorial/,tools,content,2,1,0,1,1,1,0,0,0,0,EMERGING,REPO_EVIDENCE
https://familyboard.win/guides/familyboard-utility-provider-handoff-tutorial/,records-emergency,content,509,1,508,1,1,1,0,0,0,0.998,EMERGING,REPO_EVIDENCE
https://familyboard.win/guides/familyboard-vacation-shutdown-checklist-generator-tutorial/,household-operations,content,509,1,508,1,1,1,0,0,0,0.998,EMERGING,REPO_EVIDENCE
https://familyboard.win/guides/familyboard-vehicle-document-source-status-tutorial/,records-emergency,content,509,1,508,1,1,1,0,0,0,0.998,EMERGING,REPO_EVIDENCE
https://familyboard.win/guides/familyboard-vendor-onboarding-tutorial/,maintenance,content,509,1,508,1,1,1,0,0,0,0.998,EMERGING,REPO_EVIDENCE
https://familyboard.win/guides/familyboard-warranty-checklist-generator-tutorial/,inventory-warranty,content,509,1,508,2,2,1,0,0,1,0.998,EMERGING,REPO_EVIDENCE
https://familyboard.win/guides/familyboard-warranty-claim-evidence-log-tutorial/,inventory-warranty,content,509,1,508,1,1,1,0,0,0,0.998,EMERGING,REPO_EVIDENCE
https://familyboard.win/guides/familyboard-warranty-expiration-calculator-tutorial/,inventory-warranty,content,509,1,508,1,1,1,0,0,0,0.998,EMERGING,REPO_EVIDENCE
https://familyboard.win/guides/familyboard-warranty-tracker-tutorial/,inventory-warranty,content,509,1,508,1,1,1,0,0,0,0.998,EMERGING,REPO_EVIDENCE
https://familyboard.win/guides/familyboard-water-leak-event-log-tutorial/,product,content,509,1,508,1,1,1,0,0,0,0.998,EMERGING,REPO_EVIDENCE
https://familyboard.win/guides/familyboard-weekly-household-decision-review-tutorial/,household-operations,content,509,1,508,1,1,1,0,0,0,0.998,EMERGING,REPO_EVIDENCE
https://familyboard.win/guides/familyboard-weekly-reset-action-tutorial/,product,content,509,1,508,2,2,1,0,0,1,0.998,EMERGING,REPO_EVIDENCE
https://familyboard.win/guides/fire-extinguisher-records/,appliances,content,3,1,0,2,2,1,0,0,1,0,EMERGING,REPO_EVIDENCE
https://familyboard.win/guides/first-time-homeowner-maintenance-guide/,maintenance,content,509,1,508,4,4,1,0,1,2,0.998,ESTABLISHED,REPO_EVIDENCE
https://familyboard.win/guides/freezer-maintenance-checklist/,appliances,content,509,1,508,1,1,1,0,0,0,0.998,EMERGING,REPO_EVIDENCE
https://familyboard.win/guides/furnace-maintenance-records/,appliances,content,6,1,0,5,5,1,0,0,4,0,ESTABLISHED,REPO_EVIDENCE
https://familyboard.win/guides/furniture-inventory/,inventory-warranty,content,2,1,0,1,1,1,0,0,0,0,EMERGING,REPO_EVIDENCE
https://familyboard.win/guides/garbage-disposal-maintenance-guide/,appliances,content,2,1,0,1,1,1,0,0,0,0,EMERGING,REPO_EVIDENCE
https://familyboard.win/guides/guest-preparation-checklist/,household-operations,content,3,1,0,2,2,1,0,0,1,0,EMERGING,REPO_EVIDENCE
https://familyboard.win/guides/heat-pump-maintenance-records/,appliances,content,2,1,0,1,1,1,0,0,0,0,EMERGING,REPO_EVIDENCE
https://familyboard.win/guides/home-contact-list/,household-operations,content,4,1,0,3,3,1,0,0,1,0,ESTABLISHED,REPO_EVIDENCE
https://familyboard.win/guides/home-evacuation-information/,records-emergency,content,5,1,0,4,4,1,0,2,1,0,ESTABLISHED,REPO_EVIDENCE
https://familyboard.win/guides/home-improvement-receipts/,inventory-warranty,content,10,1,0,9,9,1,0,4,4,0,STRONG,REPO_EVIDENCE
https://familyboard.win/guides/home-inventory-checklist/,inventory-warranty,content,7,1,0,6,6,1,0,1,3,0,STRONG,REPO_EVIDENCE
https://familyboard.win/guides/home-inventory-for-insurance/,inventory-warranty,content,10,1,0,9,9,1,0,2,6,0,STRONG,REPO_EVIDENCE
https://familyboard.win/guides/home-maintenance-after-vacation/,maintenance,content,509,1,508,4,4,1,0,0,3,0.998,ESTABLISHED,REPO_EVIDENCE
https://familyboard.win/guides/home-maintenance-binder/,maintenance,content,509,1,508,1,1,1,0,0,0,0.998,EMERGING,REPO_EVIDENCE
https://familyboard.win/guides/home-maintenance-budget/,maintenance,content,509,1,508,5,5,1,0,1,3,0.998,ESTABLISHED,REPO_EVIDENCE
https://familyboard.win/guides/home-maintenance-calendar/,maintenance,content,509,1,508,5,5,1,0,1,3,0.998,ESTABLISHED,REPO_EVIDENCE
https://familyboard.win/guides/home-maintenance-delegation/,maintenance,content,509,1,508,5,5,1,0,1,3,0.998,ESTABLISHED,REPO_EVIDENCE
https://familyboard.win/guides/home-maintenance-log/,maintenance,content,5,1,0,4,4,1,0,0,3,0,ESTABLISHED,REPO_EVIDENCE
https://familyboard.win/guides/home-maintenance-records/,maintenance,content,509,1,508,9,9,1,0,0,8,0.998,STRONG,REPO_EVIDENCE
https://familyboard.win/guides/home-maintenance-reminders/,maintenance,content,509,1,508,9,9,1,0,1,7,0.998,STRONG,REPO_EVIDENCE
https://familyboard.win/guides/home-maintenance-schedule/,maintenance,content,8,1,0,7,7,1,0,2,3,0,STRONG,REPO_EVIDENCE
https://familyboard.win/guides/home-purchase-records/,inventory-warranty,content,6,1,0,5,5,1,0,1,3,0,ESTABLISHED,REPO_EVIDENCE
https://familyboard.win/guides/home-repair-history/,maintenance,content,509,1,508,13,13,1,0,4,7,0.998,STRONG,REPO_EVIDENCE
https://familyboard.win/guides/home-service-provider-list/,maintenance,content,19,1,0,18,18,1,0,3,13,0,STRONG,REPO_EVIDENCE
https://familyboard.win/guides/house-sitter-information/,records-emergency,content,9,1,0,8,8,1,0,1,5,0,STRONG,REPO_EVIDENCE
https://familyboard.win/guides/household-account-list/,household-operations,content,10,1,0,9,9,1,0,3,5,0,STRONG,REPO_EVIDENCE
https://familyboard.win/guides/household-admin-backup-person/,records-emergency,content,17,1,0,16,16,1,0,5,9,0,STRONG,REPO_EVIDENCE
https://familyboard.win/guides/household-admin-day/,household-operations,content,2,1,0,1,1,1,0,0,0,0,EMERGING,REPO_EVIDENCE
https://familyboard.win/guides/household-documents-organizer/,records-emergency,content,10,1,0,9,9,1,0,3,5,0,STRONG,REPO_EVIDENCE
https://familyboard.win/guides/household-handoff/,records-emergency,content,3,1,0,2,2,1,0,0,1,0,EMERGING,REPO_EVIDENCE
https://familyboard.win/guides/household-management-checklist/,household-operations,content,5,1,0,4,4,1,0,2,1,0,ESTABLISHED,REPO_EVIDENCE
https://familyboard.win/guides/household-medical-information-organization/,records-emergency,content,7,1,0,6,6,1,0,4,1,0,STRONG,REPO_EVIDENCE
https://familyboard.win/guides/household-monthly-review/,household-operations,content,509,1,508,11,11,1,0,1,8,0.998,STRONG,REPO_EVIDENCE
https://familyboard.win/guides/household-replacement-reserve/,inventory-warranty,content,5,1,0,4,4,1,0,1,2,0,ESTABLISHED,REPO_EVIDENCE
https://familyboard.win/guides/household-shopping-staples/,household-operations,content,2,1,0,1,1,1,0,0,0,0,EMERGING,REPO_EVIDENCE
https://familyboard.win/guides/household-supplies-inventory/,household-operations,content,510,1,508,16,16,1,0,4,11,0.9961,STRONG,REPO_EVIDENCE
https://familyboard.win/guides/household-weekly-reset/,household-operations,content,16,1,0,15,15,1,0,0,14,0,STRONG,REPO_EVIDENCE
https://familyboard.win/guides/how-long-to-keep-household-records/,records-emergency,content,9,1,0,8,8,1,0,3,4,0,STRONG,REPO_EVIDENCE
https://familyboard.win/guides/how-to-track-product-warranties/,inventory-warranty,content,18,1,0,17,17,1,0,5,9,0,STRONG,REPO_EVIDENCE
https://familyboard.win/guides/humidifier-maintenance-guide/,appliances,content,3,1,0,2,2,1,0,0,1,0,EMERGING,REPO_EVIDENCE
https://familyboard.win/guides/hvac-filter-tracker/,appliances,content,10,1,0,9,9,1,0,1,7,0,STRONG,REPO_EVIDENCE
https://familyboard.win/guides/important-household-documents/,records-emergency,content,12,1,0,11,11,1,0,4,6,0,STRONG,REPO_EVIDENCE
https://familyboard.win/guides/,support,support,509,509,508,2,2,1,0,0,1,0.998,EMERGING,REPO_EVIDENCE
https://familyboard.win/guides/maintenance-priorities/,maintenance,content,509,1,508,4,4,1,0,0,2,0.998,ESTABLISHED,REPO_EVIDENCE
https://familyboard.win/guides/microwave-maintenance-checklist/,appliances,content,2,1,0,1,1,1,0,0,0,0,EMERGING,REPO_EVIDENCE
https://familyboard.win/guides/monthly-home-maintenance-checklist/,maintenance,content,509,1,508,3,3,1,0,0,1,0.998,ESTABLISHED,REPO_EVIDENCE
https://familyboard.win/guides/move-in-maintenance-checklist/,maintenance,content,509,1,508,6,6,1,0,1,3,0.998,STRONG,REPO_EVIDENCE
https://familyboard.win/guides/move-out-home-records/,maintenance,content,6,1,0,5,5,1,0,1,2,0,ESTABLISHED,REPO_EVIDENCE
https://familyboard.win/guides/moving-house-organizer/,household-operations,content,5,1,0,4,4,1,0,1,1,0,ESTABLISHED,REPO_EVIDENCE
https://familyboard.win/guides/moving-inventory/,inventory-warranty,content,9,1,0,8,8,1,0,1,5,0,STRONG,REPO_EVIDENCE
https://familyboard.win/guides/new-home-setup-checklist/,household-operations,content,6,1,0,5,5,1,0,1,2,0,ESTABLISHED,REPO_EVIDENCE
https://familyboard.win/guides/organize-appliance-manuals/,records-emergency,content,3,1,0,2,2,1,0,1,0,0,EMERGING,REPO_EVIDENCE
https://familyboard.win/guides/organize-household-subscriptions/,household-operations,content,14,1,0,13,13,1,0,2,8,0,STRONG,REPO_EVIDENCE
https://familyboard.win/guides/organize-insurance-documents/,records-emergency,content,7,1,0,6,6,1,0,3,2,0,STRONG,REPO_EVIDENCE
https://familyboard.win/guides/organize-pet-records/,records-emergency,content,7,1,0,6,6,1,0,2,2,0,STRONG,REPO_EVIDENCE
https://familyboard.win/guides/organize-school-records-at-home/,records-emergency,content,4,1,0,3,3,1,0,1,1,0,ESTABLISHED,REPO_EVIDENCE
https://familyboard.win/guides/organize-utility-account-information/,records-emergency,content,6,1,0,5,5,1,0,1,3,0,ESTABLISHED,REPO_EVIDENCE
https://familyboard.win/guides/organize-vehicle-documents-at-home/,records-emergency,content,3,1,0,2,2,1,0,1,0,0,EMERGING,REPO_EVIDENCE
https://familyboard.win/guides/oven-maintenance-checklist/,appliances,content,509,1,508,2,2,1,0,0,1,0.998,EMERGING,REPO_EVIDENCE
https://familyboard.win/guides/pantry-restock-system/,household-operations,content,4,1,0,3,3,1,0,0,2,0,ESTABLISHED,REPO_EVIDENCE
https://familyboard.win/guides/pet-sitter-information/,records-emergency,content,7,1,0,6,6,1,0,2,2,0,STRONG,REPO_EVIDENCE
https://familyboard.win/guides/photo-home-inventory/,inventory-warranty,content,9,1,0,8,8,1,0,1,5,0,STRONG,REPO_EVIDENCE
https://familyboard.win/guides/power-outage-home-preparedness/,maintenance,content,14,1,0,13,13,1,0,4,8,0,STRONG,REPO_EVIDENCE
https://familyboard.win/guides/preventive-home-maintenance/,maintenance,content,509,1,508,3,3,1,0,0,2,0.998,ESTABLISHED,REPO_EVIDENCE
https://familyboard.win/guides/product-registration-tracker/,inventory-warranty,content,6,1,0,5,5,1,0,2,2,0,ESTABLISHED,REPO_EVIDENCE
https://familyboard.win/guides/purchase-receipt-organizer/,inventory-warranty,content,13,1,0,12,12,1,0,5,5,0,STRONG,REPO_EVIDENCE
https://familyboard.win/guides/quarterly-home-maintenance-checklist/,maintenance,content,509,1,508,1,1,1,0,0,0,0.998,EMERGING,REPO_EVIDENCE
https://familyboard.win/guides/range-hood-maintenance-checklist/,appliances,content,509,1,508,2,2,1,0,0,1,0.998,EMERGING,REPO_EVIDENCE
https://familyboard.win/guides/recurring-bills-tracker/,household-operations,content,10,1,0,9,9,1,0,1,6,0,STRONG,REPO_EVIDENCE
https://familyboard.win/guides/recurring-household-tasks/,household-operations,content,3,1,0,2,2,1,0,0,1,0,EMERGING,REPO_EVIDENCE
https://familyboard.win/guides/refrigerator-maintenance-checklist/,appliances,content,509,1,508,2,2,1,0,0,1,0.998,EMERGING,REPO_EVIDENCE
https://familyboard.win/guides/renovation-records/,inventory-warranty,content,13,1,0,12,12,1,0,4,7,0,STRONG,REPO_EVIDENCE
https://familyboard.win/guides/rental-home-maintenance-log/,maintenance,content,509,1,508,4,4,1,0,1,2,0.998,ESTABLISHED,REPO_EVIDENCE
https://familyboard.win/guides/repair-history/,inventory-warranty,content,13,1,0,12,12,1,0,3,7,0,STRONG,REPO_EVIDENCE
https://familyboard.win/guides/returning-home-after-travel-checklist/,household-operations,content,3,1,0,2,2,1,0,0,1,0,EMERGING,REPO_EVIDENCE
https://familyboard.win/guides/robot-vacuum-maintenance-guide/,appliances,content,4,1,0,3,3,1,0,0,2,0,ESTABLISHED,REPO_EVIDENCE
https://familyboard.win/guides/room-by-room-home-inventory/,inventory-warranty,content,11,1,0,10,10,1,0,2,7,0,STRONG,REPO_EVIDENCE
https://familyboard.win/guides/seasonal-home-maintenance-checklist/,maintenance,content,509,1,508,9,9,1,0,2,5,0.998,STRONG,REPO_EVIDENCE
https://familyboard.win/guides/serial-number-tracker/,inventory-warranty,content,11,1,0,10,10,1,0,2,6,0,STRONG,REPO_EVIDENCE
https://familyboard.win/guides/service-history/,inventory-warranty,content,5,1,0,4,4,1,0,2,1,0,ESTABLISHED,REPO_EVIDENCE
https://familyboard.win/guides/service-provider-contact-list/,household-operations,content,3,1,0,2,2,1,0,0,1,0,EMERGING,REPO_EVIDENCE
https://familyboard.win/guides/smoke-alarm-records/,appliances,content,4,1,0,3,3,1,0,0,2,0,ESTABLISHED,REPO_EVIDENCE
https://familyboard.win/guides/spring-home-maintenance-checklist/,maintenance,content,509,1,508,3,3,1,0,0,1,0.998,ESTABLISHED,REPO_EVIDENCE
https://familyboard.win/guides/storage-unit-inventory/,inventory-warranty,content,3,1,0,2,2,1,0,1,0,0,EMERGING,REPO_EVIDENCE
https://familyboard.win/guides/storm-preparation-home-checklist/,maintenance,content,8,1,0,7,7,1,0,1,5,0,STRONG,REPO_EVIDENCE
https://familyboard.win/guides/subscription-cancellation-refund-records/,household-operations,content,3,1,0,2,2,1,0,0,1,0,EMERGING,REPO_EVIDENCE
https://familyboard.win/guides/subscription-renewal-tracker/,household-operations,content,2,1,0,1,1,1,0,0,0,0,EMERGING,REPO_EVIDENCE
https://familyboard.win/guides/summer-home-maintenance-checklist/,maintenance,content,509,1,508,3,3,1,0,0,2,0.998,ESTABLISHED,REPO_EVIDENCE
https://familyboard.win/guides/travel-household-handoff/,records-emergency,content,10,1,0,9,9,1,0,2,5,0,STRONG,REPO_EVIDENCE
https://familyboard.win/guides/ups-battery-backup-records/,appliances,content,4,1,0,3,3,1,0,1,1,0,ESTABLISHED,REPO_EVIDENCE
https://familyboard.win/guides/utility-shutoff-information/,records-emergency,content,2,1,0,1,1,1,0,0,0,0,EMERGING,REPO_EVIDENCE
https://familyboard.win/guides/vacation-home-shutdown-checklist/,household-operations,content,8,1,0,7,7,1,0,1,5,0,STRONG,REPO_EVIDENCE
https://familyboard.win/guides/vacuum-cleaner-maintenance-guide/,appliances,content,3,1,0,2,2,1,0,0,1,0,EMERGING,REPO_EVIDENCE
https://familyboard.win/guides/valuable-item-inventory/,inventory-warranty,content,8,1,0,7,7,1,0,2,4,0,STRONG,REPO_EVIDENCE
https://familyboard.win/guides/warranty-expiration/,inventory-warranty,content,6,1,0,5,5,1,0,1,3,0,ESTABLISHED,REPO_EVIDENCE
https://familyboard.win/guides/washing-machine-maintenance-checklist/,appliances,content,509,1,508,2,2,1,0,0,1,0.998,EMERGING,REPO_EVIDENCE
https://familyboard.win/guides/water-filter-replacement-guide/,appliances,content,4,1,0,3,3,1,0,0,2,0,ESTABLISHED,REPO_EVIDENCE
https://familyboard.win/guides/water-heater-maintenance-records/,appliances,content,2,1,0,1,1,1,0,0,0,0,EMERGING,REPO_EVIDENCE
https://familyboard.win/guides/water-leak-response-home-records/,maintenance,content,11,1,0,10,10,1,0,1,8,0,STRONG,REPO_EVIDENCE
https://familyboard.win/guides/water-softener-maintenance-records/,appliances,content,3,1,0,2,2,1,0,0,1,0,EMERGING,REPO_EVIDENCE
https://familyboard.win/guides/what-spouse-needs-to-know/,household-operations,content,2,1,0,1,1,1,0,0,0,0,EMERGING,REPO_EVIDENCE
https://familyboard.win/guides/wifi-router-maintenance-records/,appliances,content,7,1,0,6,6,1,0,2,3,0,STRONG,REPO_EVIDENCE
https://familyboard.win/guides/winter-home-maintenance-checklist/,maintenance,content,509,1,508,3,3,1,0,0,2,0.998,ESTABLISHED,REPO_EVIDENCE
https://familyboard.win/,product,content,521,520,508,4,4,1,0,0,0,0.975,ESTABLISHED,REPO_EVIDENCE
https://familyboard.win/pricing/,support,support,509,509,0,0,0,0,0,0,0,0,CONTEXTUAL_ORPHAN,REPO_EVIDENCE
https://familyboard.win/privacy/,support,support,509,1,508,16,16,1,0,7,6,0.998,STRONG,REPO_EVIDENCE
https://familyboard.win/roadmap/,support,support,509,1,508,0,0,0,0,0,0,0.998,FOOTER_DEPENDENT,REPO_EVIDENCE
https://familyboard.win/security/,support,support,509,1,508,5,5,1,0,0,3,0.998,ESTABLISHED,REPO_EVIDENCE
https://familyboard.win/templates/,support,support,509,1,508,0,0,0,0,0,0,0.998,FOOTER_DEPENDENT,REPO_EVIDENCE
https://familyboard.win/templates/printable-annual-renewals/,printables,printable,2,1,0,1,1,0,0,0,0,0,EMERGING,REPO_EVIDENCE
https://familyboard.win/templates/printable-appliance-inventory/,printables,printable,509,1,508,1,1,0,0,0,0,0.998,EMERGING,REPO_EVIDENCE
https://familyboard.win/templates/printable-chore-chart/,printables,printable,5,1,0,4,4,0,0,1,2,0,ESTABLISHED,REPO_EVIDENCE
https://familyboard.win/templates/printable-cleaning-schedule/,printables,printable,5,1,0,4,4,0,0,1,2,0,ESTABLISHED,REPO_EVIDENCE
https://familyboard.win/templates/printable-emergency-contacts/,printables,printable,6,1,0,5,5,0,0,1,1,0,ESTABLISHED,REPO_EVIDENCE
https://familyboard.win/templates/printable-home-inventory-template/,printables,printable,509,1,508,2,2,1,0,0,1,0.998,EMERGING,REPO_EVIDENCE
https://familyboard.win/templates/printable-household-contacts/,printables,printable,4,1,0,3,3,0,0,1,1,0,ESTABLISHED,REPO_EVIDENCE
https://familyboard.win/templates/printable-household-handoff-sheet/,printables,printable,509,1,508,2,2,0,0,1,0,0.998,EMERGING,REPO_EVIDENCE
https://familyboard.win/templates/printable-repair-log/,printables,printable,509,1,508,6,6,0,0,1,4,0.998,STRONG,REPO_EVIDENCE
https://familyboard.win/templates/printable-service-provider-list/,printables,printable,6,1,0,5,5,0,0,1,3,0,ESTABLISHED,REPO_EVIDENCE
https://familyboard.win/templates/printable-subscription-tracker/,printables,printable,2,1,0,1,1,0,0,0,0,0,EMERGING,REPO_EVIDENCE
https://familyboard.win/templates/printable-warranty-tracker/,printables,printable,509,1,508,1,1,0,0,0,0,0.998,EMERGING,REPO_EVIDENCE
https://familyboard.win/terms/,support,support,509,1,508,0,0,0,0,0,0,0.998,FOOTER_DEPENDENT,REPO_EVIDENCE
https://familyboard.win/tools/annual-subscription-cost-calculator/,tools,tool,6,1,0,5,5,1,0,1,3,0,ESTABLISHED,REPO_EVIDENCE
https://familyboard.win/tools/appliance-age-calculator/,tools,tool,6,1,0,5,5,1,0,1,3,0,ESTABLISHED,REPO_EVIDENCE
https://familyboard.win/tools/appliance-maintenance-checklist-generator/,tools,tool,10,1,0,9,9,1,0,1,7,0,STRONG,REPO_EVIDENCE
https://familyboard.win/tools/appliance-manual-source-check-log/,tools,tool,7,1,0,6,6,1,0,1,4,0,STRONG,REPO_EVIDENCE
https://familyboard.win/tools/appliance-purchase-installation-record/,tools,tool,5,1,0,4,4,1,0,1,2,0,ESTABLISHED,REPO_EVIDENCE
https://familyboard.win/tools/appliance-repair-callback-log/,tools,tool,5,1,0,4,4,1,0,0,3,0,ESTABLISHED,REPO_EVIDENCE
https://familyboard.win/tools/appliance-replacement-planner/,tools,tool,8,1,0,7,7,1,0,1,5,0,STRONG,REPO_EVIDENCE
https://familyboard.win/tools/appliance-service-visit-log/,tools,tool,6,1,0,5,5,1,0,1,3,0,ESTABLISHED,REPO_EVIDENCE
https://familyboard.win/tools/caregiver-handoff-source-authorization-log/,tools,tool,509,1,508,7,7,1,0,4,2,0.998,STRONG,REPO_EVIDENCE
https://familyboard.win/tools/cleaning-schedule-generator/,tools,tool,7,1,0,6,6,1,0,0,4,0,STRONG,REPO_EVIDENCE
https://familyboard.win/tools/emergency-binder-generator/,tools,tool,6,1,0,5,5,1,0,0,3,0,ESTABLISHED,REPO_EVIDENCE
https://familyboard.win/tools/emergency-contact-sheet-generator/,tools,tool,10,1,0,9,9,1,0,1,6,0,STRONG,REPO_EVIDENCE
https://familyboard.win/tools/emergency-contact-verification-log/,tools,tool,6,1,0,5,5,1,0,1,3,0,ESTABLISHED,REPO_EVIDENCE
https://familyboard.win/tools/emergency-supply-inventory-audit/,tools,tool,8,1,0,7,7,1,0,2,4,0,STRONG,REPO_EVIDENCE
https://familyboard.win/tools/home-care-charge-service-payment-discrepancy-log/,tools,tool,8,1,0,7,7,1,0,4,2,0,STRONG,REPO_EVIDENCE
https://familyboard.win/tools/home-care-complaint-response-resolution-log/,tools,tool,10,1,0,9,9,1,0,4,4,0,STRONG,REPO_EVIDENCE
https://familyboard.win/tools/home-care-payment-refund-collection-notice-log/,tools,tool,4,1,0,3,3,1,0,0,2,0,ESTABLISHED,REPO_EVIDENCE
https://familyboard.win/tools/home-care-service-interruption-backup-continuity-log/,tools,tool,8,1,0,7,7,1,0,3,3,0,STRONG,REPO_EVIDENCE
https://familyboard.win/tools/home-care-service-plan-change-notice-log/,tools,tool,10,1,0,9,9,1,0,5,3,0,STRONG,REPO_EVIDENCE
https://familyboard.win/tools/home-care-visit-scope-service-result-log/,tools,tool,11,1,0,10,10,1,0,5,4,0,STRONG,REPO_EVIDENCE
https://familyboard.win/tools/home-emergency-drill-record-generator/,tools,tool,7,1,0,6,6,1,0,1,4,0,STRONG,REPO_EVIDENCE
https://familyboard.win/tools/home-handoff-summary-generator/,tools,tool,7,1,0,6,6,1,0,0,4,0,STRONG,REPO_EVIDENCE
https://familyboard.win/tools/home-inventory-checklist-generator/,tools,tool,7,1,0,6,6,1,0,1,3,0,STRONG,REPO_EVIDENCE
https://familyboard.win/tools/home-maintenance-cost-tracker/,tools,tool,5,1,0,4,4,1,0,1,2,0,ESTABLISHED,REPO_EVIDENCE
https://familyboard.win/tools/home-maintenance-schedule-generator/,tools,tool,13,1,0,12,12,2,0,0,9,0,STRONG,REPO_EVIDENCE
https://familyboard.win/tools/home-repair-change-order-log/,tools,tool,15,1,0,14,14,1,0,4,9,0,STRONG,REPO_EVIDENCE
https://familyboard.win/tools/home-repair-closeout-checklist/,tools,tool,4,1,0,3,3,1,0,0,2,0,ESTABLISHED,REPO_EVIDENCE
https://familyboard.win/tools/home-repair-cost-log/,tools,tool,6,1,0,5,5,1,0,1,2,0,ESTABLISHED,REPO_EVIDENCE
https://familyboard.win/tools/home-repair-punch-list/,tools,tool,7,1,0,6,6,1,0,1,4,0,STRONG,REPO_EVIDENCE
https://familyboard.win/tools/home-service-provider-verification-log/,tools,tool,8,1,0,7,7,1,0,2,4,0,STRONG,REPO_EVIDENCE
https://familyboard.win/tools/home-service-reminder-generator/,tools,tool,8,1,0,7,7,1,0,1,5,0,STRONG,REPO_EVIDENCE
https://familyboard.win/tools/house-sitter-instruction-generator/,tools,tool,6,1,0,5,5,1,0,1,2,0,ESTABLISHED,REPO_EVIDENCE
https://familyboard.win/tools/household-accessibility-walkthrough-log/,household-operations,tool,4,1,0,3,3,1,0,0,2,0,ESTABLISHED,REPO_EVIDENCE
https://familyboard.win/tools/household-account-list/,household-operations,tool,509,1,508,4,4,1,0,1,2,0.998,ESTABLISHED,REPO_EVIDENCE
https://familyboard.win/tools/household-annual-review-generator/,tools,tool,7,1,0,6,6,1,0,0,4,0,STRONG,REPO_EVIDENCE
https://familyboard.win/tools/household-backup-recovery-checker/,product,tool,509,1,508,3,3,1,0,0,2,0.998,ESTABLISHED,REPO_EVIDENCE
https://familyboard.win/tools/household-bill-source-status-log/,household-operations,tool,10,1,0,9,9,1,0,2,6,0,STRONG,REPO_EVIDENCE
https://familyboard.win/tools/household-building-notice-response-log/,records-emergency,tool,509,1,508,4,4,1,0,1,2,0.998,ESTABLISHED,REPO_EVIDENCE
https://familyboard.win/tools/household-clothing-care-repair-log/,household-operations,tool,4,1,0,3,3,1,0,0,2,0,ESTABLISHED,REPO_EVIDENCE
https://familyboard.win/tools/household-consumable-change-history-log/,maintenance,tool,509,1,508,2,2,1,0,0,1,0.998,EMERGING,REPO_EVIDENCE
https://familyboard.win/tools/household-date-offset-planner/,tools,tool,5,1,0,4,4,1,0,1,2,0,ESTABLISHED,REPO_EVIDENCE
https://familyboard.win/tools/household-decision-register/,household-operations,tool,3,1,0,2,2,1,0,0,1,0,EMERGING,REPO_EVIDENCE
https://familyboard.win/tools/household-device-retirement-handoff-log/,records-emergency,tool,5,1,0,4,4,1,0,2,1,0,ESTABLISHED,REPO_EVIDENCE
https://familyboard.win/tools/household-document-index-generator/,tools,tool,9,1,0,8,8,1,0,2,5,0,STRONG,REPO_EVIDENCE
https://familyboard.win/tools/household-document-renewal-review-log/,records-emergency,tool,3,1,0,2,2,1,0,0,1,0,EMERGING,REPO_EVIDENCE
https://familyboard.win/tools/household-donation-handoff-log/,household-operations,tool,4,1,0,3,3,1,0,0,2,0,ESTABLISHED,REPO_EVIDENCE
https://familyboard.win/tools/household-event-duration-calculator/,tools,tool,509,1,508,8,8,1,0,3,4,0.998,STRONG,REPO_EVIDENCE
https://familyboard.win/tools/household-event-source-index-log/,tools,tool,509,1,508,4,4,1,0,1,2,0.998,ESTABLISHED,REPO_EVIDENCE
https://familyboard.win/tools/household-guest-arrival-prep-log/,household-operations,tool,5,1,0,4,4,1,0,0,3,0,ESTABLISHED,REPO_EVIDENCE
https://familyboard.win/tools/household-home-access-handoff-log/,household-operations,tool,4,1,0,3,3,1,0,0,2,0,ESTABLISHED,REPO_EVIDENCE
https://familyboard.win/tools/household-insurance-claim-timeline-log/,records-emergency,tool,509,1,508,3,3,1,0,1,1,0.998,ESTABLISHED,REPO_EVIDENCE
https://familyboard.win/tools/household-insurance-policy-source-version-log/,tools,tool,509,1,508,3,3,1,0,0,2,0.998,ESTABLISHED,REPO_EVIDENCE
https://familyboard.win/tools/household-internet-incident-review-log/,household-operations,tool,5,1,0,4,4,1,0,1,2,0,ESTABLISHED,REPO_EVIDENCE
https://familyboard.win/tools/household-inventory-photo-capture-log/,inventory-warranty,tool,6,1,0,5,5,1,0,1,3,0,ESTABLISHED,REPO_EVIDENCE
https://familyboard.win/tools/household-mail-package-handoff-log/,household-operations,tool,509,1,508,3,3,1,0,0,2,0.998,ESTABLISHED,REPO_EVIDENCE
https://familyboard.win/tools/household-maintenance-delegation-map/,tools,tool,509,1,508,2,2,1,0,0,1,0.998,EMERGING,REPO_EVIDENCE
https://familyboard.win/tools/household-maintenance-priority-review-log/,maintenance,tool,3,1,0,2,2,1,0,0,1,0,EMERGING,REPO_EVIDENCE
https://familyboard.win/tools/household-meal-prep-role-log/,household-operations,tool,6,1,0,5,5,1,0,1,3,0,ESTABLISHED,REPO_EVIDENCE
https://familyboard.win/tools/household-medical-information-source-handoff-log/,tools,tool,509,1,508,3,3,1,0,0,2,0.998,ESTABLISHED,REPO_EVIDENCE
https://familyboard.win/tools/household-meeting-agenda-action-log/,household-operations,tool,7,1,0,6,6,1,0,0,5,0,STRONG,REPO_EVIDENCE
https://familyboard.win/tools/household-meter-reading-review-log/,household-operations,tool,3,1,0,2,2,1,0,0,1,0,EMERGING,REPO_EVIDENCE
https://familyboard.win/tools/household-monthly-review-action-log/,household-operations,tool,8,1,0,7,7,1,0,2,4,0,STRONG,REPO_EVIDENCE
https://familyboard.win/tools/household-pantry-expiry-review-log/,household-operations,tool,7,1,0,6,6,1,0,1,4,0,STRONG,REPO_EVIDENCE
https://familyboard.win/tools/household-pet-record-source-handoff-log/,tools,tool,4,1,0,3,3,1,0,0,2,0,ESTABLISHED,REPO_EVIDENCE
https://familyboard.win/tools/household-plant-care-handoff-log/,household-operations,tool,509,1,508,3,3,1,0,0,2,0.998,ESTABLISHED,REPO_EVIDENCE
https://familyboard.win/tools/household-power-outage-event-log/,tools,tool,8,1,0,7,7,1,0,3,3,0,STRONG,REPO_EVIDENCE
https://familyboard.win/tools/household-record-retention-decision-log/,tools,tool,6,1,0,5,5,1,0,1,3,0,ESTABLISHED,REPO_EVIDENCE
https://familyboard.win/tools/household-record-retrieval-drill-log/,tools,tool,9,1,0,8,8,1,0,1,6,0,STRONG,REPO_EVIDENCE
https://familyboard.win/tools/household-recycling-handoff-log/,household-operations,tool,4,1,0,3,3,1,0,0,2,0,ESTABLISHED,REPO_EVIDENCE
https://familyboard.win/tools/household-repair-evidence-timeline-log/,records-emergency,tool,509,1,508,9,9,1,0,4,4,0.998,STRONG,REPO_EVIDENCE
https://familyboard.win/tools/household-replacement-part-source-check-log/,inventory-warranty,tool,509,1,508,6,6,1,0,1,4,0.998,STRONG,REPO_EVIDENCE
https://familyboard.win/tools/household-responsibility-coverage-map/,household-operations,tool,509,1,508,8,8,1,0,2,5,0.998,STRONG,REPO_EVIDENCE
https://familyboard.win/tools/household-return-handoff-log/,household-operations,tool,3,1,0,2,2,1,0,0,1,0,EMERGING,REPO_EVIDENCE
https://familyboard.win/tools/household-router-support-review-log/,records-emergency,tool,4,1,0,3,3,1,0,1,1,0,ESTABLISHED,REPO_EVIDENCE
https://familyboard.win/tools/household-schedule-conflict-review-log/,household-operations,tool,6,1,0,5,5,1,0,2,2,0,ESTABLISHED,REPO_EVIDENCE
https://familyboard.win/tools/household-school-activity-handoff-log/,household-operations,tool,5,1,0,4,4,1,0,1,2,0,ESTABLISHED,REPO_EVIDENCE
https://familyboard.win/tools/household-school-closure-continuity-log/,records-emergency,tool,509,1,508,2,2,1,0,0,1,0.998,EMERGING,REPO_EVIDENCE
https://familyboard.win/tools/household-school-pickup-handoff-log/,household-operations,tool,3,1,0,2,2,1,0,0,1,0,EMERGING,REPO_EVIDENCE
https://familyboard.win/tools/household-school-record-source-handoff-log/,tools,tool,509,1,508,4,4,1,0,0,3,0.998,ESTABLISHED,REPO_EVIDENCE
https://familyboard.win/tools/household-seasonal-reset-action-log/,household-operations,tool,3,1,0,2,2,1,0,0,1,0,EMERGING,REPO_EVIDENCE
https://familyboard.win/tools/household-service-appointment-handoff-log/,household-operations,tool,3,1,0,2,2,1,0,0,1,0,EMERGING,REPO_EVIDENCE
https://familyboard.win/tools/household-service-quote-comparison-log/,maintenance,tool,3,1,0,2,2,1,0,0,1,0,EMERGING,REPO_EVIDENCE
https://familyboard.win/tools/household-share-access-review-log/,household-operations,tool,8,1,0,7,7,1,0,1,5,0,STRONG,REPO_EVIDENCE
https://familyboard.win/tools/household-shopping-list-planner/,household-operations,tool,509,1,508,5,5,1,0,1,3,0.998,ESTABLISHED,REPO_EVIDENCE
https://familyboard.win/tools/household-storm-readiness-review/,tools,tool,5,1,0,4,4,1,0,0,3,0,ESTABLISHED,REPO_EVIDENCE
https://familyboard.win/tools/household-subscription-cancellation-handoff-log/,household-operations,tool,5,1,0,4,4,1,0,0,3,0,ESTABLISHED,REPO_EVIDENCE
https://familyboard.win/tools/household-subscription-cost-calculator/,tools,tool,8,1,0,7,7,1,0,1,4,0,STRONG,REPO_EVIDENCE
https://familyboard.win/tools/household-task-load-calculator/,tools,tool,509,1,508,6,6,1,0,1,4,0.998,STRONG,REPO_EVIDENCE
https://familyboard.win/tools/household-time-window-overlap-checker/,tools,tool,4,1,0,3,3,1,0,0,2,0,ESTABLISHED,REPO_EVIDENCE
https://familyboard.win/tools/household-trip-packing-handoff-log/,household-operations,tool,4,1,0,3,3,1,0,0,2,0,ESTABLISHED,REPO_EVIDENCE
https://familyboard.win/tools/household-utility-bill-anomaly-log/,tools,tool,4,1,0,3,3,1,0,0,2,0,ESTABLISHED,REPO_EVIDENCE
https://familyboard.win/tools/household-utility-provider-service-handoff-log/,tools,tool,4,1,0,3,3,1,0,0,2,0,ESTABLISHED,REPO_EVIDENCE
https://familyboard.win/tools/household-vehicle-document-source-status-log/,tools,tool,4,1,0,3,3,1,0,0,2,0,ESTABLISHED,REPO_EVIDENCE
https://familyboard.win/tools/household-water-leak-event-log/,tools,tool,5,1,0,4,4,1,0,1,2,0,ESTABLISHED,REPO_EVIDENCE
https://familyboard.win/tools/household-weekly-reset-action-log/,household-operations,tool,9,1,0,8,8,1,0,2,5,0,STRONG,REPO_EVIDENCE
https://familyboard.win/tools/important-household-document-review/,tools,tool,5,1,0,4,4,1,0,1,2,0,ESTABLISHED,REPO_EVIDENCE
https://familyboard.win/tools/,support,support,509,509,508,1,1,0,0,0,0,0.998,EMERGING,REPO_EVIDENCE
https://familyboard.win/tools/move-in-checklist-generator/,tools,tool,11,1,0,10,10,1,0,2,5,0,STRONG,REPO_EVIDENCE
https://familyboard.win/tools/move-out-condition-record-generator/,tools,tool,4,1,0,3,3,1,0,0,2,0,ESTABLISHED,REPO_EVIDENCE
https://familyboard.win/tools/moving-box-handover-log/,tools,tool,5,1,0,4,4,1,0,1,2,0,ESTABLISHED,REPO_EVIDENCE
https://familyboard.win/tools/pet-sitter-instruction-generator/,tools,tool,8,1,0,7,7,1,0,1,4,0,STRONG,REPO_EVIDENCE
https://familyboard.win/tools/product-recall-action-log/,tools,tool,10,1,0,9,9,1,0,3,5,0,STRONG,REPO_EVIDENCE
https://familyboard.win/tools/purchase-delivery-evidence-log/,tools,tool,5,1,0,4,4,1,0,0,3,0,ESTABLISHED,REPO_EVIDENCE
https://familyboard.win/tools/receipt-retention-organizer/,tools,tool,6,1,0,5,5,1,0,1,3,0,ESTABLISHED,REPO_EVIDENCE
https://familyboard.win/tools/recurring-chore-planner/,tools,tool,7,1,0,6,6,1,0,1,3,0,STRONG,REPO_EVIDENCE
https://familyboard.win/tools/rental-repair-request-log/,records-emergency,tool,509,1,508,3,3,1,0,0,2,0.998,ESTABLISHED,REPO_EVIDENCE
https://familyboard.win/tools/rental-security-deposit-move-out-claim-log/,records-emergency,tool,3,1,0,2,2,1,0,0,1,0,EMERGING,REPO_EVIDENCE
https://familyboard.win/tools/room-inventory-generator/,tools,tool,9,1,0,8,8,1,0,2,5,0,STRONG,REPO_EVIDENCE
https://familyboard.win/tools/storage-unit-access-inventory-log/,tools,tool,4,1,0,3,3,1,0,0,2,0,ESTABLISHED,REPO_EVIDENCE
https://familyboard.win/tools/vacation-shutdown-checklist-generator/,tools,tool,4,1,0,3,3,1,0,0,2,0,ESTABLISHED,REPO_EVIDENCE
https://familyboard.win/tools/warranty-checklist-generator/,tools,tool,4,1,0,3,3,1,0,0,2,0,ESTABLISHED,REPO_EVIDENCE
https://familyboard.win/tools/warranty-claim-evidence-log/,tools,tool,12,1,0,11,11,1,0,5,5,0,STRONG,REPO_EVIDENCE
https://familyboard.win/tools/warranty-expiration-calculator/,tools,tool,11,1,0,10,10,2,0,2,6,0,STRONG,REPO_EVIDENCE
https://familyboard.win/zh-tw/about/,support,support,516,1,515,2,2,0,0,0,1,0.9981,EMERGING,REPO_EVIDENCE
https://familyboard.win/zh-tw/affiliate-disclosure/,support,support,516,1,515,3,3,0,0,0,2,0.9981,ESTABLISHED,REPO_EVIDENCE
https://familyboard.win/zh-tw/changelog/,support,support,516,1,515,2,2,0,0,0,1,0.9981,EMERGING,REPO_EVIDENCE
https://familyboard.win/zh-tw/checklists/,support,support,516,1,515,2,2,0,0,0,1,0.9981,EMERGING,REPO_EVIDENCE
https://familyboard.win/zh-tw/checklists/printable-emergency-binder-checklist/,printables,printable,4,1,0,3,3,0,0,0,1,0,ESTABLISHED,REPO_EVIDENCE
https://familyboard.win/zh-tw/checklists/printable-home-maintenance-checklist/,printables,printable,516,1,515,2,2,0,0,0,1,0.9981,EMERGING,REPO_EVIDENCE
https://familyboard.win/zh-tw/checklists/printable-house-sitter-checklist/,printables,printable,516,1,515,1,1,0,0,0,1,0.9981,EMERGING,REPO_EVIDENCE
https://familyboard.win/zh-tw/checklists/printable-monthly-home-checklist/,printables,printable,516,1,515,2,2,0,0,0,1,0.9981,EMERGING,REPO_EVIDENCE
https://familyboard.win/zh-tw/checklists/printable-moving-checklist/,printables,printable,3,1,0,2,2,0,0,0,1,0,EMERGING,REPO_EVIDENCE
https://familyboard.win/zh-tw/checklists/printable-pet-sitter-checklist/,printables,printable,3,1,0,2,2,0,0,0,1,0,EMERGING,REPO_EVIDENCE
https://familyboard.win/zh-tw/checklists/printable-seasonal-home-checklist/,printables,printable,516,1,515,2,2,0,0,0,1,0.9981,EMERGING,REPO_EVIDENCE
https://familyboard.win/zh-tw/contact/,support,support,516,1,515,515,515,0,0,112,369,0.9981,STRONG,REPO_EVIDENCE
https://familyboard.win/zh-tw/disclaimer/,support,support,516,1,515,3,3,0,0,0,1,0.9981,ESTABLISHED,REPO_EVIDENCE
https://familyboard.win/zh-tw/editorial-policy/,support,support,516,1,515,5,5,0,0,0,1,0.9981,ESTABLISHED,REPO_EVIDENCE
https://familyboard.win/zh-tw/features/emergency-information-organizer/,product,content,516,1,515,28,28,0,0,7,19,0.9981,STRONG,REPO_EVIDENCE
https://familyboard.win/zh-tw/features/family-display-mode/,product,content,516,1,515,8,8,0,0,0,8,0.9981,STRONG,REPO_EVIDENCE
https://familyboard.win/zh-tw/features/family-task-manager/,product,content,516,1,515,32,32,0,0,5,23,0.9981,STRONG,REPO_EVIDENCE
https://familyboard.win/zh-tw/features/free-home-management-app/,product,content,516,516,515,38,38,0,0,10,23,0.9981,STRONG,REPO_EVIDENCE
https://familyboard.win/zh-tw/features/home-dashboard/,product,content,516,1,515,15,15,0,0,1,13,0.9981,STRONG,REPO_EVIDENCE
https://familyboard.win/zh-tw/features/home-inventory-tracker/,product,content,516,1,515,19,19,0,0,3,13,0.9981,STRONG,REPO_EVIDENCE
https://familyboard.win/zh-tw/features/home-record-keeper/,inventory-warranty,content,2,1,0,1,1,0,0,0,1,0,EMERGING,REPO_EVIDENCE
https://familyboard.win/zh-tw/features/household-calendar/,product,content,516,1,515,15,15,0,0,5,9,0.9981,STRONG,REPO_EVIDENCE
https://familyboard.win/zh-tw/features/household-documents-organizer/,product,content,516,1,515,18,18,0,0,6,12,0.9981,STRONG,REPO_EVIDENCE
https://familyboard.win/zh-tw/features/household-handoff/,product,content,516,1,515,29,29,0,0,8,17,0.9981,STRONG,REPO_EVIDENCE
https://familyboard.win/zh-tw/features/household-operations-system/,product,content,2,1,0,1,1,0,0,0,1,0,EMERGING,REPO_EVIDENCE
https://familyboard.win/zh-tw/features/household-subscription-tracker/,product,content,516,1,515,8,8,0,0,1,6,0.9981,STRONG,REPO_EVIDENCE
https://familyboard.win/zh-tw/features/,product,content,517,1,515,2,2,1,0,0,1,0.9961,EMERGING,REPO_EVIDENCE
https://familyboard.win/zh-tw/features/local-first-home-organizer/,product,content,3,1,0,2,2,0,0,0,2,0,EMERGING,REPO_EVIDENCE
https://familyboard.win/zh-tw/features/maintenance-tracker/,product,content,516,1,515,32,32,0,0,5,26,0.9981,STRONG,REPO_EVIDENCE
https://familyboard.win/zh-tw/features/no-account-family-organizer/,product,content,2,1,0,1,1,0,0,0,1,0,EMERGING,REPO_EVIDENCE
https://familyboard.win/zh-tw/features/offline-household-organizer/,product,content,516,1,515,5,5,0,0,0,5,0.9981,ESTABLISHED,REPO_EVIDENCE
https://familyboard.win/zh-tw/features/private-family-organizer/,product,content,516,1,515,25,25,0,0,4,21,0.9981,STRONG,REPO_EVIDENCE
https://familyboard.win/zh-tw/features/warranty-tracker/,product,content,516,1,515,7,7,0,0,1,5,0.9981,STRONG,REPO_EVIDENCE
https://familyboard.win/zh-tw/guides/air-conditioner-maintenance-checklist/,appliances,content,516,1,515,4,4,0,0,0,4,0.9981,ESTABLISHED,REPO_EVIDENCE
https://familyboard.win/zh-tw/guides/air-purifier-filter-log/,appliances,content,4,1,0,3,3,0,0,0,3,0,ESTABLISHED,REPO_EVIDENCE
https://familyboard.win/zh-tw/guides/air-purifier-maintenance-guide/,appliances,content,3,1,0,2,2,0,0,0,2,0,EMERGING,REPO_EVIDENCE
https://familyboard.win/zh-tw/guides/annual-home-review/,maintenance,content,516,1,515,3,3,0,0,0,3,0.9981,ESTABLISHED,REPO_EVIDENCE
https://familyboard.win/zh-tw/guides/annual-renewal-calendar/,household-operations,content,516,1,515,10,10,0,0,1,7,0.9981,STRONG,REPO_EVIDENCE
https://familyboard.win/zh-tw/guides/apartment-maintenance-checklist/,maintenance,content,516,1,515,3,3,0,0,0,3,0.9981,ESTABLISHED,REPO_EVIDENCE
https://familyboard.win/zh-tw/guides/appliance-inventory/,inventory-warranty,content,516,1,515,15,15,0,0,2,11,0.9981,STRONG,REPO_EVIDENCE
https://familyboard.win/zh-tw/guides/appliance-lifespan-planning/,inventory-warranty,content,5,1,0,4,4,0,0,0,4,0,ESTABLISHED,REPO_EVIDENCE
https://familyboard.win/zh-tw/guides/appliance-replacement-planning/,inventory-warranty,content,516,1,515,14,14,0,0,4,10,0.9981,STRONG,REPO_EVIDENCE
https://familyboard.win/zh-tw/guides/automatic-renewal-charge-dispute-taiwan/,household-operations,content,515,0,515,2,2,0,0,0,2,1,EMERGING,REPO_EVIDENCE
https://familyboard.win/zh-tw/guides/bathroom-exhaust-fan-maintenance-checklist/,maintenance,content,2,1,0,1,1,0,0,0,1,0,EMERGING,REPO_EVIDENCE
https://familyboard.win/zh-tw/guides/carbon-monoxide-alarm-records/,records-emergency,content,3,1,0,2,2,0,0,0,2,0,EMERGING,REPO_EVIDENCE
https://familyboard.win/zh-tw/guides/caregiver-handoff-checklist/,records-emergency,content,516,1,515,11,11,0,0,3,7,0.9981,STRONG,REPO_EVIDENCE
https://familyboard.win/zh-tw/guides/ceiling-fan-maintenance-checklist/,maintenance,content,2,1,0,1,1,0,0,0,1,0,EMERGING,REPO_EVIDENCE
https://familyboard.win/zh-tw/guides/chore-chart-for-adults/,household-operations,content,3,1,0,2,2,0,0,0,2,0,EMERGING,REPO_EVIDENCE
https://familyboard.win/zh-tw/guides/cleaning-schedule/,household-operations,content,516,1,515,5,5,0,0,1,3,0.9981,ESTABLISHED,REPO_EVIDENCE
https://familyboard.win/zh-tw/guides/coffee-maker-maintenance-guide/,appliances,content,2,1,0,1,1,0,0,0,1,0,EMERGING,REPO_EVIDENCE
https://familyboard.win/zh-tw/guides/computer-electronics-inventory/,appliances,content,9,1,0,8,8,0,0,0,8,0,STRONG,REPO_EVIDENCE
https://familyboard.win/zh-tw/guides/condo-maintenance-checklist/,maintenance,content,516,1,515,1,1,0,0,0,1,0.9981,EMERGING,REPO_EVIDENCE
https://familyboard.win/zh-tw/guides/contractor-records/,inventory-warranty,content,516,1,515,13,13,0,0,4,8,0.9981,STRONG,REPO_EVIDENCE
https://familyboard.win/zh-tw/guides/deep-cleaning-tracker/,maintenance,content,5,1,0,4,4,0,0,0,3,0,ESTABLISHED,REPO_EVIDENCE
https://familyboard.win/zh-tw/guides/dehumidifier-maintenance-guide/,appliances,content,2,1,0,1,1,0,0,0,1,0,EMERGING,REPO_EVIDENCE
https://familyboard.win/zh-tw/guides/dehumidifier-maintenance-records/,appliances,content,6,1,0,5,5,0,0,0,5,0,ESTABLISHED,REPO_EVIDENCE
https://familyboard.win/zh-tw/guides/digital-home-binder/,records-emergency,content,516,1,515,20,20,0,0,6,13,0.9981,STRONG,REPO_EVIDENCE
https://familyboard.win/zh-tw/guides/digital-home-inventory-backup/,inventory-warranty,content,516,1,515,37,37,0,0,15,21,0.9981,STRONG,REPO_EVIDENCE
https://familyboard.win/zh-tw/guides/dishwasher-maintenance-checklist/,appliances,content,516,1,515,2,2,0,0,0,2,0.9981,EMERGING,REPO_EVIDENCE
https://familyboard.win/zh-tw/guides/divide-household-responsibilities/,household-operations,content,11,1,0,10,10,0,0,1,8,0,STRONG,REPO_EVIDENCE
https://familyboard.win/zh-tw/guides/dryer-maintenance-checklist/,appliances,content,516,1,515,2,2,0,0,0,2,0.9981,EMERGING,REPO_EVIDENCE
https://familyboard.win/zh-tw/guides/electronics-inventory/,inventory-warranty,content,3,1,0,2,2,0,0,0,2,0,EMERGING,REPO_EVIDENCE
https://familyboard.win/zh-tw/guides/emergency-binder/,household-operations,content,6,1,0,5,5,0,0,0,4,0,ESTABLISHED,REPO_EVIDENCE
https://familyboard.win/zh-tw/guides/emergency-information-sheet/,records-emergency,content,516,1,515,18,18,0,0,5,10,0.9981,STRONG,REPO_EVIDENCE
https://familyboard.win/zh-tw/guides/emergency-supply-inventory/,records-emergency,content,516,1,515,7,7,0,0,3,4,0.9981,STRONG,REPO_EVIDENCE
https://familyboard.win/zh-tw/guides/fall-home-maintenance-checklist/,maintenance,content,516,1,515,3,3,0,0,0,2,0.9981,ESTABLISHED,REPO_EVIDENCE
https://familyboard.win/zh-tw/guides/family-chore-system/,household-operations,content,11,1,0,10,10,0,0,1,7,0,STRONG,REPO_EVIDENCE
https://familyboard.win/zh-tw/guides/family-continuity-plan/,household-operations,content,8,1,0,7,7,0,0,1,5,0,STRONG,REPO_EVIDENCE
https://familyboard.win/zh-tw/guides/family-emergency-contacts/,records-emergency,content,4,1,0,3,3,0,0,0,1,0,ESTABLISHED,REPO_EVIDENCE
https://familyboard.win/zh-tw/guides/familyboard-accessibility-walkthrough-tutorial/,product,content,516,1,515,1,1,0,0,0,1,0.9981,EMERGING,REPO_EVIDENCE
https://familyboard.win/zh-tw/guides/familyboard-annual-subscription-cost-calculator-tutorial/,household-operations,content,516,1,515,1,1,0,0,0,1,0.9981,EMERGING,REPO_EVIDENCE
https://familyboard.win/zh-tw/guides/familyboard-app-first-run-restore-tutorial/,product,content,516,1,515,1,1,0,0,0,1,0.9981,EMERGING,REPO_EVIDENCE
https://familyboard.win/zh-tw/guides/familyboard-appliance-age-calculator-tutorial/,tools,content,516,1,515,1,1,0,0,0,1,0.9981,EMERGING,REPO_EVIDENCE
https://familyboard.win/zh-tw/guides/familyboard-appliance-maintenance-checklist-generator-tutorial/,appliances,content,516,1,515,1,1,0,0,0,1,0.9981,EMERGING,REPO_EVIDENCE
https://familyboard.win/zh-tw/guides/familyboard-appliance-manual-source-check-tutorial/,appliances,content,516,1,515,3,3,0,0,0,3,0.9981,ESTABLISHED,REPO_EVIDENCE
https://familyboard.win/zh-tw/guides/familyboard-appliance-manual-source-tutorial/,appliances,content,516,1,515,1,1,0,0,0,1,0.9981,EMERGING,REPO_EVIDENCE
https://familyboard.win/zh-tw/guides/familyboard-appliance-purchase-installation-tutorial/,appliances,content,516,1,515,1,1,0,0,0,1,0.9981,EMERGING,REPO_EVIDENCE
https://familyboard.win/zh-tw/guides/familyboard-appliance-repair-callback-tutorial/,appliances,content,516,1,515,1,1,0,0,0,1,0.9981,EMERGING,REPO_EVIDENCE
https://familyboard.win/zh-tw/guides/familyboard-appliance-replacement-planner-tutorial/,tools,content,516,1,515,1,1,0,0,0,1,0.9981,EMERGING,REPO_EVIDENCE
https://familyboard.win/zh-tw/guides/familyboard-appliance-service-visit-tutorial/,appliances,content,516,1,515,2,2,0,0,0,2,0.9981,EMERGING,REPO_EVIDENCE
https://familyboard.win/zh-tw/guides/familyboard-attachment-expiry-review-tutorial/,records-emergency,content,516,1,515,1,1,0,0,0,1,0.9981,EMERGING,REPO_EVIDENCE
https://familyboard.win/zh-tw/guides/familyboard-attachment-metadata-tutorial/,product,content,516,1,515,3,3,0,0,0,3,0.9981,ESTABLISHED,REPO_EVIDENCE
https://familyboard.win/zh-tw/guides/familyboard-backup-recovery-checker-tutorial/,product,content,516,1,515,1,1,0,0,0,1,0.9981,EMERGING,REPO_EVIDENCE
https://familyboard.win/zh-tw/guides/familyboard-backup-restore-rehearsal-tutorial/,product,content,516,1,515,1,1,0,0,0,1,0.9981,EMERGING,REPO_EVIDENCE
https://familyboard.win/zh-tw/guides/familyboard-bill-review-tutorial/,product,content,516,1,515,1,1,0,0,0,1,0.9981,EMERGING,REPO_EVIDENCE
https://familyboard.win/zh-tw/guides/familyboard-browser-storage-cleanup-tutorial/,product,content,517,1,515,5,5,1,0,0,4,0.9961,ESTABLISHED,REPO_EVIDENCE
https://familyboard.win/zh-tw/guides/familyboard-browser-storage-maintenance/,product,content,517,1,515,8,8,1,0,2,5,0.9961,STRONG,REPO_EVIDENCE
https://familyboard.win/zh-tw/guides/familyboard-building-notice-response-tutorial/,records-emergency,content,2,1,0,1,1,0,0,0,1,0,EMERGING,REPO_EVIDENCE
https://familyboard.win/zh-tw/guides/familyboard-calendar-timezone-tutorial/,product,content,516,1,515,1,1,0,0,0,1,0.9981,EMERGING,REPO_EVIDENCE
https://familyboard.win/zh-tw/guides/familyboard-calendar-tutorial/,household-operations,content,516,1,515,2,2,0,0,0,2,0.9981,EMERGING,REPO_EVIDENCE
https://familyboard.win/zh-tw/guides/familyboard-caregiver-handoff-source-authorization-tutorial/,records-emergency,content,516,1,515,2,2,0,0,0,2,0.9981,EMERGING,REPO_EVIDENCE
https://familyboard.win/zh-tw/guides/familyboard-cleaning-schedule-generator-tutorial/,tools,content,516,1,515,1,1,0,0,0,1,0.9981,EMERGING,REPO_EVIDENCE
https://familyboard.win/zh-tw/guides/familyboard-clothing-care-repair-log-tutorial/,household-operations,content,516,1,515,1,1,0,0,0,1,0.9981,EMERGING,REPO_EVIDENCE
https://familyboard.win/zh-tw/guides/familyboard-clothing-care-tutorial/,product,content,516,1,515,1,1,0,0,0,1,0.9981,EMERGING,REPO_EVIDENCE
https://familyboard.win/zh-tw/guides/familyboard-consumable-change-history-tutorial/,maintenance,content,516,1,515,1,1,0,0,0,1,0.9981,EMERGING,REPO_EVIDENCE
https://familyboard.win/zh-tw/guides/familyboard-contact-sensitivity-tutorial/,product,content,516,1,515,2,2,0,0,0,2,0.9981,EMERGING,REPO_EVIDENCE
https://familyboard.win/zh-tw/guides/familyboard-data-export-redaction-tutorial/,records-emergency,content,516,1,515,2,2,0,0,0,2,0.9981,EMERGING,REPO_EVIDENCE
https://familyboard.win/zh-tw/guides/familyboard-date-offset-planner-tutorial/,product,content,3,1,0,2,2,1,0,0,1,0,EMERGING,REPO_EVIDENCE
https://familyboard.win/zh-tw/guides/familyboard-device-retirement-tutorial/,records-emergency,content,517,1,515,5,5,1,0,1,3,0.9961,ESTABLISHED,REPO_EVIDENCE
https://familyboard.win/zh-tw/guides/familyboard-document-renewal-tutorial/,product,content,516,1,515,3,3,0,0,0,3,0.9981,ESTABLISHED,REPO_EVIDENCE
https://familyboard.win/zh-tw/guides/familyboard-document-source-handoff-tutorial/,records-emergency,content,516,1,515,4,4,0,0,0,4,0.9981,ESTABLISHED,REPO_EVIDENCE
https://familyboard.win/zh-tw/guides/familyboard-documents-source-review-tutorial/,product,content,516,1,515,3,3,0,0,0,3,0.9981,ESTABLISHED,REPO_EVIDENCE
https://familyboard.win/zh-tw/guides/familyboard-donation-handoff-tutorial/,product,content,516,1,515,1,1,0,0,0,1,0.9981,EMERGING,REPO_EVIDENCE
https://familyboard.win/zh-tw/guides/familyboard-emergency-binder-generator-tutorial/,records-emergency,content,516,1,515,2,2,0,0,0,2,0.9981,EMERGING,REPO_EVIDENCE
https://familyboard.win/zh-tw/guides/familyboard-emergency-contact-sheet-generator-tutorial/,records-emergency,content,516,1,515,2,2,0,0,0,2,0.9981,EMERGING,REPO_EVIDENCE
https://familyboard.win/zh-tw/guides/familyboard-emergency-contact-verification-tutorial/,records-emergency,content,516,1,515,4,4,0,0,0,4,0.9981,ESTABLISHED,REPO_EVIDENCE
https://familyboard.win/zh-tw/guides/familyboard-emergency-drill-tutorial/,records-emergency,content,516,1,515,2,2,0,0,0,2,0.9981,EMERGING,REPO_EVIDENCE
https://familyboard.win/zh-tw/guides/familyboard-emergency-information-privacy-tutorial/,product,content,516,1,515,2,2,0,0,0,2,0.9981,EMERGING,REPO_EVIDENCE
https://familyboard.win/zh-tw/guides/familyboard-emergency-supply-inventory-audit-tutorial/,records-emergency,content,516,1,515,3,3,0,0,0,3,0.9981,ESTABLISHED,REPO_EVIDENCE
https://familyboard.win/zh-tw/guides/familyboard-encrypted-backup-password-tutorial/,product,content,516,1,515,3,3,0,0,0,3,0.9981,ESTABLISHED,REPO_EVIDENCE
https://familyboard.win/zh-tw/guides/familyboard-event-duration-calculator-tutorial/,household-operations,content,516,1,515,1,1,0,0,0,1,0.9981,EMERGING,REPO_EVIDENCE
https://familyboard.win/zh-tw/guides/familyboard-event-source-index-tutorial/,household-operations,content,516,1,515,4,4,0,0,0,4,0.9981,ESTABLISHED,REPO_EVIDENCE
https://familyboard.win/zh-tw/guides/familyboard-family-display-mode-setup/,product,content,517,1,515,4,4,1,0,0,3,0.9961,ESTABLISHED,REPO_EVIDENCE
https://familyboard.win/zh-tw/guides/familyboard-free-home-management-app-tutorial/,product,content,3,1,0,2,2,0,0,0,2,0,EMERGING,REPO_EVIDENCE
https://familyboard.win/zh-tw/guides/familyboard-guest-arrival-prep-tutorial/,product,content,516,1,515,1,1,0,0,0,1,0.9981,EMERGING,REPO_EVIDENCE
https://familyboard.win/zh-tw/guides/familyboard-guest-service-visit-reset-tutorial/,household-operations,content,516,1,515,1,1,0,0,0,1,0.9981,EMERGING,REPO_EVIDENCE
https://familyboard.win/zh-tw/guides/familyboard-handoff-acceptance-tutorial/,household-operations,content,516,1,515,4,4,0,0,0,4,0.9981,ESTABLISHED,REPO_EVIDENCE
https://familyboard.win/zh-tw/guides/familyboard-home-access-handoff-tutorial/,product,content,517,1,515,5,5,1,0,1,3,0.9961,ESTABLISHED,REPO_EVIDENCE
https://familyboard.win/zh-tw/guides/familyboard-home-accessibility-walkthrough-log-tutorial/,household-operations,content,516,1,515,1,1,0,0,0,1,0.9981,EMERGING,REPO_EVIDENCE
https://familyboard.win/zh-tw/guides/familyboard-home-care-billing-discrepancy-tutorial/,records-emergency,content,516,1,515,1,1,0,0,0,1,0.9981,EMERGING,REPO_EVIDENCE
https://familyboard.win/zh-tw/guides/familyboard-home-care-complaint-response-resolution-tutorial/,records-emergency,content,516,1,515,2,2,0,0,0,2,0.9981,EMERGING,REPO_EVIDENCE
https://familyboard.win/zh-tw/guides/familyboard-home-care-payment-refund-collection-notice-tutorial/,records-emergency,content,516,1,515,1,1,0,0,0,1,0.9981,EMERGING,REPO_EVIDENCE
https://familyboard.win/zh-tw/guides/familyboard-home-care-service-interruption-backup-continuity-tutorial/,records-emergency,content,516,1,515,1,1,0,0,0,1,0.9981,EMERGING,REPO_EVIDENCE
https://familyboard.win/zh-tw/guides/familyboard-home-care-service-plan-change-notice-tutorial/,records-emergency,content,516,1,515,3,3,0,0,0,3,0.9981,ESTABLISHED,REPO_EVIDENCE
https://familyboard.win/zh-tw/guides/familyboard-home-care-visit-scope-service-result-tutorial/,records-emergency,content,516,1,515,1,1,0,0,0,1,0.9981,EMERGING,REPO_EVIDENCE
https://familyboard.win/zh-tw/guides/familyboard-home-closure-reopening-tutorial/,maintenance,content,516,1,515,1,1,0,0,0,1,0.9981,EMERGING,REPO_EVIDENCE
https://familyboard.win/zh-tw/guides/familyboard-home-dashboard-weekly-review-tutorial/,household-operations,content,3,1,0,2,2,0,0,0,2,0,EMERGING,REPO_EVIDENCE
https://familyboard.win/zh-tw/guides/familyboard-home-emergency-drill-record-tutorial/,records-emergency,content,516,1,515,1,1,0,0,0,1,0.9981,EMERGING,REPO_EVIDENCE
https://familyboard.win/zh-tw/guides/familyboard-home-handoff-summary-generator-tutorial/,household-operations,content,516,1,515,5,5,0,0,0,5,0.9981,ESTABLISHED,REPO_EVIDENCE
https://familyboard.win/zh-tw/guides/familyboard-home-inventory-checklist-generator-tutorial/,inventory-warranty,content,516,1,515,2,2,0,0,0,2,0.9981,EMERGING,REPO_EVIDENCE
https://familyboard.win/zh-tw/guides/familyboard-home-maintenance-cost-tracker-tutorial/,inventory-warranty,content,516,1,515,1,1,0,0,0,1,0.9981,EMERGING,REPO_EVIDENCE
https://familyboard.win/zh-tw/guides/familyboard-home-maintenance-schedule-generator-tutorial/,maintenance,content,516,1,515,2,2,0,0,0,2,0.9981,EMERGING,REPO_EVIDENCE
https://familyboard.win/zh-tw/guides/familyboard-home-repair-change-order-tutorial/,maintenance,content,516,1,515,3,3,0,0,0,3,0.9981,ESTABLISHED,REPO_EVIDENCE
https://familyboard.win/zh-tw/guides/familyboard-home-repair-closeout-checklist-tutorial/,tools,content,516,1,515,1,1,0,0,0,1,0.9981,EMERGING,REPO_EVIDENCE
https://familyboard.win/zh-tw/guides/familyboard-home-repair-cost-log-tutorial/,inventory-warranty,content,516,1,515,4,4,0,0,0,4,0.9981,ESTABLISHED,REPO_EVIDENCE
https://familyboard.win/zh-tw/guides/familyboard-home-service-provider-verification-tutorial/,household-operations,content,516,1,515,1,1,0,0,0,1,0.9981,EMERGING,REPO_EVIDENCE
https://familyboard.win/zh-tw/guides/familyboard-home-service-reminder-generator-tutorial/,maintenance,content,516,1,515,1,1,0,0,0,1,0.9981,EMERGING,REPO_EVIDENCE
https://familyboard.win/zh-tw/guides/familyboard-house-sitter-instruction-generator-tutorial/,household-operations,content,516,1,515,3,3,0,0,0,3,0.9981,ESTABLISHED,REPO_EVIDENCE
https://familyboard.win/zh-tw/guides/familyboard-household-account-list-tutorial/,household-operations,content,516,1,515,2,2,0,0,0,2,0.9981,EMERGING,REPO_EVIDENCE
https://familyboard.win/zh-tw/guides/familyboard-household-admin-backup-tutorial/,records-emergency,content,516,1,515,3,3,0,0,0,3,0.9981,ESTABLISHED,REPO_EVIDENCE
https://familyboard.win/zh-tw/guides/familyboard-household-admin-escalation-tutorial/,household-operations,content,516,1,515,2,2,0,0,0,2,0.9981,EMERGING,REPO_EVIDENCE
https://familyboard.win/zh-tw/guides/familyboard-household-annual-review-generator-tutorial/,household-operations,content,516,1,515,2,2,0,0,0,2,0.9981,EMERGING,REPO_EVIDENCE
https://familyboard.win/zh-tw/guides/familyboard-household-availability-window-tutorial/,household-operations,content,516,1,515,2,2,0,0,0,2,0.9981,EMERGING,REPO_EVIDENCE
https://familyboard.win/zh-tw/guides/familyboard-household-backup-recovery-checker-tutorial/,product,content,516,1,515,2,2,0,0,0,2,0.9981,EMERGING,REPO_EVIDENCE
https://familyboard.win/zh-tw/guides/familyboard-household-bill-source-status-tutorial/,household-operations,content,516,1,515,1,1,0,0,0,1,0.9981,EMERGING,REPO_EVIDENCE
https://familyboard.win/zh-tw/guides/familyboard-household-decision-log-tutorial/,household-operations,content,516,1,515,3,3,0,0,0,3,0.9981,ESTABLISHED,REPO_EVIDENCE
https://familyboard.win/zh-tw/guides/familyboard-household-decision-register-tutorial/,household-operations,content,516,1,515,2,2,0,0,0,2,0.9981,EMERGING,REPO_EVIDENCE
https://familyboard.win/zh-tw/guides/familyboard-household-document-index-generator-tutorial/,household-operations,content,516,1,515,4,4,0,0,0,4,0.9981,ESTABLISHED,REPO_EVIDENCE
https://familyboard.win/zh-tw/guides/familyboard-household-document-redaction-tutorial/,records-emergency,content,516,1,515,2,2,0,0,0,2,0.9981,EMERGING,REPO_EVIDENCE
https://familyboard.win/zh-tw/guides/familyboard-household-export-scope-review-tutorial/,product,content,516,1,515,2,2,0,0,0,2,0.9981,EMERGING,REPO_EVIDENCE
https://familyboard.win/zh-tw/guides/familyboard-household-handoff-tutorial/,product,content,516,1,515,15,15,0,0,3,12,0.9981,STRONG,REPO_EVIDENCE
https://familyboard.win/zh-tw/guides/familyboard-household-language-preference-handoff-tutorial/,support,content,516,1,515,1,1,0,0,0,1,0.9981,EMERGING,REPO_EVIDENCE
https://familyboard.win/zh-tw/guides/familyboard-household-meeting-agenda-action-log-tutorial/,household-operations,content,516,1,515,2,2,0,0,0,2,0.9981,EMERGING,REPO_EVIDENCE
https://familyboard.win/zh-tw/guides/familyboard-household-meeting-tutorial/,product,content,516,1,515,5,5,0,0,1,4,0.9981,ESTABLISHED,REPO_EVIDENCE
https://familyboard.win/zh-tw/guides/familyboard-household-members-responsibilities-tutorial/,product,content,516,1,515,3,3,0,0,0,3,0.9981,ESTABLISHED,REPO_EVIDENCE
https://familyboard.win/zh-tw/guides/familyboard-household-notification-routing-tutorial/,household-operations,content,516,1,515,3,3,0,0,0,3,0.9981,ESTABLISHED,REPO_EVIDENCE
https://familyboard.win/zh-tw/guides/familyboard-household-quiet-hours-tutorial/,household-operations,content,516,1,515,1,1,0,0,0,1,0.9981,EMERGING,REPO_EVIDENCE
https://familyboard.win/zh-tw/guides/familyboard-household-responsibility-coverage-map-tutorial/,household-operations,content,516,1,515,2,2,0,0,0,2,0.9981,EMERGING,REPO_EVIDENCE
https://familyboard.win/zh-tw/guides/familyboard-household-responsibility-coverage-tutorial/,household-operations,content,516,1,515,2,2,0,0,0,2,0.9981,EMERGING,REPO_EVIDENCE
https://familyboard.win/zh-tw/guides/familyboard-household-return-handoff-tutorial/,product,content,516,1,515,4,4,0,0,0,4,0.9981,ESTABLISHED,REPO_EVIDENCE
https://familyboard.win/zh-tw/guides/familyboard-household-role-change-audit-tutorial/,household-operations,content,516,1,515,1,1,0,0,0,1,0.9981,EMERGING,REPO_EVIDENCE
https://familyboard.win/zh-tw/guides/familyboard-household-shopping-list-planner-tutorial/,household-operations,content,516,1,515,2,2,0,0,0,2,0.9981,EMERGING,REPO_EVIDENCE
https://familyboard.win/zh-tw/guides/familyboard-household-subscription-cost-calculator-tutorial/,household-operations,content,3,1,0,2,2,0,0,0,2,0,EMERGING,REPO_EVIDENCE
https://familyboard.win/zh-tw/guides/familyboard-household-task-dependency-map-tutorial/,household-operations,content,516,1,515,1,1,0,0,0,1,0.9981,EMERGING,REPO_EVIDENCE
https://familyboard.win/zh-tw/guides/familyboard-household-task-load-calculator-tutorial/,household-operations,content,516,1,515,1,1,0,0,0,1,0.9981,EMERGING,REPO_EVIDENCE
https://familyboard.win/zh-tw/guides/familyboard-household-time-window-overlap-checker-tutorial/,household-operations,content,516,1,515,1,1,0,0,0,1,0.9981,EMERGING,REPO_EVIDENCE
https://familyboard.win/zh-tw/guides/familyboard-important-household-document-review-tutorial/,household-operations,content,516,1,515,3,3,0,0,0,3,0.9981,ESTABLISHED,REPO_EVIDENCE
https://familyboard.win/zh-tw/guides/familyboard-insurance-claim-timeline-tutorial/,records-emergency,content,4,1,0,3,3,0,0,0,3,0,ESTABLISHED,REPO_EVIDENCE
https://familyboard.win/zh-tw/guides/familyboard-insurance-policy-source-version-tutorial/,inventory-warranty,content,516,1,515,1,1,0,0,0,1,0.9981,EMERGING,REPO_EVIDENCE
https://familyboard.win/zh-tw/guides/familyboard-internet-incident-tutorial/,product,content,516,1,515,1,1,0,0,0,1,0.9981,EMERGING,REPO_EVIDENCE
https://familyboard.win/zh-tw/guides/familyboard-mail-package-handoff-log-tutorial/,household-operations,content,516,1,515,1,1,0,0,0,1,0.9981,EMERGING,REPO_EVIDENCE
https://familyboard.win/zh-tw/guides/familyboard-mail-package-handoff-tutorial/,product,content,516,1,515,1,1,0,0,0,1,0.9981,EMERGING,REPO_EVIDENCE
https://familyboard.win/zh-tw/guides/familyboard-maintenance-delegation-map-tutorial/,tools,content,516,1,515,1,1,0,0,0,1,0.9981,EMERGING,REPO_EVIDENCE
https://familyboard.win/zh-tw/guides/familyboard-maintenance-event-cost-tutorial/,maintenance,content,516,1,515,5,5,0,0,0,5,0.9981,ESTABLISHED,REPO_EVIDENCE
https://familyboard.win/zh-tw/guides/familyboard-maintenance-evidence-confidence-tutorial/,maintenance,content,516,1,515,1,1,0,0,0,1,0.9981,EMERGING,REPO_EVIDENCE
https://familyboard.win/zh-tw/guides/familyboard-maintenance-history-review/,maintenance,content,516,1,515,3,3,0,0,0,3,0.9981,ESTABLISHED,REPO_EVIDENCE
https://familyboard.win/zh-tw/guides/familyboard-maintenance-priority-review-tutorial/,product,content,517,1,515,5,5,1,0,1,3,0.9961,ESTABLISHED,REPO_EVIDENCE
https://familyboard.win/zh-tw/guides/familyboard-maintenance-tracker-tutorial/,maintenance,content,516,1,515,3,3,0,0,0,3,0.9981,ESTABLISHED,REPO_EVIDENCE
https://familyboard.win/zh-tw/guides/familyboard-master-csv-edit-import/,product,content,516,1,515,4,4,0,0,0,4,0.9981,ESTABLISHED,REPO_EVIDENCE
https://familyboard.win/zh-tw/guides/familyboard-master-csv-edit-import-tutorial/,product,content,516,1,515,1,1,0,0,0,1,0.9981,EMERGING,REPO_EVIDENCE
https://familyboard.win/zh-tw/guides/familyboard-meal-prep-role-log-tutorial/,household-operations,content,516,1,515,1,1,0,0,0,1,0.9981,EMERGING,REPO_EVIDENCE
https://familyboard.win/zh-tw/guides/familyboard-meal-prep-tutorial/,product,content,516,1,515,1,1,0,0,0,1,0.9981,EMERGING,REPO_EVIDENCE
https://familyboard.win/zh-tw/guides/familyboard-medical-information-source-handoff-tutorial/,records-emergency,content,516,1,515,1,1,0,0,0,1,0.9981,EMERGING,REPO_EVIDENCE
https://familyboard.win/zh-tw/guides/familyboard-member-archive-tutorial/,product,content,516,1,515,1,1,0,0,0,1,0.9981,EMERGING,REPO_EVIDENCE
https://familyboard.win/zh-tw/guides/familyboard-meter-reading-tutorial/,product,content,516,1,515,1,1,0,0,0,1,0.9981,EMERGING,REPO_EVIDENCE
https://familyboard.win/zh-tw/guides/familyboard-monthly-review-action-tutorial/,product,content,516,1,515,6,6,0,0,1,5,0.9981,STRONG,REPO_EVIDENCE
https://familyboard.win/zh-tw/guides/familyboard-move-in-checklist-generator-tutorial/,household-operations,content,516,1,515,1,1,0,0,0,1,0.9981,EMERGING,REPO_EVIDENCE
https://familyboard.win/zh-tw/guides/familyboard-move-out-condition-report-generator-tutorial/,household-operations,content,516,1,515,1,1,0,0,0,1,0.9981,EMERGING,REPO_EVIDENCE
https://familyboard.win/zh-tw/guides/familyboard-move-out-condition-tutorial/,product,content,516,1,515,1,1,0,0,0,1,0.9981,EMERGING,REPO_EVIDENCE
https://familyboard.win/zh-tw/guides/familyboard-moving-box-handover-log-tutorial/,household-operations,content,516,1,515,1,1,0,0,0,1,0.9981,EMERGING,REPO_EVIDENCE
https://familyboard.win/zh-tw/guides/familyboard-offline-backup-restore/,product,content,516,1,515,26,26,0,0,2,24,0.9981,STRONG,REPO_EVIDENCE
https://familyboard.win/zh-tw/guides/familyboard-old-tablet-display-tutorial/,product,content,517,1,515,7,7,1,0,0,6,0.9961,STRONG,REPO_EVIDENCE
https://familyboard.win/zh-tw/guides/familyboard-pantry-expiry-review-log-tutorial/,household-operations,content,516,1,515,1,1,0,0,0,1,0.9981,EMERGING,REPO_EVIDENCE
https://familyboard.win/zh-tw/guides/familyboard-pantry-review-tutorial/,product,content,516,1,515,3,3,0,0,1,2,0.9981,ESTABLISHED,REPO_EVIDENCE
https://familyboard.win/zh-tw/guides/familyboard-pet-record-source-handoff-tutorial/,tools,content,516,1,515,1,1,0,0,0,1,0.9981,EMERGING,REPO_EVIDENCE
https://familyboard.win/zh-tw/guides/familyboard-pet-sitter-instruction-generator-tutorial/,records-emergency,content,516,1,515,1,1,0,0,0,1,0.9981,EMERGING,REPO_EVIDENCE
https://familyboard.win/zh-tw/guides/familyboard-photo-inventory-tutorial/,product,content,516,1,515,1,1,0,0,0,1,0.9981,EMERGING,REPO_EVIDENCE
https://familyboard.win/zh-tw/guides/familyboard-plant-care-handoff-log-tutorial/,household-operations,content,516,1,515,1,1,0,0,0,1,0.9981,EMERGING,REPO_EVIDENCE
https://familyboard.win/zh-tw/guides/familyboard-plant-care-handoff-tutorial/,product,content,516,1,515,2,2,0,0,1,1,0.9981,EMERGING,REPO_EVIDENCE
https://familyboard.win/zh-tw/guides/familyboard-power-outage-event-log-tutorial/,records-emergency,content,516,1,515,4,4,0,0,1,3,0.9981,ESTABLISHED,REPO_EVIDENCE
https://familyboard.win/zh-tw/guides/familyboard-printout-download-retention-tutorial/,product,content,516,1,515,2,2,0,0,0,2,0.9981,EMERGING,REPO_EVIDENCE
https://familyboard.win/zh-tw/guides/familyboard-privacy-review-handoff-tutorial/,records-emergency,content,516,1,515,3,3,0,0,0,3,0.9981,ESTABLISHED,REPO_EVIDENCE
https://familyboard.win/zh-tw/guides/familyboard-private-family-organizer-tutorial/,product,content,3,1,0,2,2,0,0,0,2,0,EMERGING,REPO_EVIDENCE
https://familyboard.win/zh-tw/guides/familyboard-product-recall-action-log-tutorial/,appliances,content,516,1,515,2,2,0,0,0,2,0.9981,EMERGING,REPO_EVIDENCE
https://familyboard.win/zh-tw/guides/familyboard-product-recall-action-tutorial/,product,content,516,1,515,1,1,0,0,0,1,0.9981,EMERGING,REPO_EVIDENCE
https://familyboard.win/zh-tw/guides/familyboard-purchase-comparison-tutorial/,household-operations,content,516,1,515,2,2,0,0,0,2,0.9981,EMERGING,REPO_EVIDENCE
https://familyboard.win/zh-tw/guides/familyboard-purchase-delivery-evidence-tutorial/,inventory-warranty,content,516,1,515,2,2,0,0,0,2,0.9981,EMERGING,REPO_EVIDENCE
https://familyboard.win/zh-tw/guides/familyboard-pwa-update-tutorial/,product,content,516,1,515,1,1,0,0,0,1,0.9981,EMERGING,REPO_EVIDENCE
https://familyboard.win/zh-tw/guides/familyboard-receipt-retention-organizer-tutorial/,inventory-warranty,content,516,1,515,1,1,0,0,0,1,0.9981,EMERGING,REPO_EVIDENCE
https://familyboard.win/zh-tw/guides/familyboard-receipt-source-verification-tutorial/,inventory-warranty,content,516,1,515,1,1,0,0,0,1,0.9981,EMERGING,REPO_EVIDENCE
https://familyboard.win/zh-tw/guides/familyboard-record-linking-tutorial/,product,content,3,1,0,2,2,0,0,0,2,0,EMERGING,REPO_EVIDENCE
https://familyboard.win/zh-tw/guides/familyboard-record-retention-decision-log-tutorial/,tools,content,516,1,515,2,2,0,0,0,2,0.9981,EMERGING,REPO_EVIDENCE
https://familyboard.win/zh-tw/guides/familyboard-record-retention-decision-tutorial/,records-emergency,content,516,1,515,1,1,0,0,0,1,0.9981,EMERGING,REPO_EVIDENCE
https://familyboard.win/zh-tw/guides/familyboard-record-retrieval-drill-tutorial/,records-emergency,content,516,1,515,5,5,0,0,0,5,0.9981,ESTABLISHED,REPO_EVIDENCE
https://familyboard.win/zh-tw/guides/familyboard-record-retrieval-practice-tutorial/,records-emergency,content,516,1,515,4,4,0,0,0,4,0.9981,ESTABLISHED,REPO_EVIDENCE
https://familyboard.win/zh-tw/guides/familyboard-recurring-chore-planner-tutorial/,household-operations,content,516,1,515,2,2,0,0,0,2,0.9981,EMERGING,REPO_EVIDENCE
https://familyboard.win/zh-tw/guides/familyboard-recycling-handoff-tutorial/,product,content,516,1,515,1,1,0,0,0,1,0.9981,EMERGING,REPO_EVIDENCE
https://familyboard.win/zh-tw/guides/familyboard-rental-home-maintenance-handoff-tutorial/,maintenance,content,516,1,515,1,1,0,0,0,1,0.9981,EMERGING,REPO_EVIDENCE
https://familyboard.win/zh-tw/guides/familyboard-rental-repair-request-tutorial/,records-emergency,content,2,1,0,1,1,0,0,0,1,0,EMERGING,REPO_EVIDENCE
https://familyboard.win/zh-tw/guides/familyboard-rental-security-deposit-move-out-tutorial/,records-emergency,content,516,1,515,2,2,0,0,0,2,0.9981,EMERGING,REPO_EVIDENCE
https://familyboard.win/zh-tw/guides/familyboard-repair-change-order-tutorial/,maintenance,content,516,1,515,2,2,0,0,0,2,0.9981,EMERGING,REPO_EVIDENCE
https://familyboard.win/zh-tw/guides/familyboard-repair-evidence-timeline-tutorial/,records-emergency,content,516,1,515,4,4,0,0,0,4,0.9981,ESTABLISHED,REPO_EVIDENCE
https://familyboard.win/zh-tw/guides/familyboard-repair-punch-list-review-tutorial/,maintenance,content,516,1,515,1,1,0,0,0,1,0.9981,EMERGING,REPO_EVIDENCE
https://familyboard.win/zh-tw/guides/familyboard-repair-punch-list-tutorial/,maintenance,content,516,1,515,3,3,0,0,0,3,0.9981,ESTABLISHED,REPO_EVIDENCE
https://familyboard.win/zh-tw/guides/familyboard-replacement-part-source-check-log-tutorial/,inventory-warranty,content,516,1,515,1,1,0,0,0,1,0.9981,EMERGING,REPO_EVIDENCE
https://familyboard.win/zh-tw/guides/familyboard-replacement-part-source-check-tutorial/,inventory-warranty,content,516,1,515,1,1,0,0,0,1,0.9981,EMERGING,REPO_EVIDENCE
https://familyboard.win/zh-tw/guides/familyboard-reset-local-household-tutorial/,product,content,516,1,515,1,1,0,0,0,1,0.9981,EMERGING,REPO_EVIDENCE
https://familyboard.win/zh-tw/guides/familyboard-restore-merge-replace-tutorial/,product,content,516,1,515,4,4,0,0,0,4,0.9981,ESTABLISHED,REPO_EVIDENCE
https://familyboard.win/zh-tw/guides/familyboard-room-inventory-generator-tutorial/,inventory-warranty,content,516,1,515,1,1,0,0,0,1,0.9981,EMERGING,REPO_EVIDENCE
https://familyboard.win/zh-tw/guides/familyboard-router-support-review-tutorial/,records-emergency,content,517,1,515,4,4,1,0,1,2,0.9961,ESTABLISHED,REPO_EVIDENCE
https://familyboard.win/zh-tw/guides/familyboard-schedule-conflict-review-tutorial/,product,content,517,1,515,7,7,1,0,2,4,0.9961,STRONG,REPO_EVIDENCE
https://familyboard.win/zh-tw/guides/familyboard-school-activity-handoff-tutorial/,product,content,516,1,515,1,1,0,0,0,1,0.9981,EMERGING,REPO_EVIDENCE
https://familyboard.win/zh-tw/guides/familyboard-school-closure-continuity-tutorial/,records-emergency,content,2,1,0,1,1,0,0,0,1,0,EMERGING,REPO_EVIDENCE
https://familyboard.win/zh-tw/guides/familyboard-school-pickup-handoff-tutorial/,product,content,516,1,515,1,1,0,0,0,1,0.9981,EMERGING,REPO_EVIDENCE
https://familyboard.win/zh-tw/guides/familyboard-school-record-source-handoff-tutorial/,records-emergency,content,516,1,515,1,1,0,0,0,1,0.9981,EMERGING,REPO_EVIDENCE
https://familyboard.win/zh-tw/guides/familyboard-seasonal-reset-tutorial/,household-operations,content,517,1,515,4,4,1,0,1,2,0.9961,ESTABLISHED,REPO_EVIDENCE
https://familyboard.win/zh-tw/guides/familyboard-service-appointment-handoff-tutorial/,product,content,517,1,515,5,5,1,0,0,4,0.9961,ESTABLISHED,REPO_EVIDENCE
https://familyboard.win/zh-tw/guides/familyboard-service-provider-verification-tutorial/,maintenance,content,516,1,515,3,3,0,0,0,3,0.9981,ESTABLISHED,REPO_EVIDENCE
https://familyboard.win/zh-tw/guides/familyboard-service-quote-comparison-tutorial/,product,content,517,1,515,4,4,1,0,1,2,0.9961,ESTABLISHED,REPO_EVIDENCE
https://familyboard.win/zh-tw/guides/familyboard-share-access-tutorial/,product,content,516,1,515,6,6,0,0,0,6,0.9981,STRONG,REPO_EVIDENCE
https://familyboard.win/zh-tw/guides/familyboard-shared-device-privacy-review-tutorial/,product,content,516,1,515,2,2,0,0,0,2,0.9981,EMERGING,REPO_EVIDENCE
https://familyboard.win/zh-tw/guides/familyboard-shared-display-privacy-tutorial/,product,content,516,1,515,3,3,0,0,0,3,0.9981,ESTABLISHED,REPO_EVIDENCE
https://familyboard.win/zh-tw/guides/familyboard-shopping-list-planner-tutorial/,household-operations,content,517,1,515,4,4,1,0,0,3,0.9961,ESTABLISHED,REPO_EVIDENCE
https://familyboard.win/zh-tw/guides/familyboard-storage-health-warning-tutorial/,product,content,516,1,515,2,2,0,0,0,2,0.9981,EMERGING,REPO_EVIDENCE
https://familyboard.win/zh-tw/guides/familyboard-storage-open-error-tutorial/,product,content,516,1,515,1,1,0,0,0,1,0.9981,EMERGING,REPO_EVIDENCE
https://familyboard.win/zh-tw/guides/familyboard-storage-unit-access-inventory-log-tutorial/,household-operations,content,516,1,515,1,1,0,0,0,1,0.9981,EMERGING,REPO_EVIDENCE
https://familyboard.win/zh-tw/guides/familyboard-storm-readiness-review-tutorial/,records-emergency,content,516,1,515,1,1,0,0,0,1,0.9981,EMERGING,REPO_EVIDENCE
https://familyboard.win/zh-tw/guides/familyboard-subscription-cancellation-handoff-tutorial/,product,content,516,1,515,1,1,0,0,0,1,0.9981,EMERGING,REPO_EVIDENCE
https://familyboard.win/zh-tw/guides/familyboard-subscription-cancellation-result-review-tutorial/,household-operations,content,516,1,515,1,1,0,0,0,1,0.9981,EMERGING,REPO_EVIDENCE
https://familyboard.win/zh-tw/guides/familyboard-subscription-renewal-review/,household-operations,content,516,1,515,1,1,0,0,0,1,0.9981,EMERGING,REPO_EVIDENCE
https://familyboard.win/zh-tw/guides/familyboard-task-completion-tutorial/,product,content,516,1,515,1,1,0,0,0,1,0.9981,EMERGING,REPO_EVIDENCE
https://familyboard.win/zh-tw/guides/familyboard-task-load-calculator-tutorial/,product,content,517,1,515,2,2,1,0,0,1,0.9961,EMERGING,REPO_EVIDENCE
https://familyboard.win/zh-tw/guides/familyboard-time-window-overlap-checker-tutorial/,product,content,3,1,0,2,2,1,0,0,1,0,EMERGING,REPO_EVIDENCE
https://familyboard.win/zh-tw/guides/familyboard-trip-handoff-tutorial/,product,content,516,1,515,6,6,0,0,1,5,0.9981,STRONG,REPO_EVIDENCE
https://familyboard.win/zh-tw/guides/familyboard-trip-packing-handoff-log-tutorial/,household-operations,content,516,1,515,2,2,0,0,0,2,0.9981,EMERGING,REPO_EVIDENCE
https://familyboard.win/zh-tw/guides/familyboard-utility-bill-anomaly-log-tutorial/,tools,content,516,1,515,1,1,0,0,0,1,0.9981,EMERGING,REPO_EVIDENCE
https://familyboard.win/zh-tw/guides/familyboard-utility-bill-difference-tutorial/,tools,content,3,1,0,2,2,0,0,0,2,0,EMERGING,REPO_EVIDENCE
https://familyboard.win/zh-tw/guides/familyboard-utility-provider-handoff-tutorial/,records-emergency,content,516,1,515,1,1,0,0,0,1,0.9981,EMERGING,REPO_EVIDENCE
https://familyboard.win/zh-tw/guides/familyboard-vacation-shutdown-checklist-generator-tutorial/,household-operations,content,516,1,515,1,1,0,0,0,1,0.9981,EMERGING,REPO_EVIDENCE
https://familyboard.win/zh-tw/guides/familyboard-vehicle-document-source-status-tutorial/,records-emergency,content,516,1,515,1,1,0,0,0,1,0.9981,EMERGING,REPO_EVIDENCE
https://familyboard.win/zh-tw/guides/familyboard-vendor-onboarding-tutorial/,maintenance,content,516,1,515,1,1,0,0,0,1,0.9981,EMERGING,REPO_EVIDENCE
https://familyboard.win/zh-tw/guides/familyboard-warranty-checklist-generator-tutorial/,inventory-warranty,content,516,1,515,2,2,0,0,0,2,0.9981,EMERGING,REPO_EVIDENCE
https://familyboard.win/zh-tw/guides/familyboard-warranty-claim-evidence-log-tutorial/,inventory-warranty,content,516,1,515,2,2,0,0,0,2,0.9981,EMERGING,REPO_EVIDENCE
https://familyboard.win/zh-tw/guides/familyboard-warranty-expiration-calculator-tutorial/,inventory-warranty,content,2,1,0,1,1,0,0,0,1,0,EMERGING,REPO_EVIDENCE
https://familyboard.win/zh-tw/guides/familyboard-warranty-tracker-tutorial/,inventory-warranty,content,516,1,515,1,1,0,0,0,1,0.9981,EMERGING,REPO_EVIDENCE
https://familyboard.win/zh-tw/guides/familyboard-water-leak-event-log-tutorial/,product,content,516,1,515,3,3,0,0,1,2,0.9981,ESTABLISHED,REPO_EVIDENCE
https://familyboard.win/zh-tw/guides/familyboard-weekly-household-decision-review-tutorial/,household-operations,content,516,1,515,1,1,0,0,0,1,0.9981,EMERGING,REPO_EVIDENCE
https://familyboard.win/zh-tw/guides/familyboard-weekly-reset-action-tutorial/,product,content,516,1,515,4,4,0,0,0,4,0.9981,ESTABLISHED,REPO_EVIDENCE
https://familyboard.win/zh-tw/guides/fire-extinguisher-records/,records-emergency,content,3,1,0,2,2,0,0,0,2,0,EMERGING,REPO_EVIDENCE
https://familyboard.win/zh-tw/guides/first-time-homeowner-maintenance-guide/,maintenance,content,516,1,515,3,3,0,0,0,3,0.9981,ESTABLISHED,REPO_EVIDENCE
https://familyboard.win/zh-tw/guides/freezer-maintenance-checklist/,appliances,content,516,1,515,1,1,0,0,0,1,0.9981,EMERGING,REPO_EVIDENCE
https://familyboard.win/zh-tw/guides/furnace-maintenance-records/,appliances,content,7,1,0,6,6,0,0,0,6,0,STRONG,REPO_EVIDENCE
https://familyboard.win/zh-tw/guides/furniture-inventory/,inventory-warranty,content,2,1,0,1,1,0,0,0,1,0,EMERGING,REPO_EVIDENCE
https://familyboard.win/zh-tw/guides/garbage-disposal-maintenance-guide/,appliances,content,2,1,0,1,1,0,0,0,1,0,EMERGING,REPO_EVIDENCE
https://familyboard.win/zh-tw/guides/guest-preparation-checklist/,household-operations,content,4,1,0,3,3,0,0,1,2,0,ESTABLISHED,REPO_EVIDENCE
https://familyboard.win/zh-tw/guides/heat-pump-maintenance-records/,appliances,content,2,1,0,1,1,0,0,0,1,0,EMERGING,REPO_EVIDENCE
https://familyboard.win/zh-tw/guides/home-care-refund-and-collection-notices/,records-emergency,content,515,0,515,3,3,0,0,1,2,1,ESTABLISHED,REPO_EVIDENCE
https://familyboard.win/zh-tw/guides/home-care-service-complaint-resolution/,records-emergency,content,515,0,515,9,9,0,0,4,5,1,STRONG,REPO_EVIDENCE
https://familyboard.win/zh-tw/guides/home-care-service-fees-and-billing/,records-emergency,content,515,0,515,4,4,0,0,1,3,1,ESTABLISHED,REPO_EVIDENCE
https://familyboard.win/zh-tw/guides/home-care-service-interruption-backup-plan/,records-emergency,content,515,0,515,4,4,0,0,1,3,1,ESTABLISHED,REPO_EVIDENCE
https://familyboard.win/zh-tw/guides/home-care-service-plan-changes/,records-emergency,content,515,0,515,6,6,0,0,2,4,1,STRONG,REPO_EVIDENCE
https://familyboard.win/zh-tw/guides/home-care-service-visit-records/,records-emergency,content,515,0,515,9,9,0,0,4,5,1,STRONG,REPO_EVIDENCE
https://familyboard.win/zh-tw/guides/home-contact-list/,records-emergency,content,516,1,515,3,3,0,0,0,2,0.9981,ESTABLISHED,REPO_EVIDENCE
https://familyboard.win/zh-tw/guides/home-evacuation-information/,records-emergency,content,516,1,515,10,10,0,0,4,5,0.9981,STRONG,REPO_EVIDENCE
https://familyboard.win/zh-tw/guides/home-improvement-receipts/,inventory-warranty,content,516,1,515,8,8,0,0,3,5,0.9981,STRONG,REPO_EVIDENCE
https://familyboard.win/zh-tw/guides/home-inventory-checklist/,inventory-warranty,content,8,1,0,7,7,0,0,0,6,0,STRONG,REPO_EVIDENCE
https://familyboard.win/zh-tw/guides/home-inventory-for-insurance/,inventory-warranty,content,9,1,0,8,8,0,0,1,7,0,STRONG,REPO_EVIDENCE
https://familyboard.win/zh-tw/guides/home-maintenance-after-vacation/,maintenance,content,516,1,515,3,3,0,0,0,3,0.9981,ESTABLISHED,REPO_EVIDENCE
https://familyboard.win/zh-tw/guides/home-maintenance-binder/,maintenance,content,516,1,515,3,3,0,0,0,3,0.9981,ESTABLISHED,REPO_EVIDENCE
https://familyboard.win/zh-tw/guides/home-maintenance-budget/,maintenance,content,516,1,515,4,4,0,0,0,4,0.9981,ESTABLISHED,REPO_EVIDENCE
https://familyboard.win/zh-tw/guides/home-maintenance-calendar/,maintenance,content,516,1,515,4,4,0,0,0,4,0.9981,ESTABLISHED,REPO_EVIDENCE
https://familyboard.win/zh-tw/guides/home-maintenance-delegation/,maintenance,content,516,1,515,6,6,0,0,1,5,0.9981,STRONG,REPO_EVIDENCE
https://familyboard.win/zh-tw/guides/home-maintenance-log/,maintenance,content,516,1,515,14,14,0,0,6,8,0.9981,STRONG,REPO_EVIDENCE
https://familyboard.win/zh-tw/guides/home-maintenance-records/,maintenance,content,516,1,515,7,7,0,0,0,7,0.9981,STRONG,REPO_EVIDENCE
https://familyboard.win/zh-tw/guides/home-maintenance-reminders/,maintenance,content,516,1,515,6,6,0,0,1,5,0.9981,STRONG,REPO_EVIDENCE
https://familyboard.win/zh-tw/guides/home-maintenance-schedule/,maintenance,content,516,516,515,12,12,0,0,3,7,0.9981,STRONG,REPO_EVIDENCE
https://familyboard.win/zh-tw/guides/home-purchase-records/,inventory-warranty,content,2,1,0,1,1,0,0,0,1,0,EMERGING,REPO_EVIDENCE
https://familyboard.win/zh-tw/guides/home-repair-history/,maintenance,content,516,1,515,7,7,0,0,0,6,0.9981,STRONG,REPO_EVIDENCE
https://familyboard.win/zh-tw/guides/home-service-provider-list/,maintenance,content,516,1,515,14,14,0,0,2,11,0.9981,STRONG,REPO_EVIDENCE
https://familyboard.win/zh-tw/guides/house-sitter-information/,household-operations,content,11,1,0,10,10,0,0,1,8,0,STRONG,REPO_EVIDENCE
https://familyboard.win/zh-tw/guides/household-account-list/,household-operations,content,516,1,515,6,6,0,0,2,4,0.9981,STRONG,REPO_EVIDENCE
https://familyboard.win/zh-tw/guides/household-admin-backup-person/,records-emergency,content,516,1,515,9,9,0,0,2,6,0.9981,STRONG,REPO_EVIDENCE
https://familyboard.win/zh-tw/guides/household-admin-day/,household-operations,content,2,1,0,1,1,0,0,0,1,0,EMERGING,REPO_EVIDENCE
https://familyboard.win/zh-tw/guides/household-documents-organizer/,records-emergency,content,516,1,515,14,14,0,0,5,9,0.9981,STRONG,REPO_EVIDENCE
https://familyboard.win/zh-tw/guides/household-event-source-check-taiwan/,household-operations,content,515,0,515,1,1,0,0,0,1,1,EMERGING,REPO_EVIDENCE
https://familyboard.win/zh-tw/guides/household-handoff/,records-emergency,content,6,1,0,5,5,0,0,1,3,0,ESTABLISHED,REPO_EVIDENCE
https://familyboard.win/zh-tw/guides/household-management-checklist/,household-operations,content,516,1,515,3,3,0,0,1,2,0.9981,ESTABLISHED,REPO_EVIDENCE
https://familyboard.win/zh-tw/guides/household-medical-information-organization/,records-emergency,content,516,1,515,8,8,0,0,3,5,0.9981,STRONG,REPO_EVIDENCE
https://familyboard.win/zh-tw/guides/household-monthly-review/,household-operations,content,516,1,515,15,15,0,0,4,9,0.9981,STRONG,REPO_EVIDENCE
https://familyboard.win/zh-tw/guides/household-replacement-reserve/,inventory-warranty,content,3,1,0,2,2,0,0,0,2,0,EMERGING,REPO_EVIDENCE
https://familyboard.win/zh-tw/guides/household-shopping-staples/,household-operations,content,3,1,0,2,2,0,0,0,2,0,EMERGING,REPO_EVIDENCE
https://familyboard.win/zh-tw/guides/household-supplies-inventory/,household-operations,content,516,1,515,9,9,0,0,2,7,0.9981,STRONG,REPO_EVIDENCE
https://familyboard.win/zh-tw/guides/household-weekly-reset/,household-operations,content,16,1,0,15,15,0,0,3,11,0,STRONG,REPO_EVIDENCE
https://familyboard.win/zh-tw/guides/how-long-to-keep-household-records/,records-emergency,content,516,1,515,8,8,0,0,3,5,0.9981,STRONG,REPO_EVIDENCE
https://familyboard.win/zh-tw/guides/how-to-track-product-warranties/,inventory-warranty,content,516,1,515,24,24,0,0,6,15,0.9981,STRONG,REPO_EVIDENCE
https://familyboard.win/zh-tw/guides/humidifier-maintenance-guide/,appliances,content,2,1,0,1,1,0,0,0,1,0,EMERGING,REPO_EVIDENCE
https://familyboard.win/zh-tw/guides/hvac-filter-tracker/,appliances,content,9,1,0,8,8,0,0,1,7,0,STRONG,REPO_EVIDENCE
https://familyboard.win/zh-tw/guides/important-household-documents/,records-emergency,content,516,1,515,14,14,0,0,4,9,0.9981,STRONG,REPO_EVIDENCE
https://familyboard.win/zh-tw/guides/,support,support,516,1,515,1,1,0,0,0,1,0.9981,EMERGING,REPO_EVIDENCE
https://familyboard.win/zh-tw/guides/maintenance-priorities/,maintenance,content,516,1,515,4,4,0,0,0,3,0.9981,ESTABLISHED,REPO_EVIDENCE
https://familyboard.win/zh-tw/guides/microwave-maintenance-checklist/,appliances,content,2,1,0,1,1,0,0,0,1,0,EMERGING,REPO_EVIDENCE
https://familyboard.win/zh-tw/guides/monthly-home-maintenance-checklist/,maintenance,content,516,1,515,6,6,0,0,0,4,0.9981,STRONG,REPO_EVIDENCE
https://familyboard.win/zh-tw/guides/move-in-maintenance-checklist/,maintenance,content,516,1,515,3,3,0,0,0,3,0.9981,ESTABLISHED,REPO_EVIDENCE
https://familyboard.win/zh-tw/guides/move-out-home-records/,maintenance,content,516,1,515,9,9,0,0,3,5,0.9981,STRONG,REPO_EVIDENCE
https://familyboard.win/zh-tw/guides/moving-house-organizer/,household-operations,content,6,1,0,5,5,0,0,1,3,0,ESTABLISHED,REPO_EVIDENCE
https://familyboard.win/zh-tw/guides/moving-inventory/,inventory-warranty,content,516,1,515,9,9,0,0,1,7,0.9981,STRONG,REPO_EVIDENCE
https://familyboard.win/zh-tw/guides/new-home-setup-checklist/,household-operations,content,5,1,0,4,4,0,0,0,4,0,ESTABLISHED,REPO_EVIDENCE
https://familyboard.win/zh-tw/guides/organize-appliance-manuals/,records-emergency,content,516,1,515,4,4,0,0,1,2,0.9981,ESTABLISHED,REPO_EVIDENCE
https://familyboard.win/zh-tw/guides/organize-household-subscriptions/,household-operations,content,516,1,515,16,16,0,0,2,12,0.9981,STRONG,REPO_EVIDENCE
https://familyboard.win/zh-tw/guides/organize-insurance-documents/,records-emergency,content,516,1,515,7,7,0,0,3,4,0.9981,STRONG,REPO_EVIDENCE
https://familyboard.win/zh-tw/guides/organize-pet-records/,records-emergency,content,516,1,515,5,5,0,0,1,3,0.9981,ESTABLISHED,REPO_EVIDENCE
https://familyboard.win/zh-tw/guides/organize-school-records-at-home/,records-emergency,content,516,1,515,5,5,0,0,2,3,0.9981,ESTABLISHED,REPO_EVIDENCE
https://familyboard.win/zh-tw/guides/organize-utility-account-information/,records-emergency,content,516,1,515,3,3,0,0,1,2,0.9981,ESTABLISHED,REPO_EVIDENCE
https://familyboard.win/zh-tw/guides/organize-vehicle-documents-at-home/,records-emergency,content,516,1,515,3,3,0,0,1,2,0.9981,ESTABLISHED,REPO_EVIDENCE
https://familyboard.win/zh-tw/guides/oven-maintenance-checklist/,appliances,content,516,1,515,2,2,0,0,0,2,0.9981,EMERGING,REPO_EVIDENCE
https://familyboard.win/zh-tw/guides/pantry-restock-system/,household-operations,content,5,1,0,4,4,0,0,1,3,0,ESTABLISHED,REPO_EVIDENCE
https://familyboard.win/zh-tw/guides/pet-sitter-information/,household-operations,content,6,1,0,5,5,0,0,0,4,0,ESTABLISHED,REPO_EVIDENCE
https://familyboard.win/zh-tw/guides/photo-home-inventory/,inventory-warranty,content,7,1,0,6,6,0,0,0,5,0,STRONG,REPO_EVIDENCE
https://familyboard.win/zh-tw/guides/power-outage-home-preparedness/,records-emergency,content,516,1,515,14,14,0,0,3,10,0.9981,STRONG,REPO_EVIDENCE
https://familyboard.win/zh-tw/guides/power-outage-recovery-household-records/,records-emergency,content,515,0,515,2,2,0,0,0,2,1,EMERGING,REPO_EVIDENCE
https://familyboard.win/zh-tw/guides/preventive-home-maintenance/,maintenance,content,516,1,515,2,2,0,0,0,2,0.9981,EMERGING,REPO_EVIDENCE
https://familyboard.win/zh-tw/guides/product-registration-tracker/,inventory-warranty,content,516,1,515,5,5,0,0,2,3,0.9981,ESTABLISHED,REPO_EVIDENCE
https://familyboard.win/zh-tw/guides/purchase-receipt-organizer/,inventory-warranty,content,516,1,515,8,8,0,0,2,5,0.9981,STRONG,REPO_EVIDENCE
https://familyboard.win/zh-tw/guides/quarterly-home-maintenance-checklist/,maintenance,content,516,1,515,2,2,0,0,0,2,0.9981,EMERGING,REPO_EVIDENCE
https://familyboard.win/zh-tw/guides/range-hood-maintenance-checklist/,appliances,content,516,1,515,2,2,0,0,0,2,0.9981,EMERGING,REPO_EVIDENCE
https://familyboard.win/zh-tw/guides/recurring-bills-tracker/,household-operations,content,9,1,0,8,8,0,0,2,5,0,STRONG,REPO_EVIDENCE
https://familyboard.win/zh-tw/guides/recurring-household-tasks/,household-operations,content,3,1,0,2,2,0,0,0,2,0,EMERGING,REPO_EVIDENCE
https://familyboard.win/zh-tw/guides/refrigerator-maintenance-checklist/,appliances,content,516,1,515,2,2,0,0,0,2,0.9981,EMERGING,REPO_EVIDENCE
https://familyboard.win/zh-tw/guides/renovation-records/,inventory-warranty,content,516,1,515,9,9,0,0,3,6,0.9981,STRONG,REPO_EVIDENCE
https://familyboard.win/zh-tw/guides/rental-home-maintenance-log/,maintenance,content,516,1,515,5,5,0,0,1,4,0.9981,ESTABLISHED,REPO_EVIDENCE
https://familyboard.win/zh-tw/guides/rental-security-deposit-move-out-claims/,records-emergency,content,515,0,515,3,3,0,0,1,2,1,ESTABLISHED,REPO_EVIDENCE
https://familyboard.win/zh-tw/guides/repair-history/,inventory-warranty,content,516,1,515,8,8,0,0,1,6,0.9981,STRONG,REPO_EVIDENCE
https://familyboard.win/zh-tw/guides/returning-home-after-travel-checklist/,household-operations,content,3,1,0,2,2,0,0,0,2,0,EMERGING,REPO_EVIDENCE
https://familyboard.win/zh-tw/guides/robot-vacuum-maintenance-guide/,appliances,content,3,1,0,2,2,0,0,0,2,0,EMERGING,REPO_EVIDENCE
https://familyboard.win/zh-tw/guides/room-by-room-home-inventory/,inventory-warranty,content,516,1,515,15,15,0,0,5,9,0.9981,STRONG,REPO_EVIDENCE
https://familyboard.win/zh-tw/guides/seasonal-home-maintenance-checklist/,maintenance,content,516,1,515,8,8,0,0,0,6,0.9981,STRONG,REPO_EVIDENCE
https://familyboard.win/zh-tw/guides/serial-number-tracker/,inventory-warranty,content,10,1,0,9,9,0,0,0,7,0,STRONG,REPO_EVIDENCE
https://familyboard.win/zh-tw/guides/service-history/,inventory-warranty,content,516,1,515,3,3,0,0,1,2,0.9981,ESTABLISHED,REPO_EVIDENCE
https://familyboard.win/zh-tw/guides/service-provider-contact-list/,household-operations,content,4,1,0,3,3,0,0,1,2,0,ESTABLISHED,REPO_EVIDENCE
https://familyboard.win/zh-tw/guides/smoke-alarm-records/,records-emergency,content,4,1,0,3,3,0,0,0,3,0,ESTABLISHED,REPO_EVIDENCE
https://familyboard.win/zh-tw/guides/solar-panel-maintenance-records/,maintenance,content,2,1,0,1,1,0,0,0,1,0,EMERGING,REPO_EVIDENCE
https://familyboard.win/zh-tw/guides/spring-home-maintenance-checklist/,maintenance,content,516,1,515,2,2,0,0,0,1,0.9981,EMERGING,REPO_EVIDENCE
https://familyboard.win/zh-tw/guides/storage-unit-inventory/,inventory-warranty,content,516,1,515,3,3,0,0,1,2,0.9981,ESTABLISHED,REPO_EVIDENCE
https://familyboard.win/zh-tw/guides/storm-preparation-home-checklist/,maintenance,content,516,1,515,6,6,0,0,1,5,0.9981,STRONG,REPO_EVIDENCE
https://familyboard.win/zh-tw/guides/subscription-cancellation-refund-records/,household-operations,content,516,1,515,5,5,0,0,1,4,0.9981,ESTABLISHED,REPO_EVIDENCE
https://familyboard.win/zh-tw/guides/subscription-renewal-tracker/,household-operations,content,6,1,0,5,5,0,0,0,4,0,ESTABLISHED,REPO_EVIDENCE
https://familyboard.win/zh-tw/guides/summer-home-maintenance-checklist/,maintenance,content,516,1,515,2,2,0,0,0,2,0.9981,EMERGING,REPO_EVIDENCE
https://familyboard.win/zh-tw/guides/travel-household-handoff/,household-operations,content,13,1,0,12,12,0,0,0,11,0,STRONG,REPO_EVIDENCE
https://familyboard.win/zh-tw/guides/ups-battery-backup-records/,maintenance,content,2,1,0,1,1,0,0,0,1,0,EMERGING,REPO_EVIDENCE
https://familyboard.win/zh-tw/guides/utility-shutoff-information/,records-emergency,content,4,1,0,3,3,0,0,0,3,0,ESTABLISHED,REPO_EVIDENCE
https://familyboard.win/zh-tw/guides/vacation-home-shutdown-checklist/,household-operations,content,10,1,0,9,9,0,0,1,8,0,STRONG,REPO_EVIDENCE
https://familyboard.win/zh-tw/guides/vacuum-cleaner-maintenance-guide/,appliances,content,2,1,0,1,1,0,0,0,1,0,EMERGING,REPO_EVIDENCE
https://familyboard.win/zh-tw/guides/valuable-item-inventory/,inventory-warranty,content,3,1,0,2,2,0,0,0,2,0,EMERGING,REPO_EVIDENCE
https://familyboard.win/zh-tw/guides/warranty-expiration/,inventory-warranty,content,5,1,0,4,4,0,0,0,4,0,ESTABLISHED,REPO_EVIDENCE
https://familyboard.win/zh-tw/guides/washing-machine-maintenance-checklist/,appliances,content,516,1,515,2,2,0,0,0,2,0.9981,EMERGING,REPO_EVIDENCE
https://familyboard.win/zh-tw/guides/water-filter-replacement-guide/,appliances,content,3,1,0,2,2,0,0,0,2,0,EMERGING,REPO_EVIDENCE
https://familyboard.win/zh-tw/guides/water-heater-maintenance-records/,appliances,content,5,1,0,4,4,0,0,0,4,0,ESTABLISHED,REPO_EVIDENCE
https://familyboard.win/zh-tw/guides/water-leak-photo-evidence-records/,maintenance,content,515,0,515,1,1,0,0,0,1,1,EMERGING,REPO_EVIDENCE
https://familyboard.win/zh-tw/guides/water-leak-response-home-records/,maintenance,content,516,1,515,12,12,0,0,1,11,0.9981,STRONG,REPO_EVIDENCE
https://familyboard.win/zh-tw/guides/water-softener-maintenance-records/,appliances,content,3,1,0,2,2,0,0,0,2,0,EMERGING,REPO_EVIDENCE
https://familyboard.win/zh-tw/guides/what-spouse-needs-to-know/,household-operations,content,2,1,0,1,1,0,0,0,1,0,EMERGING,REPO_EVIDENCE
https://familyboard.win/zh-tw/guides/wifi-router-maintenance-records/,maintenance,content,3,1,0,2,2,0,0,1,1,0,EMERGING,REPO_EVIDENCE
https://familyboard.win/zh-tw/guides/winter-home-maintenance-checklist/,maintenance,content,516,1,515,2,2,0,0,0,2,0.9981,EMERGING,REPO_EVIDENCE
https://familyboard.win/zh-tw/,product,content,521,520,515,8,8,0,0,3,1,0.9885,STRONG,REPO_EVIDENCE
https://familyboard.win/zh-tw/pricing/,support,support,516,1,515,3,3,0,0,0,1,0.9981,ESTABLISHED,REPO_EVIDENCE
https://familyboard.win/zh-tw/privacy/,support,support,516,1,515,98,98,0,0,17,73,0.9981,STRONG,REPO_EVIDENCE
https://familyboard.win/zh-tw/roadmap/,support,support,516,1,515,3,3,0,0,0,1,0.9981,ESTABLISHED,REPO_EVIDENCE
https://familyboard.win/zh-tw/security/,support,support,516,1,515,9,9,0,0,1,5,0.9981,STRONG,REPO_EVIDENCE
https://familyboard.win/zh-tw/templates/,support,support,516,1,515,1,1,0,0,0,1,0.9981,EMERGING,REPO_EVIDENCE
https://familyboard.win/zh-tw/templates/printable-annual-renewals/,printables,printable,516,1,515,1,1,0,0,0,1,0.9981,EMERGING,REPO_EVIDENCE
https://familyboard.win/zh-tw/templates/printable-appliance-inventory/,printables,printable,516,1,515,3,3,0,0,0,1,0.9981,ESTABLISHED,REPO_EVIDENCE
https://familyboard.win/zh-tw/templates/printable-chore-chart/,printables,printable,516,1,515,3,3,0,0,0,2,0.9981,ESTABLISHED,REPO_EVIDENCE
https://familyboard.win/zh-tw/templates/printable-cleaning-schedule/,printables,printable,516,1,515,4,4,0,0,0,2,0.9981,ESTABLISHED,REPO_EVIDENCE
https://familyboard.win/zh-tw/templates/printable-emergency-contacts/,printables,printable,516,1,515,3,3,0,0,0,1,0.9981,ESTABLISHED,REPO_EVIDENCE
https://familyboard.win/zh-tw/templates/printable-home-inventory-template/,printables,printable,516,1,515,1,1,0,0,0,1,0.9981,EMERGING,REPO_EVIDENCE
https://familyboard.win/zh-tw/templates/printable-household-contacts/,printables,printable,516,1,515,3,3,0,0,0,1,0.9981,ESTABLISHED,REPO_EVIDENCE
https://familyboard.win/zh-tw/templates/printable-household-handoff-sheet/,printables,printable,516,1,515,3,3,0,0,0,1,0.9981,ESTABLISHED,REPO_EVIDENCE
https://familyboard.win/zh-tw/templates/printable-repair-log/,printables,printable,516,1,515,5,5,0,0,0,3,0.9981,ESTABLISHED,REPO_EVIDENCE
https://familyboard.win/zh-tw/templates/printable-service-provider-list/,printables,printable,516,1,515,3,3,0,0,0,2,0.9981,ESTABLISHED,REPO_EVIDENCE
https://familyboard.win/zh-tw/templates/printable-subscription-tracker/,printables,printable,516,1,515,1,1,0,0,0,1,0.9981,EMERGING,REPO_EVIDENCE
https://familyboard.win/zh-tw/templates/printable-warranty-tracker/,printables,printable,516,1,515,3,3,0,0,0,1,0.9981,ESTABLISHED,REPO_EVIDENCE
https://familyboard.win/zh-tw/terms/,support,support,516,1,515,2,2,0,0,0,1,0.9981,EMERGING,REPO_EVIDENCE
https://familyboard.win/zh-tw/tools/annual-subscription-cost-calculator/,tools,tool,516,1,515,7,7,0,0,0,6,0.9981,STRONG,REPO_EVIDENCE
https://familyboard.win/zh-tw/tools/appliance-age-calculator/,tools,tool,516,1,515,7,7,0,0,2,5,0.9981,STRONG,REPO_EVIDENCE
https://familyboard.win/zh-tw/tools/appliance-maintenance-checklist-generator/,tools,tool,516,1,515,14,14,0,0,1,13,0.9981,STRONG,REPO_EVIDENCE
https://familyboard.win/zh-tw/tools/appliance-manual-source-check-log/,tools,tool,516,1,515,8,8,0,0,1,7,0.9981,STRONG,REPO_EVIDENCE
https://familyboard.win/zh-tw/tools/appliance-purchase-installation-record/,tools,tool,516,1,515,3,3,0,0,0,3,0.9981,ESTABLISHED,REPO_EVIDENCE
https://familyboard.win/zh-tw/tools/appliance-repair-callback-log/,tools,tool,516,1,515,4,4,0,0,0,4,0.9981,ESTABLISHED,REPO_EVIDENCE
https://familyboard.win/zh-tw/tools/appliance-replacement-planner/,tools,tool,516,1,515,7,7,0,0,1,6,0.9981,STRONG,REPO_EVIDENCE
https://familyboard.win/zh-tw/tools/appliance-service-visit-log/,tools,tool,516,1,515,6,6,0,0,1,5,0.9981,STRONG,REPO_EVIDENCE
https://familyboard.win/zh-tw/tools/caregiver-handoff-source-authorization-log/,tools,tool,516,1,515,9,9,0,0,3,6,0.9981,STRONG,REPO_EVIDENCE
https://familyboard.win/zh-tw/tools/cleaning-schedule-generator/,tools,tool,516,1,515,5,5,0,0,0,4,0.9981,ESTABLISHED,REPO_EVIDENCE
https://familyboard.win/zh-tw/tools/emergency-binder-generator/,tools,tool,516,1,515,7,7,0,0,2,4,0.9981,STRONG,REPO_EVIDENCE
https://familyboard.win/zh-tw/tools/emergency-contact-sheet-generator/,tools,tool,516,1,515,14,14,0,0,3,10,0.9981,STRONG,REPO_EVIDENCE
https://familyboard.win/zh-tw/tools/emergency-contact-verification-log/,tools,tool,516,1,515,11,11,0,0,3,7,0.9981,STRONG,REPO_EVIDENCE
https://familyboard.win/zh-tw/tools/emergency-supply-inventory-audit/,tools,tool,516,1,515,11,11,0,0,4,7,0.9981,STRONG,REPO_EVIDENCE
https://familyboard.win/zh-tw/tools/home-care-charge-service-payment-discrepancy-log/,tools,tool,516,1,515,10,10,0,0,5,5,0.9981,STRONG,REPO_EVIDENCE
https://familyboard.win/zh-tw/tools/home-care-complaint-response-resolution-log/,tools,tool,516,1,515,11,11,0,0,3,8,0.9981,STRONG,REPO_EVIDENCE
https://familyboard.win/zh-tw/tools/home-care-payment-refund-collection-notice-log/,tools,tool,516,1,515,4,4,0,0,0,4,0.9981,ESTABLISHED,REPO_EVIDENCE
https://familyboard.win/zh-tw/tools/home-care-service-interruption-backup-continuity-log/,tools,tool,516,1,515,9,9,0,0,3,6,0.9981,STRONG,REPO_EVIDENCE
https://familyboard.win/zh-tw/tools/home-care-service-plan-change-notice-log/,tools,tool,516,1,515,13,13,0,0,5,8,0.9981,STRONG,REPO_EVIDENCE
https://familyboard.win/zh-tw/tools/home-care-visit-scope-service-result-log/,tools,tool,516,1,515,12,12,0,0,5,7,0.9981,STRONG,REPO_EVIDENCE
https://familyboard.win/zh-tw/tools/home-emergency-drill-record-generator/,tools,tool,516,1,515,10,10,0,0,4,6,0.9981,STRONG,REPO_EVIDENCE
https://familyboard.win/zh-tw/tools/home-handoff-summary-generator/,tools,tool,516,1,515,7,7,0,0,0,5,0.9981,STRONG,REPO_EVIDENCE
https://familyboard.win/zh-tw/tools/home-inventory-checklist-generator/,tools,tool,516,1,515,6,6,0,0,1,4,0.9981,STRONG,REPO_EVIDENCE
https://familyboard.win/zh-tw/tools/home-maintenance-cost-tracker/,tools,tool,516,1,515,4,4,0,0,1,3,0.9981,ESTABLISHED,REPO_EVIDENCE
https://familyboard.win/zh-tw/tools/home-maintenance-schedule-generator/,tools,tool,516,516,515,15,15,0,0,3,9,0.9981,STRONG,REPO_EVIDENCE
https://familyboard.win/zh-tw/tools/home-repair-change-order-log/,tools,tool,516,1,515,14,14,0,0,4,10,0.9981,STRONG,REPO_EVIDENCE
https://familyboard.win/zh-tw/tools/home-repair-closeout-checklist/,tools,tool,516,1,515,3,3,0,0,0,3,0.9981,ESTABLISHED,REPO_EVIDENCE
https://familyboard.win/zh-tw/tools/home-repair-cost-log/,tools,tool,516,1,515,16,16,0,0,5,9,0.9981,STRONG,REPO_EVIDENCE
https://familyboard.win/zh-tw/tools/home-repair-punch-list/,tools,tool,516,1,515,9,9,0,0,3,6,0.9981,STRONG,REPO_EVIDENCE
https://familyboard.win/zh-tw/tools/home-service-provider-verification-log/,tools,tool,516,1,515,12,12,0,0,3,9,0.9981,STRONG,REPO_EVIDENCE
https://familyboard.win/zh-tw/tools/home-service-reminder-generator/,tools,tool,516,1,515,7,7,0,0,1,6,0.9981,STRONG,REPO_EVIDENCE
https://familyboard.win/zh-tw/tools/house-sitter-instruction-generator/,tools,tool,516,1,515,5,5,0,0,2,2,0.9981,ESTABLISHED,REPO_EVIDENCE
https://familyboard.win/zh-tw/tools/household-accessibility-walkthrough-log/,household-operations,tool,516,1,515,3,3,0,0,0,3,0.9981,ESTABLISHED,REPO_EVIDENCE
https://familyboard.win/zh-tw/tools/household-account-list/,household-operations,tool,516,1,515,4,4,0,0,1,3,0.9981,ESTABLISHED,REPO_EVIDENCE
https://familyboard.win/zh-tw/tools/household-annual-review-generator/,tools,tool,516,1,515,8,8,0,0,2,5,0.9981,STRONG,REPO_EVIDENCE
https://familyboard.win/zh-tw/tools/household-backup-recovery-checker/,product,tool,516,1,515,4,4,0,0,0,3,0.9981,ESTABLISHED,REPO_EVIDENCE
https://familyboard.win/zh-tw/tools/household-bill-source-status-log/,household-operations,tool,516,1,515,13,13,0,0,4,9,0.9981,STRONG,REPO_EVIDENCE
https://familyboard.win/zh-tw/tools/household-building-notice-response-log/,records-emergency,tool,516,1,515,4,4,0,0,1,3,0.9981,ESTABLISHED,REPO_EVIDENCE
https://familyboard.win/zh-tw/tools/household-clothing-care-repair-log/,household-operations,tool,516,1,515,3,3,0,0,0,3,0.9981,ESTABLISHED,REPO_EVIDENCE
https://familyboard.win/zh-tw/tools/household-consumable-change-history-log/,maintenance,tool,516,1,515,3,3,0,0,1,2,0.9981,ESTABLISHED,REPO_EVIDENCE
https://familyboard.win/zh-tw/tools/household-date-offset-planner/,tools,tool,5,1,0,4,4,0,0,1,2,0,ESTABLISHED,REPO_EVIDENCE
https://familyboard.win/zh-tw/tools/household-decision-register/,household-operations,tool,3,1,0,2,2,0,0,0,2,0,EMERGING,REPO_EVIDENCE
https://familyboard.win/zh-tw/tools/household-device-retirement-handoff-log/,records-emergency,tool,516,1,515,3,3,0,0,1,2,0.9981,ESTABLISHED,REPO_EVIDENCE
https://familyboard.win/zh-tw/tools/household-document-index-generator/,tools,tool,516,1,515,10,10,0,0,2,7,0.9981,STRONG,REPO_EVIDENCE
https://familyboard.win/zh-tw/tools/household-document-renewal-review-log/,records-emergency,tool,516,1,515,2,2,0,0,0,2,0.9981,EMERGING,REPO_EVIDENCE
https://familyboard.win/zh-tw/tools/household-donation-handoff-log/,household-operations,tool,516,1,515,2,2,0,0,0,2,0.9981,EMERGING,REPO_EVIDENCE
https://familyboard.win/zh-tw/tools/household-event-duration-calculator/,tools,tool,516,1,515,10,10,0,0,3,6,0.9981,STRONG,REPO_EVIDENCE
https://familyboard.win/zh-tw/tools/household-event-source-index-log/,household-operations,tool,516,1,515,5,5,0,0,1,4,0.9981,ESTABLISHED,REPO_EVIDENCE
https://familyboard.win/zh-tw/tools/household-guest-arrival-prep-log/,household-operations,tool,516,1,515,6,6,0,0,2,4,0.9981,STRONG,REPO_EVIDENCE
https://familyboard.win/zh-tw/tools/household-home-access-handoff-log/,household-operations,tool,516,1,515,4,4,0,0,0,4,0.9981,ESTABLISHED,REPO_EVIDENCE
https://familyboard.win/zh-tw/tools/household-insurance-claim-timeline-log/,records-emergency,tool,516,1,515,3,3,0,0,1,2,0.9981,ESTABLISHED,REPO_EVIDENCE
https://familyboard.win/zh-tw/tools/household-insurance-policy-source-version-log/,tools,tool,516,1,515,3,3,0,0,0,3,0.9981,ESTABLISHED,REPO_EVIDENCE
https://familyboard.win/zh-tw/tools/household-internet-incident-review-log/,household-operations,tool,516,1,515,4,4,0,0,1,3,0.9981,ESTABLISHED,REPO_EVIDENCE
https://familyboard.win/zh-tw/tools/household-inventory-photo-capture-log/,inventory-warranty,tool,516,1,515,5,5,0,0,1,4,0.9981,ESTABLISHED,REPO_EVIDENCE
https://familyboard.win/zh-tw/tools/household-mail-package-handoff-log/,household-operations,tool,516,1,515,4,4,0,0,1,3,0.9981,ESTABLISHED,REPO_EVIDENCE
https://familyboard.win/zh-tw/tools/household-maintenance-delegation-map/,tools,tool,516,1,515,4,4,0,0,0,4,0.9981,ESTABLISHED,REPO_EVIDENCE
https://familyboard.win/zh-tw/tools/household-maintenance-priority-review-log/,maintenance,tool,516,1,515,2,2,0,0,0,2,0.9981,EMERGING,REPO_EVIDENCE
https://familyboard.win/zh-tw/tools/household-meal-prep-role-log/,household-operations,tool,516,1,515,5,5,0,0,1,4,0.9981,ESTABLISHED,REPO_EVIDENCE
https://familyboard.win/zh-tw/tools/household-medical-information-source-handoff-log/,tools,tool,516,1,515,4,4,0,0,0,4,0.9981,ESTABLISHED,REPO_EVIDENCE
https://familyboard.win/zh-tw/tools/household-meeting-agenda-action-log/,household-operations,tool,516,1,515,9,9,0,0,2,7,0.9981,STRONG,REPO_EVIDENCE
https://familyboard.win/zh-tw/tools/household-meter-reading-review-log/,household-operations,tool,516,1,515,2,2,0,0,0,2,0.9981,EMERGING,REPO_EVIDENCE
https://familyboard.win/zh-tw/tools/household-monthly-review-action-log/,household-operations,tool,516,1,515,9,9,0,0,3,6,0.9981,STRONG,REPO_EVIDENCE
https://familyboard.win/zh-tw/tools/household-pantry-expiry-review-log/,household-operations,tool,516,1,515,10,10,0,0,3,7,0.9981,STRONG,REPO_EVIDENCE
https://familyboard.win/zh-tw/tools/household-pet-record-source-handoff-log/,tools,tool,516,1,515,4,4,0,0,0,4,0.9981,ESTABLISHED,REPO_EVIDENCE
https://familyboard.win/zh-tw/tools/household-plant-care-handoff-log/,household-operations,tool,516,1,515,4,4,0,0,1,3,0.9981,ESTABLISHED,REPO_EVIDENCE
https://familyboard.win/zh-tw/tools/household-power-outage-event-log/,tools,tool,516,1,515,10,10,0,0,3,7,0.9981,STRONG,REPO_EVIDENCE
https://familyboard.win/zh-tw/tools/household-record-retention-decision-log/,tools,tool,516,1,515,8,8,0,0,2,6,0.9981,STRONG,REPO_EVIDENCE
https://familyboard.win/zh-tw/tools/household-record-retrieval-drill-log/,tools,tool,516,1,515,9,9,0,0,2,7,0.9981,STRONG,REPO_EVIDENCE
https://familyboard.win/zh-tw/tools/household-recycling-handoff-log/,household-operations,tool,516,1,515,4,4,0,0,1,3,0.9981,ESTABLISHED,REPO_EVIDENCE
https://familyboard.win/zh-tw/tools/household-repair-evidence-timeline-log/,records-emergency,tool,516,1,515,12,12,0,0,5,7,0.9981,STRONG,REPO_EVIDENCE
https://familyboard.win/zh-tw/tools/household-replacement-part-source-check-log/,inventory-warranty,tool,516,1,515,6,6,0,0,2,4,0.9981,STRONG,REPO_EVIDENCE
https://familyboard.win/zh-tw/tools/household-responsibility-coverage-map/,household-operations,tool,516,1,515,10,10,0,0,3,7,0.9981,STRONG,REPO_EVIDENCE
https://familyboard.win/zh-tw/tools/household-return-handoff-log/,household-operations,tool,516,1,515,3,3,0,0,0,3,0.9981,ESTABLISHED,REPO_EVIDENCE
https://familyboard.win/zh-tw/tools/household-router-support-review-log/,records-emergency,tool,516,1,515,4,4,0,0,2,2,0.9981,ESTABLISHED,REPO_EVIDENCE
https://familyboard.win/zh-tw/tools/household-schedule-conflict-review-log/,household-operations,tool,516,1,515,6,6,0,0,2,3,0.9981,STRONG,REPO_EVIDENCE
https://familyboard.win/zh-tw/tools/household-school-activity-handoff-log/,household-operations,tool,516,1,515,4,4,0,0,1,3,0.9981,ESTABLISHED,REPO_EVIDENCE
https://familyboard.win/zh-tw/tools/household-school-closure-continuity-log/,records-emergency,tool,516,1,515,2,2,0,0,0,2,0.9981,EMERGING,REPO_EVIDENCE
https://familyboard.win/zh-tw/tools/household-school-pickup-handoff-log/,household-operations,tool,516,1,515,4,4,0,0,1,3,0.9981,ESTABLISHED,REPO_EVIDENCE
https://familyboard.win/zh-tw/tools/household-school-record-source-handoff-log/,tools,tool,516,1,515,6,6,0,0,2,4,0.9981,STRONG,REPO_EVIDENCE
https://familyboard.win/zh-tw/tools/household-seasonal-reset-action-log/,household-operations,tool,516,1,515,3,3,0,0,0,2,0.9981,ESTABLISHED,REPO_EVIDENCE
https://familyboard.win/zh-tw/tools/household-service-appointment-handoff-log/,household-operations,tool,516,1,515,2,2,0,0,0,2,0.9981,EMERGING,REPO_EVIDENCE
https://familyboard.win/zh-tw/tools/household-service-quote-comparison-log/,maintenance,tool,516,1,515,3,3,0,0,0,3,0.9981,ESTABLISHED,REPO_EVIDENCE
https://familyboard.win/zh-tw/tools/household-share-access-review-log/,household-operations,tool,516,1,515,14,14,0,0,4,10,0.9981,STRONG,REPO_EVIDENCE
https://familyboard.win/zh-tw/tools/household-shopping-list-planner/,household-operations,tool,516,1,515,9,9,0,0,1,7,0.9981,STRONG,REPO_EVIDENCE
https://familyboard.win/zh-tw/tools/household-storm-readiness-review/,tools,tool,516,1,515,4,4,0,0,0,4,0.9981,ESTABLISHED,REPO_EVIDENCE
https://familyboard.win/zh-tw/tools/household-subscription-cancellation-handoff-log/,household-operations,tool,516,1,515,4,4,0,0,0,4,0.9981,ESTABLISHED,REPO_EVIDENCE
https://familyboard.win/zh-tw/tools/household-subscription-cost-calculator/,tools,tool,516,1,515,10,10,0,0,2,6,0.9981,STRONG,REPO_EVIDENCE
https://familyboard.win/zh-tw/tools/household-task-load-calculator/,tools,tool,516,1,515,7,7,0,0,1,5,0.9981,STRONG,REPO_EVIDENCE
https://familyboard.win/zh-tw/tools/household-time-window-overlap-checker/,tools,tool,4,1,0,3,3,0,0,0,3,0,ESTABLISHED,REPO_EVIDENCE
https://familyboard.win/zh-tw/tools/household-trip-packing-handoff-log/,household-operations,tool,516,1,515,6,6,0,0,3,3,0.9981,STRONG,REPO_EVIDENCE
https://familyboard.win/zh-tw/tools/household-utility-bill-anomaly-log/,tools,tool,4,1,0,3,3,0,0,0,3,0,ESTABLISHED,REPO_EVIDENCE
https://familyboard.win/zh-tw/tools/household-utility-provider-service-handoff-log/,tools,tool,516,1,515,6,6,0,0,3,3,0.9981,STRONG,REPO_EVIDENCE
https://familyboard.win/zh-tw/tools/household-vehicle-document-source-status-log/,tools,tool,516,1,515,3,3,0,0,0,3,0.9981,ESTABLISHED,REPO_EVIDENCE
https://familyboard.win/zh-tw/tools/household-water-leak-event-log/,maintenance,tool,516,1,515,5,5,0,0,1,4,0.9981,ESTABLISHED,REPO_EVIDENCE
https://familyboard.win/zh-tw/tools/household-weekly-reset-action-log/,household-operations,tool,516,1,515,12,12,0,0,3,9,0.9981,STRONG,REPO_EVIDENCE
https://familyboard.win/zh-tw/tools/important-household-document-review/,tools,tool,516,1,515,4,4,0,0,1,3,0.9981,ESTABLISHED,REPO_EVIDENCE
https://familyboard.win/zh-tw/tools/,support,support,516,1,515,1,1,0,0,0,1,0.9981,EMERGING,REPO_EVIDENCE
https://familyboard.win/zh-tw/tools/move-in-checklist-generator/,tools,tool,516,1,515,8,8,0,0,2,5,0.9981,STRONG,REPO_EVIDENCE
https://familyboard.win/zh-tw/tools/move-out-condition-record-generator/,tools,tool,516,1,515,4,4,0,0,0,4,0.9981,ESTABLISHED,REPO_EVIDENCE
https://familyboard.win/zh-tw/tools/moving-box-handover-log/,tools,tool,516,1,515,7,7,0,0,2,5,0.9981,STRONG,REPO_EVIDENCE
https://familyboard.win/zh-tw/tools/pet-sitter-instruction-generator/,tools,tool,516,1,515,6,6,0,0,1,4,0.9981,STRONG,REPO_EVIDENCE
https://familyboard.win/zh-tw/tools/product-recall-action-log/,tools,tool,516,1,515,9,9,0,0,2,7,0.9981,STRONG,REPO_EVIDENCE
https://familyboard.win/zh-tw/tools/purchase-delivery-evidence-log/,tools,tool,516,1,515,6,6,0,0,1,5,0.9981,STRONG,REPO_EVIDENCE
https://familyboard.win/zh-tw/tools/receipt-retention-organizer/,tools,tool,516,1,515,14,14,0,0,7,7,0.9981,STRONG,REPO_EVIDENCE
https://familyboard.win/zh-tw/tools/recurring-chore-planner/,tools,tool,516,1,515,10,10,0,0,3,6,0.9981,STRONG,REPO_EVIDENCE
https://familyboard.win/zh-tw/tools/rental-repair-request-log/,records-emergency,tool,516,1,515,3,3,0,0,0,3,0.9981,ESTABLISHED,REPO_EVIDENCE
https://familyboard.win/zh-tw/tools/rental-security-deposit-move-out-claim-log/,records-emergency,tool,516,1,515,3,3,0,0,0,3,0.9981,ESTABLISHED,REPO_EVIDENCE
https://familyboard.win/zh-tw/tools/room-inventory-generator/,tools,tool,516,1,515,6,6,0,0,1,5,0.9981,STRONG,REPO_EVIDENCE
https://familyboard.win/zh-tw/tools/storage-unit-access-inventory-log/,tools,tool,516,1,515,3,3,0,0,0,3,0.9981,ESTABLISHED,REPO_EVIDENCE
https://familyboard.win/zh-tw/tools/vacation-shutdown-checklist-generator/,tools,tool,516,1,515,3,3,0,0,1,2,0.9981,ESTABLISHED,REPO_EVIDENCE
https://familyboard.win/zh-tw/tools/warranty-checklist-generator/,tools,tool,516,1,515,9,9,0,0,3,6,0.9981,STRONG,REPO_EVIDENCE
https://familyboard.win/zh-tw/tools/warranty-claim-evidence-log/,tools,tool,516,1,515,16,16,0,0,5,11,0.9981,STRONG,REPO_EVIDENCE
https://familyboard.win/zh-tw/tools/warranty-expiration-calculator/,tools,tool,516,1,515,13,13,0,0,3,8,0.9981,STRONG,REPO_EVIDENCE
