URL,Locale,SourceIndexable,TechnicallyIndexable,SitemapEligible,GoogleIndexStatus,IndexabilityRecommendation,EvidenceConfidence,Reason,Evidence
https://familyboard.win/,en,true,YES,YES,UNKNOWN,NO_CHANGE_PENDING_SEARCH_EVIDENCE,UNKNOWN,No current GSC or URL Inspection evidence for removal; KEEP_INDEXABLE is not search-value proof.,REPO_EVIDENCE; NEEDS_EVIDENCE
https://familyboard.win/about/,en,true,YES,YES,UNKNOWN,NO_CHANGE_PENDING_SEARCH_EVIDENCE,UNKNOWN,No current GSC or URL Inspection evidence for removal; KEEP_INDEXABLE is not search-value proof.,REPO_EVIDENCE; NEEDS_EVIDENCE
https://familyboard.win/affiliate-disclosure/,en,true,YES,YES,UNKNOWN,NO_CHANGE_PENDING_SEARCH_EVIDENCE,UNKNOWN,No current GSC or URL Inspection evidence for removal; KEEP_INDEXABLE is not search-value proof.,REPO_EVIDENCE; NEEDS_EVIDENCE
https://familyboard.win/changelog/,en,true,YES,YES,UNKNOWN,NO_CHANGE_PENDING_SEARCH_EVIDENCE,UNKNOWN,No current GSC or URL Inspection evidence for removal; KEEP_INDEXABLE is not search-value proof.,REPO_EVIDENCE; NEEDS_EVIDENCE
https://familyboard.win/checklists/,en,true,YES,YES,UNKNOWN,NO_CHANGE_PENDING_SEARCH_EVIDENCE,UNKNOWN,No current GSC or URL Inspection evidence for removal; KEEP_INDEXABLE is not search-value proof.,REPO_EVIDENCE; NEEDS_EVIDENCE
https://familyboard.win/checklists/printable-emergency-binder-checklist/,en,true,YES,YES,UNKNOWN,NO_CHANGE_PENDING_SEARCH_EVIDENCE,UNKNOWN,No current GSC or URL Inspection evidence for removal; KEEP_INDEXABLE is not search-value proof.,REPO_EVIDENCE; NEEDS_EVIDENCE
https://familyboard.win/checklists/printable-home-maintenance-checklist/,en,true,YES,YES,UNKNOWN,NO_CHANGE_PENDING_SEARCH_EVIDENCE,UNKNOWN,No current GSC or URL Inspection evidence for removal; KEEP_INDEXABLE is not search-value proof.,REPO_EVIDENCE; NEEDS_EVIDENCE
https://familyboard.win/checklists/printable-house-sitter-checklist/,en,true,YES,YES,UNKNOWN,NO_CHANGE_PENDING_SEARCH_EVIDENCE,UNKNOWN,No current GSC or URL Inspection evidence for removal; KEEP_INDEXABLE is not search-value proof.,REPO_EVIDENCE; NEEDS_EVIDENCE
https://familyboard.win/checklists/printable-monthly-home-checklist/,en,true,YES,YES,UNKNOWN,NO_CHANGE_PENDING_SEARCH_EVIDENCE,UNKNOWN,No current GSC or URL Inspection evidence for removal; KEEP_INDEXABLE is not search-value proof.,REPO_EVIDENCE; NEEDS_EVIDENCE
https://familyboard.win/checklists/printable-moving-checklist/,en,true,YES,YES,UNKNOWN,NO_CHANGE_PENDING_SEARCH_EVIDENCE,UNKNOWN,No current GSC or URL Inspection evidence for removal; KEEP_INDEXABLE is not search-value proof.,REPO_EVIDENCE; NEEDS_EVIDENCE
https://familyboard.win/checklists/printable-new-home-checklist/,en,true,YES,YES,UNKNOWN,NO_CHANGE_PENDING_SEARCH_EVIDENCE,UNKNOWN,No current GSC or URL Inspection evidence for removal; KEEP_INDEXABLE is not search-value proof.,REPO_EVIDENCE; NEEDS_EVIDENCE
https://familyboard.win/checklists/printable-pet-sitter-checklist/,en,true,YES,YES,UNKNOWN,NO_CHANGE_PENDING_SEARCH_EVIDENCE,UNKNOWN,No current GSC or URL Inspection evidence for removal; KEEP_INDEXABLE is not search-value proof.,REPO_EVIDENCE; NEEDS_EVIDENCE
https://familyboard.win/checklists/printable-seasonal-home-checklist/,en,true,YES,YES,UNKNOWN,NO_CHANGE_PENDING_SEARCH_EVIDENCE,UNKNOWN,No current GSC or URL Inspection evidence for removal; KEEP_INDEXABLE is not search-value proof.,REPO_EVIDENCE; NEEDS_EVIDENCE
https://familyboard.win/contact/,en,true,YES,YES,UNKNOWN,NO_CHANGE_PENDING_SEARCH_EVIDENCE,UNKNOWN,No current GSC or URL Inspection evidence for removal; KEEP_INDEXABLE is not search-value proof.,REPO_EVIDENCE; NEEDS_EVIDENCE
https://familyboard.win/disclaimer/,en,true,YES,YES,UNKNOWN,NO_CHANGE_PENDING_SEARCH_EVIDENCE,UNKNOWN,No current GSC or URL Inspection evidence for removal; KEEP_INDEXABLE is not search-value proof.,REPO_EVIDENCE; NEEDS_EVIDENCE
https://familyboard.win/editorial-policy/,en,true,YES,YES,UNKNOWN,NO_CHANGE_PENDING_SEARCH_EVIDENCE,UNKNOWN,No current GSC or URL Inspection evidence for removal; KEEP_INDEXABLE is not search-value proof.,REPO_EVIDENCE; NEEDS_EVIDENCE
https://familyboard.win/features/,en,true,YES,YES,UNKNOWN,NO_CHANGE_PENDING_SEARCH_EVIDENCE,UNKNOWN,No current GSC or URL Inspection evidence for removal; KEEP_INDEXABLE is not search-value proof.,REPO_EVIDENCE; NEEDS_EVIDENCE
https://familyboard.win/features/emergency-information-organizer/,en,true,YES,YES,UNKNOWN,NO_CHANGE_PENDING_SEARCH_EVIDENCE,UNKNOWN,No current GSC or URL Inspection evidence for removal; KEEP_INDEXABLE is not search-value proof.,REPO_EVIDENCE; NEEDS_EVIDENCE
https://familyboard.win/features/family-display-mode/,en,true,YES,YES,UNKNOWN,NO_CHANGE_PENDING_SEARCH_EVIDENCE,UNKNOWN,No current GSC or URL Inspection evidence for removal; KEEP_INDEXABLE is not search-value proof.,REPO_EVIDENCE; NEEDS_EVIDENCE
https://familyboard.win/features/family-task-manager/,en,true,YES,YES,UNKNOWN,NO_CHANGE_PENDING_SEARCH_EVIDENCE,UNKNOWN,No current GSC or URL Inspection evidence for removal; KEEP_INDEXABLE is not search-value proof.,REPO_EVIDENCE; NEEDS_EVIDENCE
https://familyboard.win/features/free-home-management-app/,en,true,YES,YES,UNKNOWN,NO_CHANGE_PENDING_SEARCH_EVIDENCE,UNKNOWN,No current GSC or URL Inspection evidence for removal; KEEP_INDEXABLE is not search-value proof.,REPO_EVIDENCE; NEEDS_EVIDENCE
https://familyboard.win/features/home-dashboard/,en,true,YES,YES,UNKNOWN,NO_CHANGE_PENDING_SEARCH_EVIDENCE,UNKNOWN,No current GSC or URL Inspection evidence for removal; KEEP_INDEXABLE is not search-value proof.,REPO_EVIDENCE; NEEDS_EVIDENCE
https://familyboard.win/features/home-inventory-tracker/,en,true,YES,YES,UNKNOWN,NO_CHANGE_PENDING_SEARCH_EVIDENCE,UNKNOWN,No current GSC or URL Inspection evidence for removal; KEEP_INDEXABLE is not search-value proof.,REPO_EVIDENCE; NEEDS_EVIDENCE
https://familyboard.win/features/home-record-keeper/,en,true,YES,YES,UNKNOWN,NO_CHANGE_PENDING_SEARCH_EVIDENCE,UNKNOWN,No current GSC or URL Inspection evidence for removal; KEEP_INDEXABLE is not search-value proof.,REPO_EVIDENCE; NEEDS_EVIDENCE
https://familyboard.win/features/household-calendar/,en,true,YES,YES,UNKNOWN,NO_CHANGE_PENDING_SEARCH_EVIDENCE,UNKNOWN,No current GSC or URL Inspection evidence for removal; KEEP_INDEXABLE is not search-value proof.,REPO_EVIDENCE; NEEDS_EVIDENCE
https://familyboard.win/features/household-documents-organizer/,en,true,YES,YES,UNKNOWN,NO_CHANGE_PENDING_SEARCH_EVIDENCE,UNKNOWN,No current GSC or URL Inspection evidence for removal; KEEP_INDEXABLE is not search-value proof.,REPO_EVIDENCE; NEEDS_EVIDENCE
https://familyboard.win/features/household-handoff/,en,true,YES,YES,UNKNOWN,NO_CHANGE_PENDING_SEARCH_EVIDENCE,UNKNOWN,No current GSC or URL Inspection evidence for removal; KEEP_INDEXABLE is not search-value proof.,REPO_EVIDENCE; NEEDS_EVIDENCE
https://familyboard.win/features/household-operations-system/,en,true,YES,YES,UNKNOWN,NO_CHANGE_PENDING_SEARCH_EVIDENCE,UNKNOWN,No current GSC or URL Inspection evidence for removal; KEEP_INDEXABLE is not search-value proof.,REPO_EVIDENCE; NEEDS_EVIDENCE
https://familyboard.win/features/household-subscription-tracker/,en,true,YES,YES,UNKNOWN,NO_CHANGE_PENDING_SEARCH_EVIDENCE,UNKNOWN,No current GSC or URL Inspection evidence for removal; KEEP_INDEXABLE is not search-value proof.,REPO_EVIDENCE; NEEDS_EVIDENCE
https://familyboard.win/features/local-first-home-organizer/,en,true,YES,YES,UNKNOWN,NO_CHANGE_PENDING_SEARCH_EVIDENCE,UNKNOWN,No current GSC or URL Inspection evidence for removal; KEEP_INDEXABLE is not search-value proof.,REPO_EVIDENCE; NEEDS_EVIDENCE
https://familyboard.win/features/maintenance-tracker/,en,true,YES,YES,UNKNOWN,NO_CHANGE_PENDING_SEARCH_EVIDENCE,UNKNOWN,No current GSC or URL Inspection evidence for removal; KEEP_INDEXABLE is not search-value proof.,REPO_EVIDENCE; NEEDS_EVIDENCE
https://familyboard.win/features/no-account-family-organizer/,en,true,YES,YES,UNKNOWN,NO_CHANGE_PENDING_SEARCH_EVIDENCE,UNKNOWN,No current GSC or URL Inspection evidence for removal; KEEP_INDEXABLE is not search-value proof.,REPO_EVIDENCE; NEEDS_EVIDENCE
https://familyboard.win/features/offline-household-organizer/,en,true,YES,YES,UNKNOWN,NO_CHANGE_PENDING_SEARCH_EVIDENCE,UNKNOWN,No current GSC or URL Inspection evidence for removal; KEEP_INDEXABLE is not search-value proof.,REPO_EVIDENCE; NEEDS_EVIDENCE
https://familyboard.win/features/private-family-organizer/,en,true,YES,YES,UNKNOWN,NO_CHANGE_PENDING_SEARCH_EVIDENCE,UNKNOWN,No current GSC or URL Inspection evidence for removal; KEEP_INDEXABLE is not search-value proof.,REPO_EVIDENCE; NEEDS_EVIDENCE
https://familyboard.win/features/warranty-tracker/,en,true,YES,YES,UNKNOWN,NO_CHANGE_PENDING_SEARCH_EVIDENCE,UNKNOWN,No current GSC or URL Inspection evidence for removal; KEEP_INDEXABLE is not search-value proof.,REPO_EVIDENCE; NEEDS_EVIDENCE
https://familyboard.win/guides/,en,true,YES,YES,UNKNOWN,NO_CHANGE_PENDING_SEARCH_EVIDENCE,UNKNOWN,No current GSC or URL Inspection evidence for removal; KEEP_INDEXABLE is not search-value proof.,REPO_EVIDENCE; NEEDS_EVIDENCE
https://familyboard.win/guides/air-conditioner-maintenance-checklist/,en,true,YES,YES,UNKNOWN,NO_CHANGE_PENDING_SEARCH_EVIDENCE,UNKNOWN,No current GSC or URL Inspection evidence for removal; KEEP_INDEXABLE is not search-value proof.,REPO_EVIDENCE; NEEDS_EVIDENCE
https://familyboard.win/guides/air-purifier-filter-log/,en,false,NO,NO,UNKNOWN,HOLD_REVIEW_NO_ACTION,UNKNOWN,Importer-held/non-public source state; no bulk noindex action.,REPO_EVIDENCE; NEEDS_EVIDENCE
https://familyboard.win/guides/air-purifier-maintenance-guide/,en,true,YES,YES,UNKNOWN,NO_CHANGE_PENDING_SEARCH_EVIDENCE,UNKNOWN,No current GSC or URL Inspection evidence for removal; KEEP_INDEXABLE is not search-value proof.,REPO_EVIDENCE; NEEDS_EVIDENCE
https://familyboard.win/guides/annual-home-review/,en,true,YES,YES,UNKNOWN,NO_CHANGE_PENDING_SEARCH_EVIDENCE,UNKNOWN,No current GSC or URL Inspection evidence for removal; KEEP_INDEXABLE is not search-value proof.,REPO_EVIDENCE; NEEDS_EVIDENCE
https://familyboard.win/guides/annual-renewal-calendar/,en,true,YES,YES,UNKNOWN,NO_CHANGE_PENDING_SEARCH_EVIDENCE,UNKNOWN,No current GSC or URL Inspection evidence for removal; KEEP_INDEXABLE is not search-value proof.,REPO_EVIDENCE; NEEDS_EVIDENCE
https://familyboard.win/guides/apartment-maintenance-checklist/,en,true,YES,YES,UNKNOWN,NO_CHANGE_PENDING_SEARCH_EVIDENCE,UNKNOWN,No current GSC or URL Inspection evidence for removal; KEEP_INDEXABLE is not search-value proof.,REPO_EVIDENCE; NEEDS_EVIDENCE
https://familyboard.win/guides/appliance-inventory/,en,true,YES,YES,UNKNOWN,NO_CHANGE_PENDING_SEARCH_EVIDENCE,UNKNOWN,No current GSC or URL Inspection evidence for removal; KEEP_INDEXABLE is not search-value proof.,REPO_EVIDENCE; NEEDS_EVIDENCE
https://familyboard.win/guides/appliance-lifespan-planning/,en,true,YES,YES,UNKNOWN,NO_CHANGE_PENDING_SEARCH_EVIDENCE,UNKNOWN,No current GSC or URL Inspection evidence for removal; KEEP_INDEXABLE is not search-value proof.,REPO_EVIDENCE; NEEDS_EVIDENCE
https://familyboard.win/guides/appliance-replacement-planning/,en,true,YES,YES,UNKNOWN,NO_CHANGE_PENDING_SEARCH_EVIDENCE,UNKNOWN,No current GSC or URL Inspection evidence for removal; KEEP_INDEXABLE is not search-value proof.,REPO_EVIDENCE; NEEDS_EVIDENCE
https://familyboard.win/guides/bathroom-exhaust-fan-maintenance-checklist/,en,true,YES,YES,UNKNOWN,NO_CHANGE_PENDING_SEARCH_EVIDENCE,UNKNOWN,No current GSC or URL Inspection evidence for removal; KEEP_INDEXABLE is not search-value proof.,REPO_EVIDENCE; NEEDS_EVIDENCE
https://familyboard.win/guides/carbon-monoxide-alarm-records/,en,true,YES,YES,UNKNOWN,NO_CHANGE_PENDING_SEARCH_EVIDENCE,UNKNOWN,No current GSC or URL Inspection evidence for removal; KEEP_INDEXABLE is not search-value proof.,REPO_EVIDENCE; NEEDS_EVIDENCE
https://familyboard.win/guides/caregiver-handoff-checklist/,en,true,YES,YES,UNKNOWN,NO_CHANGE_PENDING_SEARCH_EVIDENCE,UNKNOWN,No current GSC or URL Inspection evidence for removal; KEEP_INDEXABLE is not search-value proof.,REPO_EVIDENCE; NEEDS_EVIDENCE
https://familyboard.win/guides/ceiling-fan-maintenance-checklist/,en,true,YES,YES,UNKNOWN,NO_CHANGE_PENDING_SEARCH_EVIDENCE,UNKNOWN,No current GSC or URL Inspection evidence for removal; KEEP_INDEXABLE is not search-value proof.,REPO_EVIDENCE; NEEDS_EVIDENCE
https://familyboard.win/guides/chore-chart-for-adults/,en,true,YES,YES,UNKNOWN,NO_CHANGE_PENDING_SEARCH_EVIDENCE,UNKNOWN,No current GSC or URL Inspection evidence for removal; KEEP_INDEXABLE is not search-value proof.,REPO_EVIDENCE; NEEDS_EVIDENCE
https://familyboard.win/guides/cleaning-schedule/,en,true,YES,YES,UNKNOWN,NO_CHANGE_PENDING_SEARCH_EVIDENCE,UNKNOWN,No current GSC or URL Inspection evidence for removal; KEEP_INDEXABLE is not search-value proof.,REPO_EVIDENCE; NEEDS_EVIDENCE
https://familyboard.win/guides/coffee-maker-maintenance-guide/,en,true,YES,YES,UNKNOWN,NO_CHANGE_PENDING_SEARCH_EVIDENCE,UNKNOWN,No current GSC or URL Inspection evidence for removal; KEEP_INDEXABLE is not search-value proof.,REPO_EVIDENCE; NEEDS_EVIDENCE
https://familyboard.win/guides/computer-electronics-inventory/,en,true,YES,YES,UNKNOWN,NO_CHANGE_PENDING_SEARCH_EVIDENCE,UNKNOWN,No current GSC or URL Inspection evidence for removal; KEEP_INDEXABLE is not search-value proof.,REPO_EVIDENCE; NEEDS_EVIDENCE
https://familyboard.win/guides/condo-maintenance-checklist/,en,true,YES,YES,UNKNOWN,NO_CHANGE_PENDING_SEARCH_EVIDENCE,UNKNOWN,No current GSC or URL Inspection evidence for removal; KEEP_INDEXABLE is not search-value proof.,REPO_EVIDENCE; NEEDS_EVIDENCE
https://familyboard.win/guides/contractor-records/,en,true,YES,YES,UNKNOWN,NO_CHANGE_PENDING_SEARCH_EVIDENCE,UNKNOWN,No current GSC or URL Inspection evidence for removal; KEEP_INDEXABLE is not search-value proof.,REPO_EVIDENCE; NEEDS_EVIDENCE
https://familyboard.win/guides/deep-cleaning-tracker/,en,true,YES,YES,UNKNOWN,NO_CHANGE_PENDING_SEARCH_EVIDENCE,UNKNOWN,No current GSC or URL Inspection evidence for removal; KEEP_INDEXABLE is not search-value proof.,REPO_EVIDENCE; NEEDS_EVIDENCE
https://familyboard.win/guides/dehumidifier-maintenance-guide/,en,true,YES,YES,UNKNOWN,NO_CHANGE_PENDING_SEARCH_EVIDENCE,UNKNOWN,No current GSC or URL Inspection evidence for removal; KEEP_INDEXABLE is not search-value proof.,REPO_EVIDENCE; NEEDS_EVIDENCE
https://familyboard.win/guides/dehumidifier-maintenance-records/,en,true,YES,YES,UNKNOWN,NO_CHANGE_PENDING_SEARCH_EVIDENCE,UNKNOWN,No current GSC or URL Inspection evidence for removal; KEEP_INDEXABLE is not search-value proof.,REPO_EVIDENCE; NEEDS_EVIDENCE
https://familyboard.win/guides/digital-home-binder/,en,true,YES,YES,UNKNOWN,NO_CHANGE_PENDING_SEARCH_EVIDENCE,UNKNOWN,No current GSC or URL Inspection evidence for removal; KEEP_INDEXABLE is not search-value proof.,REPO_EVIDENCE; NEEDS_EVIDENCE
https://familyboard.win/guides/digital-home-inventory-backup/,en,true,YES,YES,UNKNOWN,NO_CHANGE_PENDING_SEARCH_EVIDENCE,UNKNOWN,No current GSC or URL Inspection evidence for removal; KEEP_INDEXABLE is not search-value proof.,REPO_EVIDENCE; NEEDS_EVIDENCE
https://familyboard.win/guides/dishwasher-maintenance-checklist/,en,true,YES,YES,UNKNOWN,NO_CHANGE_PENDING_SEARCH_EVIDENCE,UNKNOWN,No current GSC or URL Inspection evidence for removal; KEEP_INDEXABLE is not search-value proof.,REPO_EVIDENCE; NEEDS_EVIDENCE
https://familyboard.win/guides/divide-household-responsibilities/,en,true,YES,YES,UNKNOWN,NO_CHANGE_PENDING_SEARCH_EVIDENCE,UNKNOWN,No current GSC or URL Inspection evidence for removal; KEEP_INDEXABLE is not search-value proof.,REPO_EVIDENCE; NEEDS_EVIDENCE
https://familyboard.win/guides/dryer-maintenance-checklist/,en,true,YES,YES,UNKNOWN,NO_CHANGE_PENDING_SEARCH_EVIDENCE,UNKNOWN,No current GSC or URL Inspection evidence for removal; KEEP_INDEXABLE is not search-value proof.,REPO_EVIDENCE; NEEDS_EVIDENCE
https://familyboard.win/guides/electronics-inventory/,en,true,YES,YES,UNKNOWN,NO_CHANGE_PENDING_SEARCH_EVIDENCE,UNKNOWN,No current GSC or URL Inspection evidence for removal; KEEP_INDEXABLE is not search-value proof.,REPO_EVIDENCE; NEEDS_EVIDENCE
https://familyboard.win/guides/emergency-binder/,en,true,YES,YES,UNKNOWN,NO_CHANGE_PENDING_SEARCH_EVIDENCE,UNKNOWN,No current GSC or URL Inspection evidence for removal; KEEP_INDEXABLE is not search-value proof.,REPO_EVIDENCE; NEEDS_EVIDENCE
https://familyboard.win/guides/emergency-information-sheet/,en,true,YES,YES,UNKNOWN,NO_CHANGE_PENDING_SEARCH_EVIDENCE,UNKNOWN,No current GSC or URL Inspection evidence for removal; KEEP_INDEXABLE is not search-value proof.,REPO_EVIDENCE; NEEDS_EVIDENCE
https://familyboard.win/guides/emergency-supply-inventory/,en,true,YES,YES,UNKNOWN,NO_CHANGE_PENDING_SEARCH_EVIDENCE,UNKNOWN,No current GSC or URL Inspection evidence for removal; KEEP_INDEXABLE is not search-value proof.,REPO_EVIDENCE; NEEDS_EVIDENCE
https://familyboard.win/guides/fall-home-maintenance-checklist/,en,true,YES,YES,UNKNOWN,NO_CHANGE_PENDING_SEARCH_EVIDENCE,UNKNOWN,No current GSC or URL Inspection evidence for removal; KEEP_INDEXABLE is not search-value proof.,REPO_EVIDENCE; NEEDS_EVIDENCE
https://familyboard.win/guides/family-chore-system/,en,true,YES,YES,UNKNOWN,NO_CHANGE_PENDING_SEARCH_EVIDENCE,UNKNOWN,No current GSC or URL Inspection evidence for removal; KEEP_INDEXABLE is not search-value proof.,REPO_EVIDENCE; NEEDS_EVIDENCE
https://familyboard.win/guides/family-continuity-plan/,en,true,YES,YES,UNKNOWN,NO_CHANGE_PENDING_SEARCH_EVIDENCE,UNKNOWN,No current GSC or URL Inspection evidence for removal; KEEP_INDEXABLE is not search-value proof.,REPO_EVIDENCE; NEEDS_EVIDENCE
https://familyboard.win/guides/family-emergency-contacts/,en,true,YES,YES,UNKNOWN,NO_CHANGE_PENDING_SEARCH_EVIDENCE,UNKNOWN,No current GSC or URL Inspection evidence for removal; KEEP_INDEXABLE is not search-value proof.,REPO_EVIDENCE; NEEDS_EVIDENCE
https://familyboard.win/guides/familyboard-accessibility-walkthrough-tutorial/,en,true,YES,YES,UNKNOWN,NO_CHANGE_PENDING_SEARCH_EVIDENCE,UNKNOWN,No current GSC or URL Inspection evidence for removal; KEEP_INDEXABLE is not search-value proof.,REPO_EVIDENCE; NEEDS_EVIDENCE
https://familyboard.win/guides/familyboard-annual-subscription-cost-calculator-tutorial/,en,true,YES,YES,UNKNOWN,NO_CHANGE_PENDING_SEARCH_EVIDENCE,UNKNOWN,No current GSC or URL Inspection evidence for removal; KEEP_INDEXABLE is not search-value proof.,REPO_EVIDENCE; NEEDS_EVIDENCE
https://familyboard.win/guides/familyboard-app-first-run-restore-tutorial/,en,true,YES,YES,UNKNOWN,NO_CHANGE_PENDING_SEARCH_EVIDENCE,UNKNOWN,No current GSC or URL Inspection evidence for removal; KEEP_INDEXABLE is not search-value proof.,REPO_EVIDENCE; NEEDS_EVIDENCE
https://familyboard.win/guides/familyboard-appliance-age-calculator-tutorial/,en,true,YES,YES,UNKNOWN,NO_CHANGE_PENDING_SEARCH_EVIDENCE,UNKNOWN,No current GSC or URL Inspection evidence for removal; KEEP_INDEXABLE is not search-value proof.,REPO_EVIDENCE; NEEDS_EVIDENCE
https://familyboard.win/guides/familyboard-appliance-maintenance-checklist-generator-tutorial/,en,true,YES,YES,UNKNOWN,NO_CHANGE_PENDING_SEARCH_EVIDENCE,UNKNOWN,No current GSC or URL Inspection evidence for removal; KEEP_INDEXABLE is not search-value proof.,REPO_EVIDENCE; NEEDS_EVIDENCE
https://familyboard.win/guides/familyboard-appliance-manual-source-check-tutorial/,en,true,YES,YES,UNKNOWN,NO_CHANGE_PENDING_SEARCH_EVIDENCE,UNKNOWN,No current GSC or URL Inspection evidence for removal; KEEP_INDEXABLE is not search-value proof.,REPO_EVIDENCE; NEEDS_EVIDENCE
https://familyboard.win/guides/familyboard-appliance-manual-source-tutorial/,en,true,YES,YES,UNKNOWN,NO_CHANGE_PENDING_SEARCH_EVIDENCE,UNKNOWN,No current GSC or URL Inspection evidence for removal; KEEP_INDEXABLE is not search-value proof.,REPO_EVIDENCE; NEEDS_EVIDENCE
https://familyboard.win/guides/familyboard-appliance-purchase-installation-tutorial/,en,true,YES,YES,UNKNOWN,NO_CHANGE_PENDING_SEARCH_EVIDENCE,UNKNOWN,No current GSC or URL Inspection evidence for removal; KEEP_INDEXABLE is not search-value proof.,REPO_EVIDENCE; NEEDS_EVIDENCE
https://familyboard.win/guides/familyboard-appliance-repair-callback-tutorial/,en,true,YES,YES,UNKNOWN,NO_CHANGE_PENDING_SEARCH_EVIDENCE,UNKNOWN,No current GSC or URL Inspection evidence for removal; KEEP_INDEXABLE is not search-value proof.,REPO_EVIDENCE; NEEDS_EVIDENCE
https://familyboard.win/guides/familyboard-appliance-replacement-planner-tutorial/,en,true,YES,YES,UNKNOWN,NO_CHANGE_PENDING_SEARCH_EVIDENCE,UNKNOWN,No current GSC or URL Inspection evidence for removal; KEEP_INDEXABLE is not search-value proof.,REPO_EVIDENCE; NEEDS_EVIDENCE
https://familyboard.win/guides/familyboard-appliance-service-visit-tutorial/,en,true,YES,YES,UNKNOWN,NO_CHANGE_PENDING_SEARCH_EVIDENCE,UNKNOWN,No current GSC or URL Inspection evidence for removal; KEEP_INDEXABLE is not search-value proof.,REPO_EVIDENCE; NEEDS_EVIDENCE
https://familyboard.win/guides/familyboard-attachment-expiry-review-tutorial/,en,true,YES,YES,UNKNOWN,NO_CHANGE_PENDING_SEARCH_EVIDENCE,UNKNOWN,No current GSC or URL Inspection evidence for removal; KEEP_INDEXABLE is not search-value proof.,REPO_EVIDENCE; NEEDS_EVIDENCE
https://familyboard.win/guides/familyboard-attachment-metadata-tutorial/,en,true,YES,YES,UNKNOWN,NO_CHANGE_PENDING_SEARCH_EVIDENCE,UNKNOWN,No current GSC or URL Inspection evidence for removal; KEEP_INDEXABLE is not search-value proof.,REPO_EVIDENCE; NEEDS_EVIDENCE
https://familyboard.win/guides/familyboard-backup-recovery-checker-tutorial/,en,true,YES,YES,UNKNOWN,NO_CHANGE_PENDING_SEARCH_EVIDENCE,UNKNOWN,No current GSC or URL Inspection evidence for removal; KEEP_INDEXABLE is not search-value proof.,REPO_EVIDENCE; NEEDS_EVIDENCE
https://familyboard.win/guides/familyboard-backup-restore-rehearsal-tutorial/,en,true,YES,YES,UNKNOWN,NO_CHANGE_PENDING_SEARCH_EVIDENCE,UNKNOWN,No current GSC or URL Inspection evidence for removal; KEEP_INDEXABLE is not search-value proof.,REPO_EVIDENCE; NEEDS_EVIDENCE
https://familyboard.win/guides/familyboard-bill-review-tutorial/,en,true,YES,YES,UNKNOWN,NO_CHANGE_PENDING_SEARCH_EVIDENCE,UNKNOWN,No current GSC or URL Inspection evidence for removal; KEEP_INDEXABLE is not search-value proof.,REPO_EVIDENCE; NEEDS_EVIDENCE
https://familyboard.win/guides/familyboard-browser-storage-cleanup-tutorial/,en,true,YES,YES,UNKNOWN,NO_CHANGE_PENDING_SEARCH_EVIDENCE,UNKNOWN,No current GSC or URL Inspection evidence for removal; KEEP_INDEXABLE is not search-value proof.,REPO_EVIDENCE; NEEDS_EVIDENCE
https://familyboard.win/guides/familyboard-browser-storage-maintenance/,en,true,YES,YES,UNKNOWN,NO_CHANGE_PENDING_SEARCH_EVIDENCE,UNKNOWN,No current GSC or URL Inspection evidence for removal; KEEP_INDEXABLE is not search-value proof.,REPO_EVIDENCE; NEEDS_EVIDENCE
https://familyboard.win/guides/familyboard-building-notice-response-tutorial/,en,true,YES,YES,UNKNOWN,NO_CHANGE_PENDING_SEARCH_EVIDENCE,UNKNOWN,No current GSC or URL Inspection evidence for removal; KEEP_INDEXABLE is not search-value proof.,REPO_EVIDENCE; NEEDS_EVIDENCE
https://familyboard.win/guides/familyboard-calendar-timezone-tutorial/,en,true,YES,YES,UNKNOWN,NO_CHANGE_PENDING_SEARCH_EVIDENCE,UNKNOWN,No current GSC or URL Inspection evidence for removal; KEEP_INDEXABLE is not search-value proof.,REPO_EVIDENCE; NEEDS_EVIDENCE
https://familyboard.win/guides/familyboard-calendar-tutorial/,en,true,YES,YES,UNKNOWN,NO_CHANGE_PENDING_SEARCH_EVIDENCE,UNKNOWN,No current GSC or URL Inspection evidence for removal; KEEP_INDEXABLE is not search-value proof.,REPO_EVIDENCE; NEEDS_EVIDENCE
https://familyboard.win/guides/familyboard-caregiver-handoff-source-authorization-tutorial/,en,true,YES,YES,UNKNOWN,NO_CHANGE_PENDING_SEARCH_EVIDENCE,UNKNOWN,No current GSC or URL Inspection evidence for removal; KEEP_INDEXABLE is not search-value proof.,REPO_EVIDENCE; NEEDS_EVIDENCE
https://familyboard.win/guides/familyboard-cleaning-schedule-generator-tutorial/,en,true,YES,YES,UNKNOWN,NO_CHANGE_PENDING_SEARCH_EVIDENCE,UNKNOWN,No current GSC or URL Inspection evidence for removal; KEEP_INDEXABLE is not search-value proof.,REPO_EVIDENCE; NEEDS_EVIDENCE
https://familyboard.win/guides/familyboard-clothing-care-repair-log-tutorial/,en,true,YES,YES,UNKNOWN,NO_CHANGE_PENDING_SEARCH_EVIDENCE,UNKNOWN,No current GSC or URL Inspection evidence for removal; KEEP_INDEXABLE is not search-value proof.,REPO_EVIDENCE; NEEDS_EVIDENCE
https://familyboard.win/guides/familyboard-clothing-care-tutorial/,en,true,YES,YES,UNKNOWN,NO_CHANGE_PENDING_SEARCH_EVIDENCE,UNKNOWN,No current GSC or URL Inspection evidence for removal; KEEP_INDEXABLE is not search-value proof.,REPO_EVIDENCE; NEEDS_EVIDENCE
https://familyboard.win/guides/familyboard-consumable-change-history-tutorial/,en,true,YES,YES,UNKNOWN,NO_CHANGE_PENDING_SEARCH_EVIDENCE,UNKNOWN,No current GSC or URL Inspection evidence for removal; KEEP_INDEXABLE is not search-value proof.,REPO_EVIDENCE; NEEDS_EVIDENCE
https://familyboard.win/guides/familyboard-contact-sensitivity-tutorial/,en,true,YES,YES,UNKNOWN,NO_CHANGE_PENDING_SEARCH_EVIDENCE,UNKNOWN,No current GSC or URL Inspection evidence for removal; KEEP_INDEXABLE is not search-value proof.,REPO_EVIDENCE; NEEDS_EVIDENCE
https://familyboard.win/guides/familyboard-data-export-redaction-tutorial/,en,true,YES,YES,UNKNOWN,NO_CHANGE_PENDING_SEARCH_EVIDENCE,UNKNOWN,No current GSC or URL Inspection evidence for removal; KEEP_INDEXABLE is not search-value proof.,REPO_EVIDENCE; NEEDS_EVIDENCE
https://familyboard.win/guides/familyboard-date-offset-planner-tutorial/,en,true,YES,YES,UNKNOWN,NO_CHANGE_PENDING_SEARCH_EVIDENCE,UNKNOWN,No current GSC or URL Inspection evidence for removal; KEEP_INDEXABLE is not search-value proof.,REPO_EVIDENCE; NEEDS_EVIDENCE
https://familyboard.win/guides/familyboard-device-retirement-tutorial/,en,true,YES,YES,UNKNOWN,NO_CHANGE_PENDING_SEARCH_EVIDENCE,UNKNOWN,No current GSC or URL Inspection evidence for removal; KEEP_INDEXABLE is not search-value proof.,REPO_EVIDENCE; NEEDS_EVIDENCE
https://familyboard.win/guides/familyboard-document-renewal-tutorial/,en,true,YES,YES,UNKNOWN,NO_CHANGE_PENDING_SEARCH_EVIDENCE,UNKNOWN,No current GSC or URL Inspection evidence for removal; KEEP_INDEXABLE is not search-value proof.,REPO_EVIDENCE; NEEDS_EVIDENCE
https://familyboard.win/guides/familyboard-document-source-handoff-tutorial/,en,true,YES,YES,UNKNOWN,NO_CHANGE_PENDING_SEARCH_EVIDENCE,UNKNOWN,No current GSC or URL Inspection evidence for removal; KEEP_INDEXABLE is not search-value proof.,REPO_EVIDENCE; NEEDS_EVIDENCE
https://familyboard.win/guides/familyboard-documents-source-review-tutorial/,en,true,YES,YES,UNKNOWN,NO_CHANGE_PENDING_SEARCH_EVIDENCE,UNKNOWN,No current GSC or URL Inspection evidence for removal; KEEP_INDEXABLE is not search-value proof.,REPO_EVIDENCE; NEEDS_EVIDENCE
https://familyboard.win/guides/familyboard-donation-handoff-tutorial/,en,true,YES,YES,UNKNOWN,NO_CHANGE_PENDING_SEARCH_EVIDENCE,UNKNOWN,No current GSC or URL Inspection evidence for removal; KEEP_INDEXABLE is not search-value proof.,REPO_EVIDENCE; NEEDS_EVIDENCE
https://familyboard.win/guides/familyboard-emergency-binder-generator-tutorial/,en,true,YES,YES,UNKNOWN,NO_CHANGE_PENDING_SEARCH_EVIDENCE,UNKNOWN,No current GSC or URL Inspection evidence for removal; KEEP_INDEXABLE is not search-value proof.,REPO_EVIDENCE; NEEDS_EVIDENCE
https://familyboard.win/guides/familyboard-emergency-contact-sheet-generator-tutorial/,en,true,YES,YES,UNKNOWN,NO_CHANGE_PENDING_SEARCH_EVIDENCE,UNKNOWN,No current GSC or URL Inspection evidence for removal; KEEP_INDEXABLE is not search-value proof.,REPO_EVIDENCE; NEEDS_EVIDENCE
https://familyboard.win/guides/familyboard-emergency-contact-verification-tutorial/,en,true,YES,YES,UNKNOWN,NO_CHANGE_PENDING_SEARCH_EVIDENCE,UNKNOWN,No current GSC or URL Inspection evidence for removal; KEEP_INDEXABLE is not search-value proof.,REPO_EVIDENCE; NEEDS_EVIDENCE
https://familyboard.win/guides/familyboard-emergency-drill-tutorial/,en,true,YES,YES,UNKNOWN,NO_CHANGE_PENDING_SEARCH_EVIDENCE,UNKNOWN,No current GSC or URL Inspection evidence for removal; KEEP_INDEXABLE is not search-value proof.,REPO_EVIDENCE; NEEDS_EVIDENCE
https://familyboard.win/guides/familyboard-emergency-information-privacy-tutorial/,en,true,YES,YES,UNKNOWN,NO_CHANGE_PENDING_SEARCH_EVIDENCE,UNKNOWN,No current GSC or URL Inspection evidence for removal; KEEP_INDEXABLE is not search-value proof.,REPO_EVIDENCE; NEEDS_EVIDENCE
https://familyboard.win/guides/familyboard-emergency-supply-inventory-audit-tutorial/,en,true,YES,YES,UNKNOWN,NO_CHANGE_PENDING_SEARCH_EVIDENCE,UNKNOWN,No current GSC or URL Inspection evidence for removal; KEEP_INDEXABLE is not search-value proof.,REPO_EVIDENCE; NEEDS_EVIDENCE
https://familyboard.win/guides/familyboard-encrypted-backup-password-tutorial/,en,true,YES,YES,UNKNOWN,NO_CHANGE_PENDING_SEARCH_EVIDENCE,UNKNOWN,No current GSC or URL Inspection evidence for removal; KEEP_INDEXABLE is not search-value proof.,REPO_EVIDENCE; NEEDS_EVIDENCE
https://familyboard.win/guides/familyboard-event-duration-calculator-tutorial/,en,true,YES,YES,UNKNOWN,NO_CHANGE_PENDING_SEARCH_EVIDENCE,UNKNOWN,No current GSC or URL Inspection evidence for removal; KEEP_INDEXABLE is not search-value proof.,REPO_EVIDENCE; NEEDS_EVIDENCE
https://familyboard.win/guides/familyboard-event-source-index-tutorial/,en,true,YES,YES,UNKNOWN,NO_CHANGE_PENDING_SEARCH_EVIDENCE,UNKNOWN,No current GSC or URL Inspection evidence for removal; KEEP_INDEXABLE is not search-value proof.,REPO_EVIDENCE; NEEDS_EVIDENCE
https://familyboard.win/guides/familyboard-family-display-mode-setup/,en,true,YES,YES,UNKNOWN,NO_CHANGE_PENDING_SEARCH_EVIDENCE,UNKNOWN,No current GSC or URL Inspection evidence for removal; KEEP_INDEXABLE is not search-value proof.,REPO_EVIDENCE; NEEDS_EVIDENCE
https://familyboard.win/guides/familyboard-free-home-management-app-tutorial/,en,true,YES,YES,UNKNOWN,NO_CHANGE_PENDING_SEARCH_EVIDENCE,UNKNOWN,No current GSC or URL Inspection evidence for removal; KEEP_INDEXABLE is not search-value proof.,REPO_EVIDENCE; NEEDS_EVIDENCE
https://familyboard.win/guides/familyboard-guest-arrival-prep-tutorial/,en,true,YES,YES,UNKNOWN,NO_CHANGE_PENDING_SEARCH_EVIDENCE,UNKNOWN,No current GSC or URL Inspection evidence for removal; KEEP_INDEXABLE is not search-value proof.,REPO_EVIDENCE; NEEDS_EVIDENCE
https://familyboard.win/guides/familyboard-guest-service-visit-reset-tutorial/,en,true,YES,YES,UNKNOWN,NO_CHANGE_PENDING_SEARCH_EVIDENCE,UNKNOWN,No current GSC or URL Inspection evidence for removal; KEEP_INDEXABLE is not search-value proof.,REPO_EVIDENCE; NEEDS_EVIDENCE
https://familyboard.win/guides/familyboard-handoff-acceptance-tutorial/,en,true,YES,YES,UNKNOWN,NO_CHANGE_PENDING_SEARCH_EVIDENCE,UNKNOWN,No current GSC or URL Inspection evidence for removal; KEEP_INDEXABLE is not search-value proof.,REPO_EVIDENCE; NEEDS_EVIDENCE
https://familyboard.win/guides/familyboard-home-access-handoff-tutorial/,en,true,YES,YES,UNKNOWN,NO_CHANGE_PENDING_SEARCH_EVIDENCE,UNKNOWN,No current GSC or URL Inspection evidence for removal; KEEP_INDEXABLE is not search-value proof.,REPO_EVIDENCE; NEEDS_EVIDENCE
https://familyboard.win/guides/familyboard-home-accessibility-walkthrough-log-tutorial/,en,true,YES,YES,UNKNOWN,NO_CHANGE_PENDING_SEARCH_EVIDENCE,UNKNOWN,No current GSC or URL Inspection evidence for removal; KEEP_INDEXABLE is not search-value proof.,REPO_EVIDENCE; NEEDS_EVIDENCE
https://familyboard.win/guides/familyboard-home-care-billing-discrepancy-tutorial/,en,true,YES,YES,UNKNOWN,NO_CHANGE_PENDING_SEARCH_EVIDENCE,UNKNOWN,No current GSC or URL Inspection evidence for removal; KEEP_INDEXABLE is not search-value proof.,REPO_EVIDENCE; NEEDS_EVIDENCE
https://familyboard.win/guides/familyboard-home-care-complaint-response-resolution-tutorial/,en,true,YES,YES,UNKNOWN,NO_CHANGE_PENDING_SEARCH_EVIDENCE,UNKNOWN,No current GSC or URL Inspection evidence for removal; KEEP_INDEXABLE is not search-value proof.,REPO_EVIDENCE; NEEDS_EVIDENCE
https://familyboard.win/guides/familyboard-home-care-payment-refund-collection-notice-tutorial/,en,true,YES,YES,UNKNOWN,NO_CHANGE_PENDING_SEARCH_EVIDENCE,UNKNOWN,No current GSC or URL Inspection evidence for removal; KEEP_INDEXABLE is not search-value proof.,REPO_EVIDENCE; NEEDS_EVIDENCE
https://familyboard.win/guides/familyboard-home-care-service-interruption-backup-continuity-tutorial/,en,true,YES,YES,UNKNOWN,NO_CHANGE_PENDING_SEARCH_EVIDENCE,UNKNOWN,No current GSC or URL Inspection evidence for removal; KEEP_INDEXABLE is not search-value proof.,REPO_EVIDENCE; NEEDS_EVIDENCE
https://familyboard.win/guides/familyboard-home-care-service-plan-change-notice-tutorial/,en,true,YES,YES,UNKNOWN,NO_CHANGE_PENDING_SEARCH_EVIDENCE,UNKNOWN,No current GSC or URL Inspection evidence for removal; KEEP_INDEXABLE is not search-value proof.,REPO_EVIDENCE; NEEDS_EVIDENCE
https://familyboard.win/guides/familyboard-home-care-visit-scope-service-result-tutorial/,en,true,YES,YES,UNKNOWN,NO_CHANGE_PENDING_SEARCH_EVIDENCE,UNKNOWN,No current GSC or URL Inspection evidence for removal; KEEP_INDEXABLE is not search-value proof.,REPO_EVIDENCE; NEEDS_EVIDENCE
https://familyboard.win/guides/familyboard-home-closure-reopening-tutorial/,en,true,YES,YES,UNKNOWN,NO_CHANGE_PENDING_SEARCH_EVIDENCE,UNKNOWN,No current GSC or URL Inspection evidence for removal; KEEP_INDEXABLE is not search-value proof.,REPO_EVIDENCE; NEEDS_EVIDENCE
https://familyboard.win/guides/familyboard-home-dashboard-weekly-review-tutorial/,en,true,YES,YES,UNKNOWN,NO_CHANGE_PENDING_SEARCH_EVIDENCE,UNKNOWN,No current GSC or URL Inspection evidence for removal; KEEP_INDEXABLE is not search-value proof.,REPO_EVIDENCE; NEEDS_EVIDENCE
https://familyboard.win/guides/familyboard-home-emergency-drill-record-tutorial/,en,true,YES,YES,UNKNOWN,NO_CHANGE_PENDING_SEARCH_EVIDENCE,UNKNOWN,No current GSC or URL Inspection evidence for removal; KEEP_INDEXABLE is not search-value proof.,REPO_EVIDENCE; NEEDS_EVIDENCE
https://familyboard.win/guides/familyboard-home-handoff-summary-generator-tutorial/,en,true,YES,YES,UNKNOWN,NO_CHANGE_PENDING_SEARCH_EVIDENCE,UNKNOWN,No current GSC or URL Inspection evidence for removal; KEEP_INDEXABLE is not search-value proof.,REPO_EVIDENCE; NEEDS_EVIDENCE
https://familyboard.win/guides/familyboard-home-inventory-checklist-generator-tutorial/,en,true,YES,YES,UNKNOWN,NO_CHANGE_PENDING_SEARCH_EVIDENCE,UNKNOWN,No current GSC or URL Inspection evidence for removal; KEEP_INDEXABLE is not search-value proof.,REPO_EVIDENCE; NEEDS_EVIDENCE
https://familyboard.win/guides/familyboard-home-maintenance-cost-tracker-tutorial/,en,true,YES,YES,UNKNOWN,NO_CHANGE_PENDING_SEARCH_EVIDENCE,UNKNOWN,No current GSC or URL Inspection evidence for removal; KEEP_INDEXABLE is not search-value proof.,REPO_EVIDENCE; NEEDS_EVIDENCE
https://familyboard.win/guides/familyboard-home-maintenance-schedule-generator-tutorial/,en,true,YES,YES,UNKNOWN,NO_CHANGE_PENDING_SEARCH_EVIDENCE,UNKNOWN,No current GSC or URL Inspection evidence for removal; KEEP_INDEXABLE is not search-value proof.,REPO_EVIDENCE; NEEDS_EVIDENCE
https://familyboard.win/guides/familyboard-home-repair-change-order-tutorial/,en,true,YES,YES,UNKNOWN,NO_CHANGE_PENDING_SEARCH_EVIDENCE,UNKNOWN,No current GSC or URL Inspection evidence for removal; KEEP_INDEXABLE is not search-value proof.,REPO_EVIDENCE; NEEDS_EVIDENCE
https://familyboard.win/guides/familyboard-home-repair-closeout-checklist-tutorial/,en,true,YES,YES,UNKNOWN,NO_CHANGE_PENDING_SEARCH_EVIDENCE,UNKNOWN,No current GSC or URL Inspection evidence for removal; KEEP_INDEXABLE is not search-value proof.,REPO_EVIDENCE; NEEDS_EVIDENCE
https://familyboard.win/guides/familyboard-home-repair-cost-log-tutorial/,en,true,YES,YES,UNKNOWN,NO_CHANGE_PENDING_SEARCH_EVIDENCE,UNKNOWN,No current GSC or URL Inspection evidence for removal; KEEP_INDEXABLE is not search-value proof.,REPO_EVIDENCE; NEEDS_EVIDENCE
https://familyboard.win/guides/familyboard-home-service-provider-verification-tutorial/,en,true,YES,YES,UNKNOWN,NO_CHANGE_PENDING_SEARCH_EVIDENCE,UNKNOWN,No current GSC or URL Inspection evidence for removal; KEEP_INDEXABLE is not search-value proof.,REPO_EVIDENCE; NEEDS_EVIDENCE
https://familyboard.win/guides/familyboard-home-service-reminder-generator-tutorial/,en,true,YES,YES,UNKNOWN,NO_CHANGE_PENDING_SEARCH_EVIDENCE,UNKNOWN,No current GSC or URL Inspection evidence for removal; KEEP_INDEXABLE is not search-value proof.,REPO_EVIDENCE; NEEDS_EVIDENCE
https://familyboard.win/guides/familyboard-house-sitter-instruction-generator-tutorial/,en,true,YES,YES,UNKNOWN,NO_CHANGE_PENDING_SEARCH_EVIDENCE,UNKNOWN,No current GSC or URL Inspection evidence for removal; KEEP_INDEXABLE is not search-value proof.,REPO_EVIDENCE; NEEDS_EVIDENCE
https://familyboard.win/guides/familyboard-household-account-list-tutorial/,en,true,YES,YES,UNKNOWN,NO_CHANGE_PENDING_SEARCH_EVIDENCE,UNKNOWN,No current GSC or URL Inspection evidence for removal; KEEP_INDEXABLE is not search-value proof.,REPO_EVIDENCE; NEEDS_EVIDENCE
https://familyboard.win/guides/familyboard-household-admin-backup-tutorial/,en,true,YES,YES,UNKNOWN,NO_CHANGE_PENDING_SEARCH_EVIDENCE,UNKNOWN,No current GSC or URL Inspection evidence for removal; KEEP_INDEXABLE is not search-value proof.,REPO_EVIDENCE; NEEDS_EVIDENCE
https://familyboard.win/guides/familyboard-household-admin-escalation-tutorial/,en,true,YES,YES,UNKNOWN,NO_CHANGE_PENDING_SEARCH_EVIDENCE,UNKNOWN,No current GSC or URL Inspection evidence for removal; KEEP_INDEXABLE is not search-value proof.,REPO_EVIDENCE; NEEDS_EVIDENCE
https://familyboard.win/guides/familyboard-household-annual-review-generator-tutorial/,en,true,YES,YES,UNKNOWN,NO_CHANGE_PENDING_SEARCH_EVIDENCE,UNKNOWN,No current GSC or URL Inspection evidence for removal; KEEP_INDEXABLE is not search-value proof.,REPO_EVIDENCE; NEEDS_EVIDENCE
https://familyboard.win/guides/familyboard-household-availability-window-tutorial/,en,true,YES,YES,UNKNOWN,NO_CHANGE_PENDING_SEARCH_EVIDENCE,UNKNOWN,No current GSC or URL Inspection evidence for removal; KEEP_INDEXABLE is not search-value proof.,REPO_EVIDENCE; NEEDS_EVIDENCE
https://familyboard.win/guides/familyboard-household-backup-recovery-checker-tutorial/,en,true,YES,YES,UNKNOWN,NO_CHANGE_PENDING_SEARCH_EVIDENCE,UNKNOWN,No current GSC or URL Inspection evidence for removal; KEEP_INDEXABLE is not search-value proof.,REPO_EVIDENCE; NEEDS_EVIDENCE
https://familyboard.win/guides/familyboard-household-bill-source-status-tutorial/,en,true,YES,YES,UNKNOWN,NO_CHANGE_PENDING_SEARCH_EVIDENCE,UNKNOWN,No current GSC or URL Inspection evidence for removal; KEEP_INDEXABLE is not search-value proof.,REPO_EVIDENCE; NEEDS_EVIDENCE
https://familyboard.win/guides/familyboard-household-decision-log-tutorial/,en,true,YES,YES,UNKNOWN,NO_CHANGE_PENDING_SEARCH_EVIDENCE,UNKNOWN,No current GSC or URL Inspection evidence for removal; KEEP_INDEXABLE is not search-value proof.,REPO_EVIDENCE; NEEDS_EVIDENCE
https://familyboard.win/guides/familyboard-household-decision-register-tutorial/,en,true,YES,YES,UNKNOWN,NO_CHANGE_PENDING_SEARCH_EVIDENCE,UNKNOWN,No current GSC or URL Inspection evidence for removal; KEEP_INDEXABLE is not search-value proof.,REPO_EVIDENCE; NEEDS_EVIDENCE
https://familyboard.win/guides/familyboard-household-document-index-generator-tutorial/,en,true,YES,YES,UNKNOWN,NO_CHANGE_PENDING_SEARCH_EVIDENCE,UNKNOWN,No current GSC or URL Inspection evidence for removal; KEEP_INDEXABLE is not search-value proof.,REPO_EVIDENCE; NEEDS_EVIDENCE
https://familyboard.win/guides/familyboard-household-document-redaction-tutorial/,en,true,YES,YES,UNKNOWN,NO_CHANGE_PENDING_SEARCH_EVIDENCE,UNKNOWN,No current GSC or URL Inspection evidence for removal; KEEP_INDEXABLE is not search-value proof.,REPO_EVIDENCE; NEEDS_EVIDENCE
https://familyboard.win/guides/familyboard-household-export-scope-review-tutorial/,en,true,YES,YES,UNKNOWN,NO_CHANGE_PENDING_SEARCH_EVIDENCE,UNKNOWN,No current GSC or URL Inspection evidence for removal; KEEP_INDEXABLE is not search-value proof.,REPO_EVIDENCE; NEEDS_EVIDENCE
https://familyboard.win/guides/familyboard-household-handoff-tutorial/,en,true,YES,YES,UNKNOWN,NO_CHANGE_PENDING_SEARCH_EVIDENCE,UNKNOWN,No current GSC or URL Inspection evidence for removal; KEEP_INDEXABLE is not search-value proof.,REPO_EVIDENCE; NEEDS_EVIDENCE
https://familyboard.win/guides/familyboard-household-language-preference-handoff-tutorial/,en,true,YES,YES,UNKNOWN,NO_CHANGE_PENDING_SEARCH_EVIDENCE,UNKNOWN,No current GSC or URL Inspection evidence for removal; KEEP_INDEXABLE is not search-value proof.,REPO_EVIDENCE; NEEDS_EVIDENCE
https://familyboard.win/guides/familyboard-household-meeting-agenda-action-log-tutorial/,en,true,YES,YES,UNKNOWN,NO_CHANGE_PENDING_SEARCH_EVIDENCE,UNKNOWN,No current GSC or URL Inspection evidence for removal; KEEP_INDEXABLE is not search-value proof.,REPO_EVIDENCE; NEEDS_EVIDENCE
https://familyboard.win/guides/familyboard-household-meeting-tutorial/,en,true,YES,YES,UNKNOWN,NO_CHANGE_PENDING_SEARCH_EVIDENCE,UNKNOWN,No current GSC or URL Inspection evidence for removal; KEEP_INDEXABLE is not search-value proof.,REPO_EVIDENCE; NEEDS_EVIDENCE
https://familyboard.win/guides/familyboard-household-members-responsibilities-tutorial/,en,true,YES,YES,UNKNOWN,NO_CHANGE_PENDING_SEARCH_EVIDENCE,UNKNOWN,No current GSC or URL Inspection evidence for removal; KEEP_INDEXABLE is not search-value proof.,REPO_EVIDENCE; NEEDS_EVIDENCE
https://familyboard.win/guides/familyboard-household-notification-routing-tutorial/,en,true,YES,YES,UNKNOWN,NO_CHANGE_PENDING_SEARCH_EVIDENCE,UNKNOWN,No current GSC or URL Inspection evidence for removal; KEEP_INDEXABLE is not search-value proof.,REPO_EVIDENCE; NEEDS_EVIDENCE
https://familyboard.win/guides/familyboard-household-quiet-hours-tutorial/,en,true,YES,YES,UNKNOWN,NO_CHANGE_PENDING_SEARCH_EVIDENCE,UNKNOWN,No current GSC or URL Inspection evidence for removal; KEEP_INDEXABLE is not search-value proof.,REPO_EVIDENCE; NEEDS_EVIDENCE
https://familyboard.win/guides/familyboard-household-responsibility-coverage-map-tutorial/,en,true,YES,YES,UNKNOWN,NO_CHANGE_PENDING_SEARCH_EVIDENCE,UNKNOWN,No current GSC or URL Inspection evidence for removal; KEEP_INDEXABLE is not search-value proof.,REPO_EVIDENCE; NEEDS_EVIDENCE
https://familyboard.win/guides/familyboard-household-responsibility-coverage-tutorial/,en,true,YES,YES,UNKNOWN,NO_CHANGE_PENDING_SEARCH_EVIDENCE,UNKNOWN,No current GSC or URL Inspection evidence for removal; KEEP_INDEXABLE is not search-value proof.,REPO_EVIDENCE; NEEDS_EVIDENCE
https://familyboard.win/guides/familyboard-household-return-handoff-tutorial/,en,true,YES,YES,UNKNOWN,NO_CHANGE_PENDING_SEARCH_EVIDENCE,UNKNOWN,No current GSC or URL Inspection evidence for removal; KEEP_INDEXABLE is not search-value proof.,REPO_EVIDENCE; NEEDS_EVIDENCE
https://familyboard.win/guides/familyboard-household-role-change-audit-tutorial/,en,true,YES,YES,UNKNOWN,NO_CHANGE_PENDING_SEARCH_EVIDENCE,UNKNOWN,No current GSC or URL Inspection evidence for removal; KEEP_INDEXABLE is not search-value proof.,REPO_EVIDENCE; NEEDS_EVIDENCE
https://familyboard.win/guides/familyboard-household-shopping-list-planner-tutorial/,en,true,YES,YES,UNKNOWN,NO_CHANGE_PENDING_SEARCH_EVIDENCE,UNKNOWN,No current GSC or URL Inspection evidence for removal; KEEP_INDEXABLE is not search-value proof.,REPO_EVIDENCE; NEEDS_EVIDENCE
https://familyboard.win/guides/familyboard-household-subscription-cost-calculator-tutorial/,en,true,YES,YES,UNKNOWN,NO_CHANGE_PENDING_SEARCH_EVIDENCE,UNKNOWN,No current GSC or URL Inspection evidence for removal; KEEP_INDEXABLE is not search-value proof.,REPO_EVIDENCE; NEEDS_EVIDENCE
https://familyboard.win/guides/familyboard-household-task-dependency-map-tutorial/,en,true,YES,YES,UNKNOWN,NO_CHANGE_PENDING_SEARCH_EVIDENCE,UNKNOWN,No current GSC or URL Inspection evidence for removal; KEEP_INDEXABLE is not search-value proof.,REPO_EVIDENCE; NEEDS_EVIDENCE
https://familyboard.win/guides/familyboard-household-task-load-calculator-tutorial/,en,true,YES,YES,UNKNOWN,NO_CHANGE_PENDING_SEARCH_EVIDENCE,UNKNOWN,No current GSC or URL Inspection evidence for removal; KEEP_INDEXABLE is not search-value proof.,REPO_EVIDENCE; NEEDS_EVIDENCE
https://familyboard.win/guides/familyboard-household-time-window-overlap-checker-tutorial/,en,true,YES,YES,UNKNOWN,NO_CHANGE_PENDING_SEARCH_EVIDENCE,UNKNOWN,No current GSC or URL Inspection evidence for removal; KEEP_INDEXABLE is not search-value proof.,REPO_EVIDENCE; NEEDS_EVIDENCE
https://familyboard.win/guides/familyboard-important-household-document-review-tutorial/,en,true,YES,YES,UNKNOWN,NO_CHANGE_PENDING_SEARCH_EVIDENCE,UNKNOWN,No current GSC or URL Inspection evidence for removal; KEEP_INDEXABLE is not search-value proof.,REPO_EVIDENCE; NEEDS_EVIDENCE
https://familyboard.win/guides/familyboard-insurance-claim-timeline-tutorial/,en,true,YES,YES,UNKNOWN,NO_CHANGE_PENDING_SEARCH_EVIDENCE,UNKNOWN,No current GSC or URL Inspection evidence for removal; KEEP_INDEXABLE is not search-value proof.,REPO_EVIDENCE; NEEDS_EVIDENCE
https://familyboard.win/guides/familyboard-insurance-policy-source-version-tutorial/,en,true,YES,YES,UNKNOWN,NO_CHANGE_PENDING_SEARCH_EVIDENCE,UNKNOWN,No current GSC or URL Inspection evidence for removal; KEEP_INDEXABLE is not search-value proof.,REPO_EVIDENCE; NEEDS_EVIDENCE
https://familyboard.win/guides/familyboard-internet-incident-tutorial/,en,true,YES,YES,UNKNOWN,NO_CHANGE_PENDING_SEARCH_EVIDENCE,UNKNOWN,No current GSC or URL Inspection evidence for removal; KEEP_INDEXABLE is not search-value proof.,REPO_EVIDENCE; NEEDS_EVIDENCE
https://familyboard.win/guides/familyboard-mail-package-handoff-log-tutorial/,en,true,YES,YES,UNKNOWN,NO_CHANGE_PENDING_SEARCH_EVIDENCE,UNKNOWN,No current GSC or URL Inspection evidence for removal; KEEP_INDEXABLE is not search-value proof.,REPO_EVIDENCE; NEEDS_EVIDENCE
https://familyboard.win/guides/familyboard-mail-package-handoff-tutorial/,en,true,YES,YES,UNKNOWN,NO_CHANGE_PENDING_SEARCH_EVIDENCE,UNKNOWN,No current GSC or URL Inspection evidence for removal; KEEP_INDEXABLE is not search-value proof.,REPO_EVIDENCE; NEEDS_EVIDENCE
https://familyboard.win/guides/familyboard-maintenance-delegation-map-tutorial/,en,true,YES,YES,UNKNOWN,NO_CHANGE_PENDING_SEARCH_EVIDENCE,UNKNOWN,No current GSC or URL Inspection evidence for removal; KEEP_INDEXABLE is not search-value proof.,REPO_EVIDENCE; NEEDS_EVIDENCE
https://familyboard.win/guides/familyboard-maintenance-event-cost-tutorial/,en,true,YES,YES,UNKNOWN,NO_CHANGE_PENDING_SEARCH_EVIDENCE,UNKNOWN,No current GSC or URL Inspection evidence for removal; KEEP_INDEXABLE is not search-value proof.,REPO_EVIDENCE; NEEDS_EVIDENCE
https://familyboard.win/guides/familyboard-maintenance-evidence-confidence-tutorial/,en,true,YES,YES,UNKNOWN,NO_CHANGE_PENDING_SEARCH_EVIDENCE,UNKNOWN,No current GSC or URL Inspection evidence for removal; KEEP_INDEXABLE is not search-value proof.,REPO_EVIDENCE; NEEDS_EVIDENCE
https://familyboard.win/guides/familyboard-maintenance-history-review/,en,true,YES,YES,UNKNOWN,NO_CHANGE_PENDING_SEARCH_EVIDENCE,UNKNOWN,No current GSC or URL Inspection evidence for removal; KEEP_INDEXABLE is not search-value proof.,REPO_EVIDENCE; NEEDS_EVIDENCE
https://familyboard.win/guides/familyboard-maintenance-priority-review-tutorial/,en,true,YES,YES,UNKNOWN,NO_CHANGE_PENDING_SEARCH_EVIDENCE,UNKNOWN,No current GSC or URL Inspection evidence for removal; KEEP_INDEXABLE is not search-value proof.,REPO_EVIDENCE; NEEDS_EVIDENCE
https://familyboard.win/guides/familyboard-maintenance-tracker-tutorial/,en,true,YES,YES,UNKNOWN,NO_CHANGE_PENDING_SEARCH_EVIDENCE,UNKNOWN,No current GSC or URL Inspection evidence for removal; KEEP_INDEXABLE is not search-value proof.,REPO_EVIDENCE; NEEDS_EVIDENCE
https://familyboard.win/guides/familyboard-master-csv-edit-import-tutorial/,en,true,YES,YES,UNKNOWN,NO_CHANGE_PENDING_SEARCH_EVIDENCE,UNKNOWN,No current GSC or URL Inspection evidence for removal; KEEP_INDEXABLE is not search-value proof.,REPO_EVIDENCE; NEEDS_EVIDENCE
https://familyboard.win/guides/familyboard-master-csv-edit-import/,en,true,YES,YES,UNKNOWN,NO_CHANGE_PENDING_SEARCH_EVIDENCE,UNKNOWN,No current GSC or URL Inspection evidence for removal; KEEP_INDEXABLE is not search-value proof.,REPO_EVIDENCE; NEEDS_EVIDENCE
https://familyboard.win/guides/familyboard-meal-prep-role-log-tutorial/,en,true,YES,YES,UNKNOWN,NO_CHANGE_PENDING_SEARCH_EVIDENCE,UNKNOWN,No current GSC or URL Inspection evidence for removal; KEEP_INDEXABLE is not search-value proof.,REPO_EVIDENCE; NEEDS_EVIDENCE
https://familyboard.win/guides/familyboard-meal-prep-tutorial/,en,true,YES,YES,UNKNOWN,NO_CHANGE_PENDING_SEARCH_EVIDENCE,UNKNOWN,No current GSC or URL Inspection evidence for removal; KEEP_INDEXABLE is not search-value proof.,REPO_EVIDENCE; NEEDS_EVIDENCE
https://familyboard.win/guides/familyboard-medical-information-source-handoff-tutorial/,en,true,YES,YES,UNKNOWN,NO_CHANGE_PENDING_SEARCH_EVIDENCE,UNKNOWN,No current GSC or URL Inspection evidence for removal; KEEP_INDEXABLE is not search-value proof.,REPO_EVIDENCE; NEEDS_EVIDENCE
https://familyboard.win/guides/familyboard-member-archive-tutorial/,en,true,YES,YES,UNKNOWN,NO_CHANGE_PENDING_SEARCH_EVIDENCE,UNKNOWN,No current GSC or URL Inspection evidence for removal; KEEP_INDEXABLE is not search-value proof.,REPO_EVIDENCE; NEEDS_EVIDENCE
https://familyboard.win/guides/familyboard-meter-reading-tutorial/,en,true,YES,YES,UNKNOWN,NO_CHANGE_PENDING_SEARCH_EVIDENCE,UNKNOWN,No current GSC or URL Inspection evidence for removal; KEEP_INDEXABLE is not search-value proof.,REPO_EVIDENCE; NEEDS_EVIDENCE
https://familyboard.win/guides/familyboard-monthly-review-action-tutorial/,en,true,YES,YES,UNKNOWN,NO_CHANGE_PENDING_SEARCH_EVIDENCE,UNKNOWN,No current GSC or URL Inspection evidence for removal; KEEP_INDEXABLE is not search-value proof.,REPO_EVIDENCE; NEEDS_EVIDENCE
https://familyboard.win/guides/familyboard-move-in-checklist-generator-tutorial/,en,true,YES,YES,UNKNOWN,NO_CHANGE_PENDING_SEARCH_EVIDENCE,UNKNOWN,No current GSC or URL Inspection evidence for removal; KEEP_INDEXABLE is not search-value proof.,REPO_EVIDENCE; NEEDS_EVIDENCE
https://familyboard.win/guides/familyboard-move-out-condition-report-generator-tutorial/,en,true,YES,YES,UNKNOWN,NO_CHANGE_PENDING_SEARCH_EVIDENCE,UNKNOWN,No current GSC or URL Inspection evidence for removal; KEEP_INDEXABLE is not search-value proof.,REPO_EVIDENCE; NEEDS_EVIDENCE
https://familyboard.win/guides/familyboard-move-out-condition-tutorial/,en,true,YES,YES,UNKNOWN,NO_CHANGE_PENDING_SEARCH_EVIDENCE,UNKNOWN,No current GSC or URL Inspection evidence for removal; KEEP_INDEXABLE is not search-value proof.,REPO_EVIDENCE; NEEDS_EVIDENCE
https://familyboard.win/guides/familyboard-moving-box-handover-log-tutorial/,en,true,YES,YES,UNKNOWN,NO_CHANGE_PENDING_SEARCH_EVIDENCE,UNKNOWN,No current GSC or URL Inspection evidence for removal; KEEP_INDEXABLE is not search-value proof.,REPO_EVIDENCE; NEEDS_EVIDENCE
https://familyboard.win/guides/familyboard-offline-backup-restore/,en,true,YES,YES,UNKNOWN,NO_CHANGE_PENDING_SEARCH_EVIDENCE,UNKNOWN,No current GSC or URL Inspection evidence for removal; KEEP_INDEXABLE is not search-value proof.,REPO_EVIDENCE; NEEDS_EVIDENCE
https://familyboard.win/guides/familyboard-old-tablet-display-tutorial/,en,true,YES,YES,UNKNOWN,NO_CHANGE_PENDING_SEARCH_EVIDENCE,UNKNOWN,No current GSC or URL Inspection evidence for removal; KEEP_INDEXABLE is not search-value proof.,REPO_EVIDENCE; NEEDS_EVIDENCE
https://familyboard.win/guides/familyboard-pantry-expiry-review-log-tutorial/,en,true,YES,YES,UNKNOWN,NO_CHANGE_PENDING_SEARCH_EVIDENCE,UNKNOWN,No current GSC or URL Inspection evidence for removal; KEEP_INDEXABLE is not search-value proof.,REPO_EVIDENCE; NEEDS_EVIDENCE
https://familyboard.win/guides/familyboard-pantry-review-tutorial/,en,true,YES,YES,UNKNOWN,NO_CHANGE_PENDING_SEARCH_EVIDENCE,UNKNOWN,No current GSC or URL Inspection evidence for removal; KEEP_INDEXABLE is not search-value proof.,REPO_EVIDENCE; NEEDS_EVIDENCE
https://familyboard.win/guides/familyboard-pet-record-source-handoff-tutorial/,en,true,YES,YES,UNKNOWN,NO_CHANGE_PENDING_SEARCH_EVIDENCE,UNKNOWN,No current GSC or URL Inspection evidence for removal; KEEP_INDEXABLE is not search-value proof.,REPO_EVIDENCE; NEEDS_EVIDENCE
https://familyboard.win/guides/familyboard-pet-sitter-instruction-generator-tutorial/,en,true,YES,YES,UNKNOWN,NO_CHANGE_PENDING_SEARCH_EVIDENCE,UNKNOWN,No current GSC or URL Inspection evidence for removal; KEEP_INDEXABLE is not search-value proof.,REPO_EVIDENCE; NEEDS_EVIDENCE
https://familyboard.win/guides/familyboard-photo-inventory-tutorial/,en,true,YES,YES,UNKNOWN,NO_CHANGE_PENDING_SEARCH_EVIDENCE,UNKNOWN,No current GSC or URL Inspection evidence for removal; KEEP_INDEXABLE is not search-value proof.,REPO_EVIDENCE; NEEDS_EVIDENCE
https://familyboard.win/guides/familyboard-plant-care-handoff-log-tutorial/,en,true,YES,YES,UNKNOWN,NO_CHANGE_PENDING_SEARCH_EVIDENCE,UNKNOWN,No current GSC or URL Inspection evidence for removal; KEEP_INDEXABLE is not search-value proof.,REPO_EVIDENCE; NEEDS_EVIDENCE
https://familyboard.win/guides/familyboard-plant-care-handoff-tutorial/,en,true,YES,YES,UNKNOWN,NO_CHANGE_PENDING_SEARCH_EVIDENCE,UNKNOWN,No current GSC or URL Inspection evidence for removal; KEEP_INDEXABLE is not search-value proof.,REPO_EVIDENCE; NEEDS_EVIDENCE
https://familyboard.win/guides/familyboard-power-outage-event-log-tutorial/,en,true,YES,YES,UNKNOWN,NO_CHANGE_PENDING_SEARCH_EVIDENCE,UNKNOWN,No current GSC or URL Inspection evidence for removal; KEEP_INDEXABLE is not search-value proof.,REPO_EVIDENCE; NEEDS_EVIDENCE
https://familyboard.win/guides/familyboard-printout-download-retention-tutorial/,en,true,YES,YES,UNKNOWN,NO_CHANGE_PENDING_SEARCH_EVIDENCE,UNKNOWN,No current GSC or URL Inspection evidence for removal; KEEP_INDEXABLE is not search-value proof.,REPO_EVIDENCE; NEEDS_EVIDENCE
https://familyboard.win/guides/familyboard-privacy-review-handoff-tutorial/,en,true,YES,YES,UNKNOWN,NO_CHANGE_PENDING_SEARCH_EVIDENCE,UNKNOWN,No current GSC or URL Inspection evidence for removal; KEEP_INDEXABLE is not search-value proof.,REPO_EVIDENCE; NEEDS_EVIDENCE
https://familyboard.win/guides/familyboard-private-family-organizer-tutorial/,en,true,YES,YES,UNKNOWN,NO_CHANGE_PENDING_SEARCH_EVIDENCE,UNKNOWN,No current GSC or URL Inspection evidence for removal; KEEP_INDEXABLE is not search-value proof.,REPO_EVIDENCE; NEEDS_EVIDENCE
https://familyboard.win/guides/familyboard-product-recall-action-log-tutorial/,en,true,YES,YES,UNKNOWN,NO_CHANGE_PENDING_SEARCH_EVIDENCE,UNKNOWN,No current GSC or URL Inspection evidence for removal; KEEP_INDEXABLE is not search-value proof.,REPO_EVIDENCE; NEEDS_EVIDENCE
https://familyboard.win/guides/familyboard-product-recall-action-tutorial/,en,true,YES,YES,UNKNOWN,NO_CHANGE_PENDING_SEARCH_EVIDENCE,UNKNOWN,No current GSC or URL Inspection evidence for removal; KEEP_INDEXABLE is not search-value proof.,REPO_EVIDENCE; NEEDS_EVIDENCE
https://familyboard.win/guides/familyboard-purchase-comparison-tutorial/,en,true,YES,YES,UNKNOWN,NO_CHANGE_PENDING_SEARCH_EVIDENCE,UNKNOWN,No current GSC or URL Inspection evidence for removal; KEEP_INDEXABLE is not search-value proof.,REPO_EVIDENCE; NEEDS_EVIDENCE
https://familyboard.win/guides/familyboard-purchase-delivery-evidence-tutorial/,en,true,YES,YES,UNKNOWN,NO_CHANGE_PENDING_SEARCH_EVIDENCE,UNKNOWN,No current GSC or URL Inspection evidence for removal; KEEP_INDEXABLE is not search-value proof.,REPO_EVIDENCE; NEEDS_EVIDENCE
https://familyboard.win/guides/familyboard-pwa-update-tutorial/,en,true,YES,YES,UNKNOWN,NO_CHANGE_PENDING_SEARCH_EVIDENCE,UNKNOWN,No current GSC or URL Inspection evidence for removal; KEEP_INDEXABLE is not search-value proof.,REPO_EVIDENCE; NEEDS_EVIDENCE
https://familyboard.win/guides/familyboard-receipt-retention-organizer-tutorial/,en,true,YES,YES,UNKNOWN,NO_CHANGE_PENDING_SEARCH_EVIDENCE,UNKNOWN,No current GSC or URL Inspection evidence for removal; KEEP_INDEXABLE is not search-value proof.,REPO_EVIDENCE; NEEDS_EVIDENCE
https://familyboard.win/guides/familyboard-receipt-source-verification-tutorial/,en,true,YES,YES,UNKNOWN,NO_CHANGE_PENDING_SEARCH_EVIDENCE,UNKNOWN,No current GSC or URL Inspection evidence for removal; KEEP_INDEXABLE is not search-value proof.,REPO_EVIDENCE; NEEDS_EVIDENCE
https://familyboard.win/guides/familyboard-record-linking-tutorial/,en,true,YES,YES,UNKNOWN,NO_CHANGE_PENDING_SEARCH_EVIDENCE,UNKNOWN,No current GSC or URL Inspection evidence for removal; KEEP_INDEXABLE is not search-value proof.,REPO_EVIDENCE; NEEDS_EVIDENCE
https://familyboard.win/guides/familyboard-record-retention-decision-log-tutorial/,en,true,YES,YES,UNKNOWN,NO_CHANGE_PENDING_SEARCH_EVIDENCE,UNKNOWN,No current GSC or URL Inspection evidence for removal; KEEP_INDEXABLE is not search-value proof.,REPO_EVIDENCE; NEEDS_EVIDENCE
https://familyboard.win/guides/familyboard-record-retention-decision-tutorial/,en,true,YES,YES,UNKNOWN,NO_CHANGE_PENDING_SEARCH_EVIDENCE,UNKNOWN,No current GSC or URL Inspection evidence for removal; KEEP_INDEXABLE is not search-value proof.,REPO_EVIDENCE; NEEDS_EVIDENCE
https://familyboard.win/guides/familyboard-record-retrieval-drill-tutorial/,en,true,YES,YES,UNKNOWN,NO_CHANGE_PENDING_SEARCH_EVIDENCE,UNKNOWN,No current GSC or URL Inspection evidence for removal; KEEP_INDEXABLE is not search-value proof.,REPO_EVIDENCE; NEEDS_EVIDENCE
https://familyboard.win/guides/familyboard-record-retrieval-practice-tutorial/,en,true,YES,YES,UNKNOWN,NO_CHANGE_PENDING_SEARCH_EVIDENCE,UNKNOWN,No current GSC or URL Inspection evidence for removal; KEEP_INDEXABLE is not search-value proof.,REPO_EVIDENCE; NEEDS_EVIDENCE
https://familyboard.win/guides/familyboard-recurring-chore-planner-tutorial/,en,true,YES,YES,UNKNOWN,NO_CHANGE_PENDING_SEARCH_EVIDENCE,UNKNOWN,No current GSC or URL Inspection evidence for removal; KEEP_INDEXABLE is not search-value proof.,REPO_EVIDENCE; NEEDS_EVIDENCE
https://familyboard.win/guides/familyboard-recycling-handoff-tutorial/,en,true,YES,YES,UNKNOWN,NO_CHANGE_PENDING_SEARCH_EVIDENCE,UNKNOWN,No current GSC or URL Inspection evidence for removal; KEEP_INDEXABLE is not search-value proof.,REPO_EVIDENCE; NEEDS_EVIDENCE
https://familyboard.win/guides/familyboard-rental-home-maintenance-handoff-tutorial/,en,true,YES,YES,UNKNOWN,NO_CHANGE_PENDING_SEARCH_EVIDENCE,UNKNOWN,No current GSC or URL Inspection evidence for removal; KEEP_INDEXABLE is not search-value proof.,REPO_EVIDENCE; NEEDS_EVIDENCE
https://familyboard.win/guides/familyboard-rental-repair-request-tutorial/,en,true,YES,YES,UNKNOWN,NO_CHANGE_PENDING_SEARCH_EVIDENCE,UNKNOWN,No current GSC or URL Inspection evidence for removal; KEEP_INDEXABLE is not search-value proof.,REPO_EVIDENCE; NEEDS_EVIDENCE
https://familyboard.win/guides/familyboard-rental-security-deposit-move-out-tutorial/,en,true,YES,YES,UNKNOWN,NO_CHANGE_PENDING_SEARCH_EVIDENCE,UNKNOWN,No current GSC or URL Inspection evidence for removal; KEEP_INDEXABLE is not search-value proof.,REPO_EVIDENCE; NEEDS_EVIDENCE
https://familyboard.win/guides/familyboard-repair-change-order-tutorial/,en,true,YES,YES,UNKNOWN,NO_CHANGE_PENDING_SEARCH_EVIDENCE,UNKNOWN,No current GSC or URL Inspection evidence for removal; KEEP_INDEXABLE is not search-value proof.,REPO_EVIDENCE; NEEDS_EVIDENCE
https://familyboard.win/guides/familyboard-repair-evidence-timeline-tutorial/,en,true,YES,YES,UNKNOWN,NO_CHANGE_PENDING_SEARCH_EVIDENCE,UNKNOWN,No current GSC or URL Inspection evidence for removal; KEEP_INDEXABLE is not search-value proof.,REPO_EVIDENCE; NEEDS_EVIDENCE
https://familyboard.win/guides/familyboard-repair-punch-list-review-tutorial/,en,true,YES,YES,UNKNOWN,NO_CHANGE_PENDING_SEARCH_EVIDENCE,UNKNOWN,No current GSC or URL Inspection evidence for removal; KEEP_INDEXABLE is not search-value proof.,REPO_EVIDENCE; NEEDS_EVIDENCE
https://familyboard.win/guides/familyboard-repair-punch-list-tutorial/,en,true,YES,YES,UNKNOWN,NO_CHANGE_PENDING_SEARCH_EVIDENCE,UNKNOWN,No current GSC or URL Inspection evidence for removal; KEEP_INDEXABLE is not search-value proof.,REPO_EVIDENCE; NEEDS_EVIDENCE
https://familyboard.win/guides/familyboard-replacement-part-source-check-log-tutorial/,en,true,YES,YES,UNKNOWN,NO_CHANGE_PENDING_SEARCH_EVIDENCE,UNKNOWN,No current GSC or URL Inspection evidence for removal; KEEP_INDEXABLE is not search-value proof.,REPO_EVIDENCE; NEEDS_EVIDENCE
https://familyboard.win/guides/familyboard-replacement-part-source-check-tutorial/,en,true,YES,YES,UNKNOWN,NO_CHANGE_PENDING_SEARCH_EVIDENCE,UNKNOWN,No current GSC or URL Inspection evidence for removal; KEEP_INDEXABLE is not search-value proof.,REPO_EVIDENCE; NEEDS_EVIDENCE
https://familyboard.win/guides/familyboard-reset-local-household-tutorial/,en,true,YES,YES,UNKNOWN,NO_CHANGE_PENDING_SEARCH_EVIDENCE,UNKNOWN,No current GSC or URL Inspection evidence for removal; KEEP_INDEXABLE is not search-value proof.,REPO_EVIDENCE; NEEDS_EVIDENCE
https://familyboard.win/guides/familyboard-restore-merge-replace-tutorial/,en,true,YES,YES,UNKNOWN,NO_CHANGE_PENDING_SEARCH_EVIDENCE,UNKNOWN,No current GSC or URL Inspection evidence for removal; KEEP_INDEXABLE is not search-value proof.,REPO_EVIDENCE; NEEDS_EVIDENCE
https://familyboard.win/guides/familyboard-room-inventory-generator-tutorial/,en,true,YES,YES,UNKNOWN,NO_CHANGE_PENDING_SEARCH_EVIDENCE,UNKNOWN,No current GSC or URL Inspection evidence for removal; KEEP_INDEXABLE is not search-value proof.,REPO_EVIDENCE; NEEDS_EVIDENCE
https://familyboard.win/guides/familyboard-router-support-review-tutorial/,en,true,YES,YES,UNKNOWN,NO_CHANGE_PENDING_SEARCH_EVIDENCE,UNKNOWN,No current GSC or URL Inspection evidence for removal; KEEP_INDEXABLE is not search-value proof.,REPO_EVIDENCE; NEEDS_EVIDENCE
https://familyboard.win/guides/familyboard-schedule-conflict-review-tutorial/,en,true,YES,YES,UNKNOWN,NO_CHANGE_PENDING_SEARCH_EVIDENCE,UNKNOWN,No current GSC or URL Inspection evidence for removal; KEEP_INDEXABLE is not search-value proof.,REPO_EVIDENCE; NEEDS_EVIDENCE
https://familyboard.win/guides/familyboard-school-activity-handoff-tutorial/,en,true,YES,YES,UNKNOWN,NO_CHANGE_PENDING_SEARCH_EVIDENCE,UNKNOWN,No current GSC or URL Inspection evidence for removal; KEEP_INDEXABLE is not search-value proof.,REPO_EVIDENCE; NEEDS_EVIDENCE
https://familyboard.win/guides/familyboard-school-closure-continuity-tutorial/,en,true,YES,YES,UNKNOWN,NO_CHANGE_PENDING_SEARCH_EVIDENCE,UNKNOWN,No current GSC or URL Inspection evidence for removal; KEEP_INDEXABLE is not search-value proof.,REPO_EVIDENCE; NEEDS_EVIDENCE
https://familyboard.win/guides/familyboard-school-pickup-handoff-tutorial/,en,true,YES,YES,UNKNOWN,NO_CHANGE_PENDING_SEARCH_EVIDENCE,UNKNOWN,No current GSC or URL Inspection evidence for removal; KEEP_INDEXABLE is not search-value proof.,REPO_EVIDENCE; NEEDS_EVIDENCE
https://familyboard.win/guides/familyboard-school-record-source-handoff-tutorial/,en,true,YES,YES,UNKNOWN,NO_CHANGE_PENDING_SEARCH_EVIDENCE,UNKNOWN,No current GSC or URL Inspection evidence for removal; KEEP_INDEXABLE is not search-value proof.,REPO_EVIDENCE; NEEDS_EVIDENCE
https://familyboard.win/guides/familyboard-seasonal-reset-tutorial/,en,true,YES,YES,UNKNOWN,NO_CHANGE_PENDING_SEARCH_EVIDENCE,UNKNOWN,No current GSC or URL Inspection evidence for removal; KEEP_INDEXABLE is not search-value proof.,REPO_EVIDENCE; NEEDS_EVIDENCE
https://familyboard.win/guides/familyboard-service-appointment-handoff-tutorial/,en,true,YES,YES,UNKNOWN,NO_CHANGE_PENDING_SEARCH_EVIDENCE,UNKNOWN,No current GSC or URL Inspection evidence for removal; KEEP_INDEXABLE is not search-value proof.,REPO_EVIDENCE; NEEDS_EVIDENCE
https://familyboard.win/guides/familyboard-service-provider-verification-tutorial/,en,true,YES,YES,UNKNOWN,NO_CHANGE_PENDING_SEARCH_EVIDENCE,UNKNOWN,No current GSC or URL Inspection evidence for removal; KEEP_INDEXABLE is not search-value proof.,REPO_EVIDENCE; NEEDS_EVIDENCE
https://familyboard.win/guides/familyboard-service-quote-comparison-tutorial/,en,true,YES,YES,UNKNOWN,NO_CHANGE_PENDING_SEARCH_EVIDENCE,UNKNOWN,No current GSC or URL Inspection evidence for removal; KEEP_INDEXABLE is not search-value proof.,REPO_EVIDENCE; NEEDS_EVIDENCE
https://familyboard.win/guides/familyboard-share-access-tutorial/,en,true,YES,YES,UNKNOWN,NO_CHANGE_PENDING_SEARCH_EVIDENCE,UNKNOWN,No current GSC or URL Inspection evidence for removal; KEEP_INDEXABLE is not search-value proof.,REPO_EVIDENCE; NEEDS_EVIDENCE
https://familyboard.win/guides/familyboard-shared-device-privacy-review-tutorial/,en,true,YES,YES,UNKNOWN,NO_CHANGE_PENDING_SEARCH_EVIDENCE,UNKNOWN,No current GSC or URL Inspection evidence for removal; KEEP_INDEXABLE is not search-value proof.,REPO_EVIDENCE; NEEDS_EVIDENCE
https://familyboard.win/guides/familyboard-shared-display-privacy-tutorial/,en,true,YES,YES,UNKNOWN,NO_CHANGE_PENDING_SEARCH_EVIDENCE,UNKNOWN,No current GSC or URL Inspection evidence for removal; KEEP_INDEXABLE is not search-value proof.,REPO_EVIDENCE; NEEDS_EVIDENCE
https://familyboard.win/guides/familyboard-shopping-list-planner-tutorial/,en,true,YES,YES,UNKNOWN,NO_CHANGE_PENDING_SEARCH_EVIDENCE,UNKNOWN,No current GSC or URL Inspection evidence for removal; KEEP_INDEXABLE is not search-value proof.,REPO_EVIDENCE; NEEDS_EVIDENCE
https://familyboard.win/guides/familyboard-storage-health-warning-tutorial/,en,true,YES,YES,UNKNOWN,NO_CHANGE_PENDING_SEARCH_EVIDENCE,UNKNOWN,No current GSC or URL Inspection evidence for removal; KEEP_INDEXABLE is not search-value proof.,REPO_EVIDENCE; NEEDS_EVIDENCE
https://familyboard.win/guides/familyboard-storage-open-error-tutorial/,en,true,YES,YES,UNKNOWN,NO_CHANGE_PENDING_SEARCH_EVIDENCE,UNKNOWN,No current GSC or URL Inspection evidence for removal; KEEP_INDEXABLE is not search-value proof.,REPO_EVIDENCE; NEEDS_EVIDENCE
https://familyboard.win/guides/familyboard-storage-unit-access-inventory-log-tutorial/,en,true,YES,YES,UNKNOWN,NO_CHANGE_PENDING_SEARCH_EVIDENCE,UNKNOWN,No current GSC or URL Inspection evidence for removal; KEEP_INDEXABLE is not search-value proof.,REPO_EVIDENCE; NEEDS_EVIDENCE
https://familyboard.win/guides/familyboard-storm-readiness-review-tutorial/,en,true,YES,YES,UNKNOWN,NO_CHANGE_PENDING_SEARCH_EVIDENCE,UNKNOWN,No current GSC or URL Inspection evidence for removal; KEEP_INDEXABLE is not search-value proof.,REPO_EVIDENCE; NEEDS_EVIDENCE
https://familyboard.win/guides/familyboard-subscription-cancellation-handoff-tutorial/,en,true,YES,YES,UNKNOWN,NO_CHANGE_PENDING_SEARCH_EVIDENCE,UNKNOWN,No current GSC or URL Inspection evidence for removal; KEEP_INDEXABLE is not search-value proof.,REPO_EVIDENCE; NEEDS_EVIDENCE
https://familyboard.win/guides/familyboard-subscription-cancellation-result-review-tutorial/,en,true,YES,YES,UNKNOWN,NO_CHANGE_PENDING_SEARCH_EVIDENCE,UNKNOWN,No current GSC or URL Inspection evidence for removal; KEEP_INDEXABLE is not search-value proof.,REPO_EVIDENCE; NEEDS_EVIDENCE
https://familyboard.win/guides/familyboard-subscription-renewal-review/,en,true,YES,YES,UNKNOWN,NO_CHANGE_PENDING_SEARCH_EVIDENCE,UNKNOWN,No current GSC or URL Inspection evidence for removal; KEEP_INDEXABLE is not search-value proof.,REPO_EVIDENCE; NEEDS_EVIDENCE
https://familyboard.win/guides/familyboard-task-completion-tutorial/,en,true,YES,YES,UNKNOWN,NO_CHANGE_PENDING_SEARCH_EVIDENCE,UNKNOWN,No current GSC or URL Inspection evidence for removal; KEEP_INDEXABLE is not search-value proof.,REPO_EVIDENCE; NEEDS_EVIDENCE
https://familyboard.win/guides/familyboard-task-load-calculator-tutorial/,en,true,YES,YES,UNKNOWN,NO_CHANGE_PENDING_SEARCH_EVIDENCE,UNKNOWN,No current GSC or URL Inspection evidence for removal; KEEP_INDEXABLE is not search-value proof.,REPO_EVIDENCE; NEEDS_EVIDENCE
https://familyboard.win/guides/familyboard-time-window-overlap-checker-tutorial/,en,true,YES,YES,UNKNOWN,NO_CHANGE_PENDING_SEARCH_EVIDENCE,UNKNOWN,No current GSC or URL Inspection evidence for removal; KEEP_INDEXABLE is not search-value proof.,REPO_EVIDENCE; NEEDS_EVIDENCE
https://familyboard.win/guides/familyboard-trip-handoff-tutorial/,en,true,YES,YES,UNKNOWN,NO_CHANGE_PENDING_SEARCH_EVIDENCE,UNKNOWN,No current GSC or URL Inspection evidence for removal; KEEP_INDEXABLE is not search-value proof.,REPO_EVIDENCE; NEEDS_EVIDENCE
https://familyboard.win/guides/familyboard-trip-packing-handoff-log-tutorial/,en,true,YES,YES,UNKNOWN,NO_CHANGE_PENDING_SEARCH_EVIDENCE,UNKNOWN,No current GSC or URL Inspection evidence for removal; KEEP_INDEXABLE is not search-value proof.,REPO_EVIDENCE; NEEDS_EVIDENCE
https://familyboard.win/guides/familyboard-utility-bill-anomaly-log-tutorial/,en,true,YES,YES,UNKNOWN,NO_CHANGE_PENDING_SEARCH_EVIDENCE,UNKNOWN,No current GSC or URL Inspection evidence for removal; KEEP_INDEXABLE is not search-value proof.,REPO_EVIDENCE; NEEDS_EVIDENCE
https://familyboard.win/guides/familyboard-utility-bill-difference-tutorial/,en,true,YES,YES,UNKNOWN,NO_CHANGE_PENDING_SEARCH_EVIDENCE,UNKNOWN,No current GSC or URL Inspection evidence for removal; KEEP_INDEXABLE is not search-value proof.,REPO_EVIDENCE; NEEDS_EVIDENCE
https://familyboard.win/guides/familyboard-utility-provider-handoff-tutorial/,en,true,YES,YES,UNKNOWN,NO_CHANGE_PENDING_SEARCH_EVIDENCE,UNKNOWN,No current GSC or URL Inspection evidence for removal; KEEP_INDEXABLE is not search-value proof.,REPO_EVIDENCE; NEEDS_EVIDENCE
https://familyboard.win/guides/familyboard-vacation-shutdown-checklist-generator-tutorial/,en,true,YES,YES,UNKNOWN,NO_CHANGE_PENDING_SEARCH_EVIDENCE,UNKNOWN,No current GSC or URL Inspection evidence for removal; KEEP_INDEXABLE is not search-value proof.,REPO_EVIDENCE; NEEDS_EVIDENCE
https://familyboard.win/guides/familyboard-vehicle-document-source-status-tutorial/,en,true,YES,YES,UNKNOWN,NO_CHANGE_PENDING_SEARCH_EVIDENCE,UNKNOWN,No current GSC or URL Inspection evidence for removal; KEEP_INDEXABLE is not search-value proof.,REPO_EVIDENCE; NEEDS_EVIDENCE
https://familyboard.win/guides/familyboard-vendor-onboarding-tutorial/,en,true,YES,YES,UNKNOWN,NO_CHANGE_PENDING_SEARCH_EVIDENCE,UNKNOWN,No current GSC or URL Inspection evidence for removal; KEEP_INDEXABLE is not search-value proof.,REPO_EVIDENCE; NEEDS_EVIDENCE
https://familyboard.win/guides/familyboard-warranty-checklist-generator-tutorial/,en,true,YES,YES,UNKNOWN,NO_CHANGE_PENDING_SEARCH_EVIDENCE,UNKNOWN,No current GSC or URL Inspection evidence for removal; KEEP_INDEXABLE is not search-value proof.,REPO_EVIDENCE; NEEDS_EVIDENCE
https://familyboard.win/guides/familyboard-warranty-claim-evidence-log-tutorial/,en,true,YES,YES,UNKNOWN,NO_CHANGE_PENDING_SEARCH_EVIDENCE,UNKNOWN,No current GSC or URL Inspection evidence for removal; KEEP_INDEXABLE is not search-value proof.,REPO_EVIDENCE; NEEDS_EVIDENCE
https://familyboard.win/guides/familyboard-warranty-expiration-calculator-tutorial/,en,true,YES,YES,UNKNOWN,NO_CHANGE_PENDING_SEARCH_EVIDENCE,UNKNOWN,No current GSC or URL Inspection evidence for removal; KEEP_INDEXABLE is not search-value proof.,REPO_EVIDENCE; NEEDS_EVIDENCE
https://familyboard.win/guides/familyboard-warranty-tracker-tutorial/,en,true,YES,YES,UNKNOWN,NO_CHANGE_PENDING_SEARCH_EVIDENCE,UNKNOWN,No current GSC or URL Inspection evidence for removal; KEEP_INDEXABLE is not search-value proof.,REPO_EVIDENCE; NEEDS_EVIDENCE
https://familyboard.win/guides/familyboard-water-leak-event-log-tutorial/,en,true,YES,YES,UNKNOWN,NO_CHANGE_PENDING_SEARCH_EVIDENCE,UNKNOWN,No current GSC or URL Inspection evidence for removal; KEEP_INDEXABLE is not search-value proof.,REPO_EVIDENCE; NEEDS_EVIDENCE
https://familyboard.win/guides/familyboard-weekly-household-decision-review-tutorial/,en,true,YES,YES,UNKNOWN,NO_CHANGE_PENDING_SEARCH_EVIDENCE,UNKNOWN,No current GSC or URL Inspection evidence for removal; KEEP_INDEXABLE is not search-value proof.,REPO_EVIDENCE; NEEDS_EVIDENCE
https://familyboard.win/guides/familyboard-weekly-reset-action-tutorial/,en,true,YES,YES,UNKNOWN,NO_CHANGE_PENDING_SEARCH_EVIDENCE,UNKNOWN,No current GSC or URL Inspection evidence for removal; KEEP_INDEXABLE is not search-value proof.,REPO_EVIDENCE; NEEDS_EVIDENCE
https://familyboard.win/guides/fire-extinguisher-records/,en,true,YES,YES,UNKNOWN,NO_CHANGE_PENDING_SEARCH_EVIDENCE,UNKNOWN,No current GSC or URL Inspection evidence for removal; KEEP_INDEXABLE is not search-value proof.,REPO_EVIDENCE; NEEDS_EVIDENCE
https://familyboard.win/guides/first-time-homeowner-maintenance-guide/,en,true,YES,YES,UNKNOWN,NO_CHANGE_PENDING_SEARCH_EVIDENCE,UNKNOWN,No current GSC or URL Inspection evidence for removal; KEEP_INDEXABLE is not search-value proof.,REPO_EVIDENCE; NEEDS_EVIDENCE
https://familyboard.win/guides/freezer-maintenance-checklist/,en,true,YES,YES,UNKNOWN,NO_CHANGE_PENDING_SEARCH_EVIDENCE,UNKNOWN,No current GSC or URL Inspection evidence for removal; KEEP_INDEXABLE is not search-value proof.,REPO_EVIDENCE; NEEDS_EVIDENCE
https://familyboard.win/guides/furnace-maintenance-records/,en,true,YES,YES,UNKNOWN,NO_CHANGE_PENDING_SEARCH_EVIDENCE,UNKNOWN,No current GSC or URL Inspection evidence for removal; KEEP_INDEXABLE is not search-value proof.,REPO_EVIDENCE; NEEDS_EVIDENCE
https://familyboard.win/guides/furniture-inventory/,en,true,YES,YES,UNKNOWN,NO_CHANGE_PENDING_SEARCH_EVIDENCE,UNKNOWN,No current GSC or URL Inspection evidence for removal; KEEP_INDEXABLE is not search-value proof.,REPO_EVIDENCE; NEEDS_EVIDENCE
https://familyboard.win/guides/garbage-disposal-maintenance-guide/,en,true,YES,YES,UNKNOWN,NO_CHANGE_PENDING_SEARCH_EVIDENCE,UNKNOWN,No current GSC or URL Inspection evidence for removal; KEEP_INDEXABLE is not search-value proof.,REPO_EVIDENCE; NEEDS_EVIDENCE
https://familyboard.win/guides/guest-preparation-checklist/,en,true,YES,YES,UNKNOWN,NO_CHANGE_PENDING_SEARCH_EVIDENCE,UNKNOWN,No current GSC or URL Inspection evidence for removal; KEEP_INDEXABLE is not search-value proof.,REPO_EVIDENCE; NEEDS_EVIDENCE
https://familyboard.win/guides/heat-pump-maintenance-records/,en,true,YES,YES,UNKNOWN,NO_CHANGE_PENDING_SEARCH_EVIDENCE,UNKNOWN,No current GSC or URL Inspection evidence for removal; KEEP_INDEXABLE is not search-value proof.,REPO_EVIDENCE; NEEDS_EVIDENCE
https://familyboard.win/guides/home-contact-list/,en,true,YES,YES,UNKNOWN,NO_CHANGE_PENDING_SEARCH_EVIDENCE,UNKNOWN,No current GSC or URL Inspection evidence for removal; KEEP_INDEXABLE is not search-value proof.,REPO_EVIDENCE; NEEDS_EVIDENCE
https://familyboard.win/guides/home-evacuation-information/,en,true,YES,YES,UNKNOWN,NO_CHANGE_PENDING_SEARCH_EVIDENCE,UNKNOWN,No current GSC or URL Inspection evidence for removal; KEEP_INDEXABLE is not search-value proof.,REPO_EVIDENCE; NEEDS_EVIDENCE
https://familyboard.win/guides/home-improvement-receipts/,en,true,YES,YES,UNKNOWN,NO_CHANGE_PENDING_SEARCH_EVIDENCE,UNKNOWN,No current GSC or URL Inspection evidence for removal; KEEP_INDEXABLE is not search-value proof.,REPO_EVIDENCE; NEEDS_EVIDENCE
https://familyboard.win/guides/home-inventory-checklist/,en,true,YES,YES,UNKNOWN,NO_CHANGE_PENDING_SEARCH_EVIDENCE,UNKNOWN,No current GSC or URL Inspection evidence for removal; KEEP_INDEXABLE is not search-value proof.,REPO_EVIDENCE; NEEDS_EVIDENCE
https://familyboard.win/guides/home-inventory-for-insurance/,en,true,YES,YES,UNKNOWN,NO_CHANGE_PENDING_SEARCH_EVIDENCE,UNKNOWN,No current GSC or URL Inspection evidence for removal; KEEP_INDEXABLE is not search-value proof.,REPO_EVIDENCE; NEEDS_EVIDENCE
https://familyboard.win/guides/home-maintenance-after-vacation/,en,true,YES,YES,UNKNOWN,NO_CHANGE_PENDING_SEARCH_EVIDENCE,UNKNOWN,No current GSC or URL Inspection evidence for removal; KEEP_INDEXABLE is not search-value proof.,REPO_EVIDENCE; NEEDS_EVIDENCE
https://familyboard.win/guides/home-maintenance-binder/,en,true,YES,YES,UNKNOWN,NO_CHANGE_PENDING_SEARCH_EVIDENCE,UNKNOWN,No current GSC or URL Inspection evidence for removal; KEEP_INDEXABLE is not search-value proof.,REPO_EVIDENCE; NEEDS_EVIDENCE
https://familyboard.win/guides/home-maintenance-budget/,en,true,YES,YES,UNKNOWN,NO_CHANGE_PENDING_SEARCH_EVIDENCE,UNKNOWN,No current GSC or URL Inspection evidence for removal; KEEP_INDEXABLE is not search-value proof.,REPO_EVIDENCE; NEEDS_EVIDENCE
https://familyboard.win/guides/home-maintenance-calendar/,en,true,YES,YES,UNKNOWN,NO_CHANGE_PENDING_SEARCH_EVIDENCE,UNKNOWN,No current GSC or URL Inspection evidence for removal; KEEP_INDEXABLE is not search-value proof.,REPO_EVIDENCE; NEEDS_EVIDENCE
https://familyboard.win/guides/home-maintenance-delegation/,en,true,YES,YES,UNKNOWN,NO_CHANGE_PENDING_SEARCH_EVIDENCE,UNKNOWN,No current GSC or URL Inspection evidence for removal; KEEP_INDEXABLE is not search-value proof.,REPO_EVIDENCE; NEEDS_EVIDENCE
https://familyboard.win/guides/home-maintenance-log/,en,true,YES,YES,UNKNOWN,NO_CHANGE_PENDING_SEARCH_EVIDENCE,UNKNOWN,No current GSC or URL Inspection evidence for removal; KEEP_INDEXABLE is not search-value proof.,REPO_EVIDENCE; NEEDS_EVIDENCE
https://familyboard.win/guides/home-maintenance-records/,en,true,YES,YES,UNKNOWN,NO_CHANGE_PENDING_SEARCH_EVIDENCE,UNKNOWN,No current GSC or URL Inspection evidence for removal; KEEP_INDEXABLE is not search-value proof.,REPO_EVIDENCE; NEEDS_EVIDENCE
https://familyboard.win/guides/home-maintenance-reminders/,en,true,YES,YES,UNKNOWN,NO_CHANGE_PENDING_SEARCH_EVIDENCE,UNKNOWN,No current GSC or URL Inspection evidence for removal; KEEP_INDEXABLE is not search-value proof.,REPO_EVIDENCE; NEEDS_EVIDENCE
https://familyboard.win/guides/home-maintenance-schedule/,en,true,YES,YES,UNKNOWN,NO_CHANGE_PENDING_SEARCH_EVIDENCE,UNKNOWN,No current GSC or URL Inspection evidence for removal; KEEP_INDEXABLE is not search-value proof.,REPO_EVIDENCE; NEEDS_EVIDENCE
https://familyboard.win/guides/home-purchase-records/,en,true,YES,YES,UNKNOWN,NO_CHANGE_PENDING_SEARCH_EVIDENCE,UNKNOWN,No current GSC or URL Inspection evidence for removal; KEEP_INDEXABLE is not search-value proof.,REPO_EVIDENCE; NEEDS_EVIDENCE
https://familyboard.win/guides/home-repair-history/,en,true,YES,YES,UNKNOWN,NO_CHANGE_PENDING_SEARCH_EVIDENCE,UNKNOWN,No current GSC or URL Inspection evidence for removal; KEEP_INDEXABLE is not search-value proof.,REPO_EVIDENCE; NEEDS_EVIDENCE
https://familyboard.win/guides/home-service-provider-list/,en,true,YES,YES,UNKNOWN,NO_CHANGE_PENDING_SEARCH_EVIDENCE,UNKNOWN,No current GSC or URL Inspection evidence for removal; KEEP_INDEXABLE is not search-value proof.,REPO_EVIDENCE; NEEDS_EVIDENCE
https://familyboard.win/guides/house-sitter-information/,en,true,YES,YES,UNKNOWN,NO_CHANGE_PENDING_SEARCH_EVIDENCE,UNKNOWN,No current GSC or URL Inspection evidence for removal; KEEP_INDEXABLE is not search-value proof.,REPO_EVIDENCE; NEEDS_EVIDENCE
https://familyboard.win/guides/household-account-list/,en,true,YES,YES,UNKNOWN,NO_CHANGE_PENDING_SEARCH_EVIDENCE,UNKNOWN,No current GSC or URL Inspection evidence for removal; KEEP_INDEXABLE is not search-value proof.,REPO_EVIDENCE; NEEDS_EVIDENCE
https://familyboard.win/guides/household-admin-backup-person/,en,true,YES,YES,UNKNOWN,NO_CHANGE_PENDING_SEARCH_EVIDENCE,UNKNOWN,No current GSC or URL Inspection evidence for removal; KEEP_INDEXABLE is not search-value proof.,REPO_EVIDENCE; NEEDS_EVIDENCE
https://familyboard.win/guides/household-admin-day/,en,true,YES,YES,UNKNOWN,NO_CHANGE_PENDING_SEARCH_EVIDENCE,UNKNOWN,No current GSC or URL Inspection evidence for removal; KEEP_INDEXABLE is not search-value proof.,REPO_EVIDENCE; NEEDS_EVIDENCE
https://familyboard.win/guides/household-documents-organizer/,en,true,YES,YES,UNKNOWN,NO_CHANGE_PENDING_SEARCH_EVIDENCE,UNKNOWN,No current GSC or URL Inspection evidence for removal; KEEP_INDEXABLE is not search-value proof.,REPO_EVIDENCE; NEEDS_EVIDENCE
https://familyboard.win/guides/household-handoff/,en,true,YES,YES,UNKNOWN,NO_CHANGE_PENDING_SEARCH_EVIDENCE,UNKNOWN,No current GSC or URL Inspection evidence for removal; KEEP_INDEXABLE is not search-value proof.,REPO_EVIDENCE; NEEDS_EVIDENCE
https://familyboard.win/guides/household-management-checklist/,en,true,YES,YES,UNKNOWN,NO_CHANGE_PENDING_SEARCH_EVIDENCE,UNKNOWN,No current GSC or URL Inspection evidence for removal; KEEP_INDEXABLE is not search-value proof.,REPO_EVIDENCE; NEEDS_EVIDENCE
https://familyboard.win/guides/household-medical-information-organization/,en,true,YES,YES,UNKNOWN,NO_CHANGE_PENDING_SEARCH_EVIDENCE,UNKNOWN,No current GSC or URL Inspection evidence for removal; KEEP_INDEXABLE is not search-value proof.,REPO_EVIDENCE; NEEDS_EVIDENCE
https://familyboard.win/guides/household-monthly-review/,en,true,YES,YES,UNKNOWN,NO_CHANGE_PENDING_SEARCH_EVIDENCE,UNKNOWN,No current GSC or URL Inspection evidence for removal; KEEP_INDEXABLE is not search-value proof.,REPO_EVIDENCE; NEEDS_EVIDENCE
https://familyboard.win/guides/household-replacement-reserve/,en,true,YES,YES,UNKNOWN,NO_CHANGE_PENDING_SEARCH_EVIDENCE,UNKNOWN,No current GSC or URL Inspection evidence for removal; KEEP_INDEXABLE is not search-value proof.,REPO_EVIDENCE; NEEDS_EVIDENCE
https://familyboard.win/guides/household-shopping-staples/,en,true,YES,YES,UNKNOWN,NO_CHANGE_PENDING_SEARCH_EVIDENCE,UNKNOWN,No current GSC or URL Inspection evidence for removal; KEEP_INDEXABLE is not search-value proof.,REPO_EVIDENCE; NEEDS_EVIDENCE
https://familyboard.win/guides/household-supplies-inventory/,en,true,YES,YES,UNKNOWN,NO_CHANGE_PENDING_SEARCH_EVIDENCE,UNKNOWN,No current GSC or URL Inspection evidence for removal; KEEP_INDEXABLE is not search-value proof.,REPO_EVIDENCE; NEEDS_EVIDENCE
https://familyboard.win/guides/household-weekly-reset/,en,true,YES,YES,UNKNOWN,NO_CHANGE_PENDING_SEARCH_EVIDENCE,UNKNOWN,No current GSC or URL Inspection evidence for removal; KEEP_INDEXABLE is not search-value proof.,REPO_EVIDENCE; NEEDS_EVIDENCE
https://familyboard.win/guides/how-long-to-keep-household-records/,en,true,YES,YES,UNKNOWN,NO_CHANGE_PENDING_SEARCH_EVIDENCE,UNKNOWN,No current GSC or URL Inspection evidence for removal; KEEP_INDEXABLE is not search-value proof.,REPO_EVIDENCE; NEEDS_EVIDENCE
https://familyboard.win/guides/how-to-track-product-warranties/,en,true,YES,YES,UNKNOWN,NO_CHANGE_PENDING_SEARCH_EVIDENCE,UNKNOWN,No current GSC or URL Inspection evidence for removal; KEEP_INDEXABLE is not search-value proof.,REPO_EVIDENCE; NEEDS_EVIDENCE
https://familyboard.win/guides/humidifier-maintenance-guide/,en,true,YES,YES,UNKNOWN,NO_CHANGE_PENDING_SEARCH_EVIDENCE,UNKNOWN,No current GSC or URL Inspection evidence for removal; KEEP_INDEXABLE is not search-value proof.,REPO_EVIDENCE; NEEDS_EVIDENCE
https://familyboard.win/guides/hvac-filter-tracker/,en,true,YES,YES,UNKNOWN,NO_CHANGE_PENDING_SEARCH_EVIDENCE,UNKNOWN,No current GSC or URL Inspection evidence for removal; KEEP_INDEXABLE is not search-value proof.,REPO_EVIDENCE; NEEDS_EVIDENCE
https://familyboard.win/guides/important-household-documents/,en,true,YES,YES,UNKNOWN,NO_CHANGE_PENDING_SEARCH_EVIDENCE,UNKNOWN,No current GSC or URL Inspection evidence for removal; KEEP_INDEXABLE is not search-value proof.,REPO_EVIDENCE; NEEDS_EVIDENCE
https://familyboard.win/guides/maintenance-priorities/,en,true,YES,YES,UNKNOWN,NO_CHANGE_PENDING_SEARCH_EVIDENCE,UNKNOWN,No current GSC or URL Inspection evidence for removal; KEEP_INDEXABLE is not search-value proof.,REPO_EVIDENCE; NEEDS_EVIDENCE
https://familyboard.win/guides/microwave-maintenance-checklist/,en,true,YES,YES,UNKNOWN,NO_CHANGE_PENDING_SEARCH_EVIDENCE,UNKNOWN,No current GSC or URL Inspection evidence for removal; KEEP_INDEXABLE is not search-value proof.,REPO_EVIDENCE; NEEDS_EVIDENCE
https://familyboard.win/guides/monthly-home-maintenance-checklist/,en,true,YES,YES,UNKNOWN,NO_CHANGE_PENDING_SEARCH_EVIDENCE,UNKNOWN,No current GSC or URL Inspection evidence for removal; KEEP_INDEXABLE is not search-value proof.,REPO_EVIDENCE; NEEDS_EVIDENCE
https://familyboard.win/guides/move-in-maintenance-checklist/,en,true,YES,YES,UNKNOWN,NO_CHANGE_PENDING_SEARCH_EVIDENCE,UNKNOWN,No current GSC or URL Inspection evidence for removal; KEEP_INDEXABLE is not search-value proof.,REPO_EVIDENCE; NEEDS_EVIDENCE
https://familyboard.win/guides/move-out-home-records/,en,true,YES,YES,UNKNOWN,NO_CHANGE_PENDING_SEARCH_EVIDENCE,UNKNOWN,No current GSC or URL Inspection evidence for removal; KEEP_INDEXABLE is not search-value proof.,REPO_EVIDENCE; NEEDS_EVIDENCE
https://familyboard.win/guides/moving-house-organizer/,en,true,YES,YES,UNKNOWN,NO_CHANGE_PENDING_SEARCH_EVIDENCE,UNKNOWN,No current GSC or URL Inspection evidence for removal; KEEP_INDEXABLE is not search-value proof.,REPO_EVIDENCE; NEEDS_EVIDENCE
https://familyboard.win/guides/moving-inventory/,en,true,YES,YES,UNKNOWN,NO_CHANGE_PENDING_SEARCH_EVIDENCE,UNKNOWN,No current GSC or URL Inspection evidence for removal; KEEP_INDEXABLE is not search-value proof.,REPO_EVIDENCE; NEEDS_EVIDENCE
https://familyboard.win/guides/new-home-setup-checklist/,en,true,YES,YES,UNKNOWN,NO_CHANGE_PENDING_SEARCH_EVIDENCE,UNKNOWN,No current GSC or URL Inspection evidence for removal; KEEP_INDEXABLE is not search-value proof.,REPO_EVIDENCE; NEEDS_EVIDENCE
https://familyboard.win/guides/organize-appliance-manuals/,en,true,YES,YES,UNKNOWN,NO_CHANGE_PENDING_SEARCH_EVIDENCE,UNKNOWN,No current GSC or URL Inspection evidence for removal; KEEP_INDEXABLE is not search-value proof.,REPO_EVIDENCE; NEEDS_EVIDENCE
https://familyboard.win/guides/organize-household-subscriptions/,en,true,YES,YES,UNKNOWN,NO_CHANGE_PENDING_SEARCH_EVIDENCE,UNKNOWN,No current GSC or URL Inspection evidence for removal; KEEP_INDEXABLE is not search-value proof.,REPO_EVIDENCE; NEEDS_EVIDENCE
https://familyboard.win/guides/organize-insurance-documents/,en,true,YES,YES,UNKNOWN,NO_CHANGE_PENDING_SEARCH_EVIDENCE,UNKNOWN,No current GSC or URL Inspection evidence for removal; KEEP_INDEXABLE is not search-value proof.,REPO_EVIDENCE; NEEDS_EVIDENCE
https://familyboard.win/guides/organize-pet-records/,en,true,YES,YES,UNKNOWN,NO_CHANGE_PENDING_SEARCH_EVIDENCE,UNKNOWN,No current GSC or URL Inspection evidence for removal; KEEP_INDEXABLE is not search-value proof.,REPO_EVIDENCE; NEEDS_EVIDENCE
https://familyboard.win/guides/organize-school-records-at-home/,en,true,YES,YES,UNKNOWN,NO_CHANGE_PENDING_SEARCH_EVIDENCE,UNKNOWN,No current GSC or URL Inspection evidence for removal; KEEP_INDEXABLE is not search-value proof.,REPO_EVIDENCE; NEEDS_EVIDENCE
https://familyboard.win/guides/organize-utility-account-information/,en,true,YES,YES,UNKNOWN,NO_CHANGE_PENDING_SEARCH_EVIDENCE,UNKNOWN,No current GSC or URL Inspection evidence for removal; KEEP_INDEXABLE is not search-value proof.,REPO_EVIDENCE; NEEDS_EVIDENCE
https://familyboard.win/guides/organize-vehicle-documents-at-home/,en,true,YES,YES,UNKNOWN,NO_CHANGE_PENDING_SEARCH_EVIDENCE,UNKNOWN,No current GSC or URL Inspection evidence for removal; KEEP_INDEXABLE is not search-value proof.,REPO_EVIDENCE; NEEDS_EVIDENCE
https://familyboard.win/guides/oven-maintenance-checklist/,en,true,YES,YES,UNKNOWN,NO_CHANGE_PENDING_SEARCH_EVIDENCE,UNKNOWN,No current GSC or URL Inspection evidence for removal; KEEP_INDEXABLE is not search-value proof.,REPO_EVIDENCE; NEEDS_EVIDENCE
https://familyboard.win/guides/pantry-restock-system/,en,true,YES,YES,UNKNOWN,NO_CHANGE_PENDING_SEARCH_EVIDENCE,UNKNOWN,No current GSC or URL Inspection evidence for removal; KEEP_INDEXABLE is not search-value proof.,REPO_EVIDENCE; NEEDS_EVIDENCE
https://familyboard.win/guides/pet-sitter-information/,en,true,YES,YES,UNKNOWN,NO_CHANGE_PENDING_SEARCH_EVIDENCE,UNKNOWN,No current GSC or URL Inspection evidence for removal; KEEP_INDEXABLE is not search-value proof.,REPO_EVIDENCE; NEEDS_EVIDENCE
https://familyboard.win/guides/photo-home-inventory/,en,true,YES,YES,UNKNOWN,NO_CHANGE_PENDING_SEARCH_EVIDENCE,UNKNOWN,No current GSC or URL Inspection evidence for removal; KEEP_INDEXABLE is not search-value proof.,REPO_EVIDENCE; NEEDS_EVIDENCE
https://familyboard.win/guides/power-outage-home-preparedness/,en,true,YES,YES,UNKNOWN,NO_CHANGE_PENDING_SEARCH_EVIDENCE,UNKNOWN,No current GSC or URL Inspection evidence for removal; KEEP_INDEXABLE is not search-value proof.,REPO_EVIDENCE; NEEDS_EVIDENCE
https://familyboard.win/guides/preventive-home-maintenance/,en,true,YES,YES,UNKNOWN,NO_CHANGE_PENDING_SEARCH_EVIDENCE,UNKNOWN,No current GSC or URL Inspection evidence for removal; KEEP_INDEXABLE is not search-value proof.,REPO_EVIDENCE; NEEDS_EVIDENCE
https://familyboard.win/guides/product-registration-tracker/,en,true,YES,YES,UNKNOWN,NO_CHANGE_PENDING_SEARCH_EVIDENCE,UNKNOWN,No current GSC or URL Inspection evidence for removal; KEEP_INDEXABLE is not search-value proof.,REPO_EVIDENCE; NEEDS_EVIDENCE
https://familyboard.win/guides/purchase-receipt-organizer/,en,true,YES,YES,UNKNOWN,NO_CHANGE_PENDING_SEARCH_EVIDENCE,UNKNOWN,No current GSC or URL Inspection evidence for removal; KEEP_INDEXABLE is not search-value proof.,REPO_EVIDENCE; NEEDS_EVIDENCE
https://familyboard.win/guides/quarterly-home-maintenance-checklist/,en,true,YES,YES,UNKNOWN,NO_CHANGE_PENDING_SEARCH_EVIDENCE,UNKNOWN,No current GSC or URL Inspection evidence for removal; KEEP_INDEXABLE is not search-value proof.,REPO_EVIDENCE; NEEDS_EVIDENCE
https://familyboard.win/guides/range-hood-maintenance-checklist/,en,true,YES,YES,UNKNOWN,NO_CHANGE_PENDING_SEARCH_EVIDENCE,UNKNOWN,No current GSC or URL Inspection evidence for removal; KEEP_INDEXABLE is not search-value proof.,REPO_EVIDENCE; NEEDS_EVIDENCE
https://familyboard.win/guides/recurring-bills-tracker/,en,true,YES,YES,UNKNOWN,NO_CHANGE_PENDING_SEARCH_EVIDENCE,UNKNOWN,No current GSC or URL Inspection evidence for removal; KEEP_INDEXABLE is not search-value proof.,REPO_EVIDENCE; NEEDS_EVIDENCE
https://familyboard.win/guides/recurring-household-tasks/,en,true,YES,YES,UNKNOWN,NO_CHANGE_PENDING_SEARCH_EVIDENCE,UNKNOWN,No current GSC or URL Inspection evidence for removal; KEEP_INDEXABLE is not search-value proof.,REPO_EVIDENCE; NEEDS_EVIDENCE
https://familyboard.win/guides/refrigerator-maintenance-checklist/,en,true,YES,YES,UNKNOWN,NO_CHANGE_PENDING_SEARCH_EVIDENCE,UNKNOWN,No current GSC or URL Inspection evidence for removal; KEEP_INDEXABLE is not search-value proof.,REPO_EVIDENCE; NEEDS_EVIDENCE
https://familyboard.win/guides/renovation-records/,en,true,YES,YES,UNKNOWN,NO_CHANGE_PENDING_SEARCH_EVIDENCE,UNKNOWN,No current GSC or URL Inspection evidence for removal; KEEP_INDEXABLE is not search-value proof.,REPO_EVIDENCE; NEEDS_EVIDENCE
https://familyboard.win/guides/rental-home-maintenance-log/,en,true,YES,YES,UNKNOWN,NO_CHANGE_PENDING_SEARCH_EVIDENCE,UNKNOWN,No current GSC or URL Inspection evidence for removal; KEEP_INDEXABLE is not search-value proof.,REPO_EVIDENCE; NEEDS_EVIDENCE
https://familyboard.win/guides/repair-history/,en,true,YES,YES,UNKNOWN,NO_CHANGE_PENDING_SEARCH_EVIDENCE,UNKNOWN,No current GSC or URL Inspection evidence for removal; KEEP_INDEXABLE is not search-value proof.,REPO_EVIDENCE; NEEDS_EVIDENCE
https://familyboard.win/guides/returning-home-after-travel-checklist/,en,true,YES,YES,UNKNOWN,NO_CHANGE_PENDING_SEARCH_EVIDENCE,UNKNOWN,No current GSC or URL Inspection evidence for removal; KEEP_INDEXABLE is not search-value proof.,REPO_EVIDENCE; NEEDS_EVIDENCE
https://familyboard.win/guides/robot-vacuum-maintenance-guide/,en,true,YES,YES,UNKNOWN,NO_CHANGE_PENDING_SEARCH_EVIDENCE,UNKNOWN,No current GSC or URL Inspection evidence for removal; KEEP_INDEXABLE is not search-value proof.,REPO_EVIDENCE; NEEDS_EVIDENCE
https://familyboard.win/guides/room-by-room-home-inventory/,en,true,YES,YES,UNKNOWN,NO_CHANGE_PENDING_SEARCH_EVIDENCE,UNKNOWN,No current GSC or URL Inspection evidence for removal; KEEP_INDEXABLE is not search-value proof.,REPO_EVIDENCE; NEEDS_EVIDENCE
https://familyboard.win/guides/seasonal-home-maintenance-checklist/,en,true,YES,YES,UNKNOWN,NO_CHANGE_PENDING_SEARCH_EVIDENCE,UNKNOWN,No current GSC or URL Inspection evidence for removal; KEEP_INDEXABLE is not search-value proof.,REPO_EVIDENCE; NEEDS_EVIDENCE
https://familyboard.win/guides/serial-number-tracker/,en,true,YES,YES,UNKNOWN,NO_CHANGE_PENDING_SEARCH_EVIDENCE,UNKNOWN,No current GSC or URL Inspection evidence for removal; KEEP_INDEXABLE is not search-value proof.,REPO_EVIDENCE; NEEDS_EVIDENCE
https://familyboard.win/guides/service-history/,en,true,YES,YES,UNKNOWN,NO_CHANGE_PENDING_SEARCH_EVIDENCE,UNKNOWN,No current GSC or URL Inspection evidence for removal; KEEP_INDEXABLE is not search-value proof.,REPO_EVIDENCE; NEEDS_EVIDENCE
https://familyboard.win/guides/service-provider-contact-list/,en,true,YES,YES,UNKNOWN,NO_CHANGE_PENDING_SEARCH_EVIDENCE,UNKNOWN,No current GSC or URL Inspection evidence for removal; KEEP_INDEXABLE is not search-value proof.,REPO_EVIDENCE; NEEDS_EVIDENCE
https://familyboard.win/guides/smoke-alarm-records/,en,true,YES,YES,UNKNOWN,NO_CHANGE_PENDING_SEARCH_EVIDENCE,UNKNOWN,No current GSC or URL Inspection evidence for removal; KEEP_INDEXABLE is not search-value proof.,REPO_EVIDENCE; NEEDS_EVIDENCE
https://familyboard.win/guides/solar-panel-maintenance-records/,en,false,NO,NO,UNKNOWN,HOLD_REVIEW_NO_ACTION,UNKNOWN,Importer-held/non-public source state; no bulk noindex action.,REPO_EVIDENCE; NEEDS_EVIDENCE
https://familyboard.win/guides/spring-home-maintenance-checklist/,en,true,YES,YES,UNKNOWN,NO_CHANGE_PENDING_SEARCH_EVIDENCE,UNKNOWN,No current GSC or URL Inspection evidence for removal; KEEP_INDEXABLE is not search-value proof.,REPO_EVIDENCE; NEEDS_EVIDENCE
https://familyboard.win/guides/storage-unit-inventory/,en,true,YES,YES,UNKNOWN,NO_CHANGE_PENDING_SEARCH_EVIDENCE,UNKNOWN,No current GSC or URL Inspection evidence for removal; KEEP_INDEXABLE is not search-value proof.,REPO_EVIDENCE; NEEDS_EVIDENCE
https://familyboard.win/guides/storm-preparation-home-checklist/,en,true,YES,YES,UNKNOWN,NO_CHANGE_PENDING_SEARCH_EVIDENCE,UNKNOWN,No current GSC or URL Inspection evidence for removal; KEEP_INDEXABLE is not search-value proof.,REPO_EVIDENCE; NEEDS_EVIDENCE
https://familyboard.win/guides/subscription-cancellation-refund-records/,en,true,YES,YES,UNKNOWN,NO_CHANGE_PENDING_SEARCH_EVIDENCE,UNKNOWN,No current GSC or URL Inspection evidence for removal; KEEP_INDEXABLE is not search-value proof.,REPO_EVIDENCE; NEEDS_EVIDENCE
https://familyboard.win/guides/subscription-renewal-tracker/,en,true,YES,YES,UNKNOWN,NO_CHANGE_PENDING_SEARCH_EVIDENCE,UNKNOWN,No current GSC or URL Inspection evidence for removal; KEEP_INDEXABLE is not search-value proof.,REPO_EVIDENCE; NEEDS_EVIDENCE
https://familyboard.win/guides/summer-home-maintenance-checklist/,en,true,YES,YES,UNKNOWN,NO_CHANGE_PENDING_SEARCH_EVIDENCE,UNKNOWN,No current GSC or URL Inspection evidence for removal; KEEP_INDEXABLE is not search-value proof.,REPO_EVIDENCE; NEEDS_EVIDENCE
https://familyboard.win/guides/travel-household-handoff/,en,true,YES,YES,UNKNOWN,NO_CHANGE_PENDING_SEARCH_EVIDENCE,UNKNOWN,No current GSC or URL Inspection evidence for removal; KEEP_INDEXABLE is not search-value proof.,REPO_EVIDENCE; NEEDS_EVIDENCE
https://familyboard.win/guides/ups-battery-backup-records/,en,true,YES,YES,UNKNOWN,NO_CHANGE_PENDING_SEARCH_EVIDENCE,UNKNOWN,No current GSC or URL Inspection evidence for removal; KEEP_INDEXABLE is not search-value proof.,REPO_EVIDENCE; NEEDS_EVIDENCE
https://familyboard.win/guides/utility-shutoff-information/,en,true,YES,YES,UNKNOWN,NO_CHANGE_PENDING_SEARCH_EVIDENCE,UNKNOWN,No current GSC or URL Inspection evidence for removal; KEEP_INDEXABLE is not search-value proof.,REPO_EVIDENCE; NEEDS_EVIDENCE
https://familyboard.win/guides/vacation-home-shutdown-checklist/,en,true,YES,YES,UNKNOWN,NO_CHANGE_PENDING_SEARCH_EVIDENCE,UNKNOWN,No current GSC or URL Inspection evidence for removal; KEEP_INDEXABLE is not search-value proof.,REPO_EVIDENCE; NEEDS_EVIDENCE
https://familyboard.win/guides/vacuum-cleaner-maintenance-guide/,en,true,YES,YES,UNKNOWN,NO_CHANGE_PENDING_SEARCH_EVIDENCE,UNKNOWN,No current GSC or URL Inspection evidence for removal; KEEP_INDEXABLE is not search-value proof.,REPO_EVIDENCE; NEEDS_EVIDENCE
https://familyboard.win/guides/valuable-item-inventory/,en,true,YES,YES,UNKNOWN,NO_CHANGE_PENDING_SEARCH_EVIDENCE,UNKNOWN,No current GSC or URL Inspection evidence for removal; KEEP_INDEXABLE is not search-value proof.,REPO_EVIDENCE; NEEDS_EVIDENCE
https://familyboard.win/guides/warranty-expiration/,en,true,YES,YES,UNKNOWN,NO_CHANGE_PENDING_SEARCH_EVIDENCE,UNKNOWN,No current GSC or URL Inspection evidence for removal; KEEP_INDEXABLE is not search-value proof.,REPO_EVIDENCE; NEEDS_EVIDENCE
https://familyboard.win/guides/washing-machine-maintenance-checklist/,en,true,YES,YES,UNKNOWN,NO_CHANGE_PENDING_SEARCH_EVIDENCE,UNKNOWN,No current GSC or URL Inspection evidence for removal; KEEP_INDEXABLE is not search-value proof.,REPO_EVIDENCE; NEEDS_EVIDENCE
https://familyboard.win/guides/water-filter-replacement-guide/,en,true,YES,YES,UNKNOWN,NO_CHANGE_PENDING_SEARCH_EVIDENCE,UNKNOWN,No current GSC or URL Inspection evidence for removal; KEEP_INDEXABLE is not search-value proof.,REPO_EVIDENCE; NEEDS_EVIDENCE
https://familyboard.win/guides/water-heater-maintenance-records/,en,true,YES,YES,UNKNOWN,NO_CHANGE_PENDING_SEARCH_EVIDENCE,UNKNOWN,No current GSC or URL Inspection evidence for removal; KEEP_INDEXABLE is not search-value proof.,REPO_EVIDENCE; NEEDS_EVIDENCE
https://familyboard.win/guides/water-leak-response-home-records/,en,true,YES,YES,UNKNOWN,NO_CHANGE_PENDING_SEARCH_EVIDENCE,UNKNOWN,No current GSC or URL Inspection evidence for removal; KEEP_INDEXABLE is not search-value proof.,REPO_EVIDENCE; NEEDS_EVIDENCE
https://familyboard.win/guides/water-softener-maintenance-records/,en,true,YES,YES,UNKNOWN,NO_CHANGE_PENDING_SEARCH_EVIDENCE,UNKNOWN,No current GSC or URL Inspection evidence for removal; KEEP_INDEXABLE is not search-value proof.,REPO_EVIDENCE; NEEDS_EVIDENCE
https://familyboard.win/guides/what-spouse-needs-to-know/,en,true,YES,YES,UNKNOWN,NO_CHANGE_PENDING_SEARCH_EVIDENCE,UNKNOWN,No current GSC or URL Inspection evidence for removal; KEEP_INDEXABLE is not search-value proof.,REPO_EVIDENCE; NEEDS_EVIDENCE
https://familyboard.win/guides/wifi-router-maintenance-records/,en,true,YES,YES,UNKNOWN,NO_CHANGE_PENDING_SEARCH_EVIDENCE,UNKNOWN,No current GSC or URL Inspection evidence for removal; KEEP_INDEXABLE is not search-value proof.,REPO_EVIDENCE; NEEDS_EVIDENCE
https://familyboard.win/guides/winter-home-maintenance-checklist/,en,true,YES,YES,UNKNOWN,NO_CHANGE_PENDING_SEARCH_EVIDENCE,UNKNOWN,No current GSC or URL Inspection evidence for removal; KEEP_INDEXABLE is not search-value proof.,REPO_EVIDENCE; NEEDS_EVIDENCE
https://familyboard.win/pricing/,en,true,YES,YES,UNKNOWN,NO_CHANGE_PENDING_SEARCH_EVIDENCE,UNKNOWN,No current GSC or URL Inspection evidence for removal; KEEP_INDEXABLE is not search-value proof.,REPO_EVIDENCE; NEEDS_EVIDENCE
https://familyboard.win/privacy/,en,true,YES,YES,UNKNOWN,NO_CHANGE_PENDING_SEARCH_EVIDENCE,UNKNOWN,No current GSC or URL Inspection evidence for removal; KEEP_INDEXABLE is not search-value proof.,REPO_EVIDENCE; NEEDS_EVIDENCE
https://familyboard.win/roadmap/,en,true,YES,YES,UNKNOWN,NO_CHANGE_PENDING_SEARCH_EVIDENCE,UNKNOWN,No current GSC or URL Inspection evidence for removal; KEEP_INDEXABLE is not search-value proof.,REPO_EVIDENCE; NEEDS_EVIDENCE
https://familyboard.win/search/,en,false,NO,NO,UNKNOWN,HOLD_REVIEW_NO_ACTION,UNKNOWN,Importer-held/non-public source state; no bulk noindex action.,REPO_EVIDENCE; NEEDS_EVIDENCE
https://familyboard.win/security/,en,true,YES,YES,UNKNOWN,NO_CHANGE_PENDING_SEARCH_EVIDENCE,UNKNOWN,No current GSC or URL Inspection evidence for removal; KEEP_INDEXABLE is not search-value proof.,REPO_EVIDENCE; NEEDS_EVIDENCE
https://familyboard.win/templates/,en,true,YES,YES,UNKNOWN,NO_CHANGE_PENDING_SEARCH_EVIDENCE,UNKNOWN,No current GSC or URL Inspection evidence for removal; KEEP_INDEXABLE is not search-value proof.,REPO_EVIDENCE; NEEDS_EVIDENCE
https://familyboard.win/templates/printable-annual-renewals/,en,true,YES,YES,UNKNOWN,NO_CHANGE_PENDING_SEARCH_EVIDENCE,UNKNOWN,No current GSC or URL Inspection evidence for removal; KEEP_INDEXABLE is not search-value proof.,REPO_EVIDENCE; NEEDS_EVIDENCE
https://familyboard.win/templates/printable-appliance-inventory/,en,true,YES,YES,UNKNOWN,NO_CHANGE_PENDING_SEARCH_EVIDENCE,UNKNOWN,No current GSC or URL Inspection evidence for removal; KEEP_INDEXABLE is not search-value proof.,REPO_EVIDENCE; NEEDS_EVIDENCE
https://familyboard.win/templates/printable-chore-chart/,en,true,YES,YES,UNKNOWN,NO_CHANGE_PENDING_SEARCH_EVIDENCE,UNKNOWN,No current GSC or URL Inspection evidence for removal; KEEP_INDEXABLE is not search-value proof.,REPO_EVIDENCE; NEEDS_EVIDENCE
https://familyboard.win/templates/printable-cleaning-schedule/,en,true,YES,YES,UNKNOWN,NO_CHANGE_PENDING_SEARCH_EVIDENCE,UNKNOWN,No current GSC or URL Inspection evidence for removal; KEEP_INDEXABLE is not search-value proof.,REPO_EVIDENCE; NEEDS_EVIDENCE
https://familyboard.win/templates/printable-emergency-contacts/,en,true,YES,YES,UNKNOWN,NO_CHANGE_PENDING_SEARCH_EVIDENCE,UNKNOWN,No current GSC or URL Inspection evidence for removal; KEEP_INDEXABLE is not search-value proof.,REPO_EVIDENCE; NEEDS_EVIDENCE
https://familyboard.win/templates/printable-home-inventory-template/,en,true,YES,YES,UNKNOWN,NO_CHANGE_PENDING_SEARCH_EVIDENCE,UNKNOWN,No current GSC or URL Inspection evidence for removal; KEEP_INDEXABLE is not search-value proof.,REPO_EVIDENCE; NEEDS_EVIDENCE
https://familyboard.win/templates/printable-household-contacts/,en,true,YES,YES,UNKNOWN,NO_CHANGE_PENDING_SEARCH_EVIDENCE,UNKNOWN,No current GSC or URL Inspection evidence for removal; KEEP_INDEXABLE is not search-value proof.,REPO_EVIDENCE; NEEDS_EVIDENCE
https://familyboard.win/templates/printable-household-handoff-sheet/,en,true,YES,YES,UNKNOWN,NO_CHANGE_PENDING_SEARCH_EVIDENCE,UNKNOWN,No current GSC or URL Inspection evidence for removal; KEEP_INDEXABLE is not search-value proof.,REPO_EVIDENCE; NEEDS_EVIDENCE
https://familyboard.win/templates/printable-repair-log/,en,true,YES,YES,UNKNOWN,NO_CHANGE_PENDING_SEARCH_EVIDENCE,UNKNOWN,No current GSC or URL Inspection evidence for removal; KEEP_INDEXABLE is not search-value proof.,REPO_EVIDENCE; NEEDS_EVIDENCE
https://familyboard.win/templates/printable-service-provider-list/,en,true,YES,YES,UNKNOWN,NO_CHANGE_PENDING_SEARCH_EVIDENCE,UNKNOWN,No current GSC or URL Inspection evidence for removal; KEEP_INDEXABLE is not search-value proof.,REPO_EVIDENCE; NEEDS_EVIDENCE
https://familyboard.win/templates/printable-subscription-tracker/,en,true,YES,YES,UNKNOWN,NO_CHANGE_PENDING_SEARCH_EVIDENCE,UNKNOWN,No current GSC or URL Inspection evidence for removal; KEEP_INDEXABLE is not search-value proof.,REPO_EVIDENCE; NEEDS_EVIDENCE
https://familyboard.win/templates/printable-warranty-tracker/,en,true,YES,YES,UNKNOWN,NO_CHANGE_PENDING_SEARCH_EVIDENCE,UNKNOWN,No current GSC or URL Inspection evidence for removal; KEEP_INDEXABLE is not search-value proof.,REPO_EVIDENCE; NEEDS_EVIDENCE
https://familyboard.win/terms/,en,true,YES,YES,UNKNOWN,NO_CHANGE_PENDING_SEARCH_EVIDENCE,UNKNOWN,No current GSC or URL Inspection evidence for removal; KEEP_INDEXABLE is not search-value proof.,REPO_EVIDENCE; NEEDS_EVIDENCE
https://familyboard.win/tools/,en,true,YES,YES,UNKNOWN,NO_CHANGE_PENDING_SEARCH_EVIDENCE,UNKNOWN,No current GSC or URL Inspection evidence for removal; KEEP_INDEXABLE is not search-value proof.,REPO_EVIDENCE; NEEDS_EVIDENCE
https://familyboard.win/tools/annual-subscription-cost-calculator/,en,true,YES,YES,UNKNOWN,NO_CHANGE_PENDING_SEARCH_EVIDENCE,UNKNOWN,No current GSC or URL Inspection evidence for removal; KEEP_INDEXABLE is not search-value proof.,REPO_EVIDENCE; NEEDS_EVIDENCE
https://familyboard.win/tools/appliance-age-calculator/,en,true,YES,YES,UNKNOWN,NO_CHANGE_PENDING_SEARCH_EVIDENCE,UNKNOWN,No current GSC or URL Inspection evidence for removal; KEEP_INDEXABLE is not search-value proof.,REPO_EVIDENCE; NEEDS_EVIDENCE
https://familyboard.win/tools/appliance-maintenance-checklist-generator/,en,true,YES,YES,UNKNOWN,NO_CHANGE_PENDING_SEARCH_EVIDENCE,UNKNOWN,No current GSC or URL Inspection evidence for removal; KEEP_INDEXABLE is not search-value proof.,REPO_EVIDENCE; NEEDS_EVIDENCE
https://familyboard.win/tools/appliance-manual-source-check-log/,en,true,YES,YES,UNKNOWN,NO_CHANGE_PENDING_SEARCH_EVIDENCE,UNKNOWN,No current GSC or URL Inspection evidence for removal; KEEP_INDEXABLE is not search-value proof.,REPO_EVIDENCE; NEEDS_EVIDENCE
https://familyboard.win/tools/appliance-purchase-installation-record/,en,true,YES,YES,UNKNOWN,NO_CHANGE_PENDING_SEARCH_EVIDENCE,UNKNOWN,No current GSC or URL Inspection evidence for removal; KEEP_INDEXABLE is not search-value proof.,REPO_EVIDENCE; NEEDS_EVIDENCE
https://familyboard.win/tools/appliance-repair-callback-log/,en,true,YES,YES,UNKNOWN,NO_CHANGE_PENDING_SEARCH_EVIDENCE,UNKNOWN,No current GSC or URL Inspection evidence for removal; KEEP_INDEXABLE is not search-value proof.,REPO_EVIDENCE; NEEDS_EVIDENCE
https://familyboard.win/tools/appliance-replacement-planner/,en,true,YES,YES,UNKNOWN,NO_CHANGE_PENDING_SEARCH_EVIDENCE,UNKNOWN,No current GSC or URL Inspection evidence for removal; KEEP_INDEXABLE is not search-value proof.,REPO_EVIDENCE; NEEDS_EVIDENCE
https://familyboard.win/tools/appliance-service-visit-log/,en,true,YES,YES,UNKNOWN,NO_CHANGE_PENDING_SEARCH_EVIDENCE,UNKNOWN,No current GSC or URL Inspection evidence for removal; KEEP_INDEXABLE is not search-value proof.,REPO_EVIDENCE; NEEDS_EVIDENCE
https://familyboard.win/tools/caregiver-handoff-source-authorization-log/,en,true,YES,YES,UNKNOWN,NO_CHANGE_PENDING_SEARCH_EVIDENCE,UNKNOWN,No current GSC or URL Inspection evidence for removal; KEEP_INDEXABLE is not search-value proof.,REPO_EVIDENCE; NEEDS_EVIDENCE
https://familyboard.win/tools/cleaning-schedule-generator/,en,true,YES,YES,UNKNOWN,NO_CHANGE_PENDING_SEARCH_EVIDENCE,UNKNOWN,No current GSC or URL Inspection evidence for removal; KEEP_INDEXABLE is not search-value proof.,REPO_EVIDENCE; NEEDS_EVIDENCE
https://familyboard.win/tools/emergency-binder-generator/,en,true,YES,YES,UNKNOWN,NO_CHANGE_PENDING_SEARCH_EVIDENCE,UNKNOWN,No current GSC or URL Inspection evidence for removal; KEEP_INDEXABLE is not search-value proof.,REPO_EVIDENCE; NEEDS_EVIDENCE
https://familyboard.win/tools/emergency-contact-sheet-generator/,en,true,YES,YES,UNKNOWN,NO_CHANGE_PENDING_SEARCH_EVIDENCE,UNKNOWN,No current GSC or URL Inspection evidence for removal; KEEP_INDEXABLE is not search-value proof.,REPO_EVIDENCE; NEEDS_EVIDENCE
https://familyboard.win/tools/emergency-contact-verification-log/,en,true,YES,YES,UNKNOWN,NO_CHANGE_PENDING_SEARCH_EVIDENCE,UNKNOWN,No current GSC or URL Inspection evidence for removal; KEEP_INDEXABLE is not search-value proof.,REPO_EVIDENCE; NEEDS_EVIDENCE
https://familyboard.win/tools/emergency-supply-inventory-audit/,en,true,YES,YES,UNKNOWN,NO_CHANGE_PENDING_SEARCH_EVIDENCE,UNKNOWN,No current GSC or URL Inspection evidence for removal; KEEP_INDEXABLE is not search-value proof.,REPO_EVIDENCE; NEEDS_EVIDENCE
https://familyboard.win/tools/home-care-charge-service-payment-discrepancy-log/,en,true,YES,YES,UNKNOWN,NO_CHANGE_PENDING_SEARCH_EVIDENCE,UNKNOWN,No current GSC or URL Inspection evidence for removal; KEEP_INDEXABLE is not search-value proof.,REPO_EVIDENCE; NEEDS_EVIDENCE
https://familyboard.win/tools/home-care-complaint-response-resolution-log/,en,true,YES,YES,UNKNOWN,NO_CHANGE_PENDING_SEARCH_EVIDENCE,UNKNOWN,No current GSC or URL Inspection evidence for removal; KEEP_INDEXABLE is not search-value proof.,REPO_EVIDENCE; NEEDS_EVIDENCE
https://familyboard.win/tools/home-care-payment-refund-collection-notice-log/,en,true,YES,YES,UNKNOWN,NO_CHANGE_PENDING_SEARCH_EVIDENCE,UNKNOWN,No current GSC or URL Inspection evidence for removal; KEEP_INDEXABLE is not search-value proof.,REPO_EVIDENCE; NEEDS_EVIDENCE
https://familyboard.win/tools/home-care-service-interruption-backup-continuity-log/,en,true,YES,YES,UNKNOWN,NO_CHANGE_PENDING_SEARCH_EVIDENCE,UNKNOWN,No current GSC or URL Inspection evidence for removal; KEEP_INDEXABLE is not search-value proof.,REPO_EVIDENCE; NEEDS_EVIDENCE
https://familyboard.win/tools/home-care-service-plan-change-notice-log/,en,true,YES,YES,UNKNOWN,NO_CHANGE_PENDING_SEARCH_EVIDENCE,UNKNOWN,No current GSC or URL Inspection evidence for removal; KEEP_INDEXABLE is not search-value proof.,REPO_EVIDENCE; NEEDS_EVIDENCE
https://familyboard.win/tools/home-care-visit-scope-service-result-log/,en,true,YES,YES,UNKNOWN,NO_CHANGE_PENDING_SEARCH_EVIDENCE,UNKNOWN,No current GSC or URL Inspection evidence for removal; KEEP_INDEXABLE is not search-value proof.,REPO_EVIDENCE; NEEDS_EVIDENCE
https://familyboard.win/tools/home-emergency-drill-record-generator/,en,true,YES,YES,UNKNOWN,NO_CHANGE_PENDING_SEARCH_EVIDENCE,UNKNOWN,No current GSC or URL Inspection evidence for removal; KEEP_INDEXABLE is not search-value proof.,REPO_EVIDENCE; NEEDS_EVIDENCE
https://familyboard.win/tools/home-handoff-summary-generator/,en,true,YES,YES,UNKNOWN,NO_CHANGE_PENDING_SEARCH_EVIDENCE,UNKNOWN,No current GSC or URL Inspection evidence for removal; KEEP_INDEXABLE is not search-value proof.,REPO_EVIDENCE; NEEDS_EVIDENCE
https://familyboard.win/tools/home-inventory-checklist-generator/,en,true,YES,YES,UNKNOWN,NO_CHANGE_PENDING_SEARCH_EVIDENCE,UNKNOWN,No current GSC or URL Inspection evidence for removal; KEEP_INDEXABLE is not search-value proof.,REPO_EVIDENCE; NEEDS_EVIDENCE
https://familyboard.win/tools/home-maintenance-cost-tracker/,en,true,YES,YES,UNKNOWN,NO_CHANGE_PENDING_SEARCH_EVIDENCE,UNKNOWN,No current GSC or URL Inspection evidence for removal; KEEP_INDEXABLE is not search-value proof.,REPO_EVIDENCE; NEEDS_EVIDENCE
https://familyboard.win/tools/home-maintenance-schedule-generator/,en,true,YES,YES,UNKNOWN,NO_CHANGE_PENDING_SEARCH_EVIDENCE,UNKNOWN,No current GSC or URL Inspection evidence for removal; KEEP_INDEXABLE is not search-value proof.,REPO_EVIDENCE; NEEDS_EVIDENCE
https://familyboard.win/tools/home-repair-change-order-log/,en,true,YES,YES,UNKNOWN,NO_CHANGE_PENDING_SEARCH_EVIDENCE,UNKNOWN,No current GSC or URL Inspection evidence for removal; KEEP_INDEXABLE is not search-value proof.,REPO_EVIDENCE; NEEDS_EVIDENCE
https://familyboard.win/tools/home-repair-closeout-checklist/,en,true,YES,YES,UNKNOWN,NO_CHANGE_PENDING_SEARCH_EVIDENCE,UNKNOWN,No current GSC or URL Inspection evidence for removal; KEEP_INDEXABLE is not search-value proof.,REPO_EVIDENCE; NEEDS_EVIDENCE
https://familyboard.win/tools/home-repair-cost-log/,en,true,YES,YES,UNKNOWN,NO_CHANGE_PENDING_SEARCH_EVIDENCE,UNKNOWN,No current GSC or URL Inspection evidence for removal; KEEP_INDEXABLE is not search-value proof.,REPO_EVIDENCE; NEEDS_EVIDENCE
https://familyboard.win/tools/home-repair-punch-list/,en,true,YES,YES,UNKNOWN,NO_CHANGE_PENDING_SEARCH_EVIDENCE,UNKNOWN,No current GSC or URL Inspection evidence for removal; KEEP_INDEXABLE is not search-value proof.,REPO_EVIDENCE; NEEDS_EVIDENCE
https://familyboard.win/tools/home-service-provider-verification-log/,en,true,YES,YES,UNKNOWN,NO_CHANGE_PENDING_SEARCH_EVIDENCE,UNKNOWN,No current GSC or URL Inspection evidence for removal; KEEP_INDEXABLE is not search-value proof.,REPO_EVIDENCE; NEEDS_EVIDENCE
https://familyboard.win/tools/home-service-reminder-generator/,en,true,YES,YES,UNKNOWN,NO_CHANGE_PENDING_SEARCH_EVIDENCE,UNKNOWN,No current GSC or URL Inspection evidence for removal; KEEP_INDEXABLE is not search-value proof.,REPO_EVIDENCE; NEEDS_EVIDENCE
https://familyboard.win/tools/house-sitter-instruction-generator/,en,true,YES,YES,UNKNOWN,NO_CHANGE_PENDING_SEARCH_EVIDENCE,UNKNOWN,No current GSC or URL Inspection evidence for removal; KEEP_INDEXABLE is not search-value proof.,REPO_EVIDENCE; NEEDS_EVIDENCE
https://familyboard.win/tools/household-accessibility-walkthrough-log/,en,true,YES,YES,UNKNOWN,NO_CHANGE_PENDING_SEARCH_EVIDENCE,UNKNOWN,No current GSC or URL Inspection evidence for removal; KEEP_INDEXABLE is not search-value proof.,REPO_EVIDENCE; NEEDS_EVIDENCE
https://familyboard.win/tools/household-account-list/,en,true,YES,YES,UNKNOWN,NO_CHANGE_PENDING_SEARCH_EVIDENCE,UNKNOWN,No current GSC or URL Inspection evidence for removal; KEEP_INDEXABLE is not search-value proof.,REPO_EVIDENCE; NEEDS_EVIDENCE
https://familyboard.win/tools/household-annual-review-generator/,en,true,YES,YES,UNKNOWN,NO_CHANGE_PENDING_SEARCH_EVIDENCE,UNKNOWN,No current GSC or URL Inspection evidence for removal; KEEP_INDEXABLE is not search-value proof.,REPO_EVIDENCE; NEEDS_EVIDENCE
https://familyboard.win/tools/household-backup-recovery-checker/,en,true,YES,YES,UNKNOWN,NO_CHANGE_PENDING_SEARCH_EVIDENCE,UNKNOWN,No current GSC or URL Inspection evidence for removal; KEEP_INDEXABLE is not search-value proof.,REPO_EVIDENCE; NEEDS_EVIDENCE
https://familyboard.win/tools/household-bill-source-status-log/,en,true,YES,YES,UNKNOWN,NO_CHANGE_PENDING_SEARCH_EVIDENCE,UNKNOWN,No current GSC or URL Inspection evidence for removal; KEEP_INDEXABLE is not search-value proof.,REPO_EVIDENCE; NEEDS_EVIDENCE
https://familyboard.win/tools/household-building-notice-response-log/,en,true,YES,YES,UNKNOWN,NO_CHANGE_PENDING_SEARCH_EVIDENCE,UNKNOWN,No current GSC or URL Inspection evidence for removal; KEEP_INDEXABLE is not search-value proof.,REPO_EVIDENCE; NEEDS_EVIDENCE
https://familyboard.win/tools/household-clothing-care-repair-log/,en,true,YES,YES,UNKNOWN,NO_CHANGE_PENDING_SEARCH_EVIDENCE,UNKNOWN,No current GSC or URL Inspection evidence for removal; KEEP_INDEXABLE is not search-value proof.,REPO_EVIDENCE; NEEDS_EVIDENCE
https://familyboard.win/tools/household-consumable-change-history-log/,en,true,YES,YES,UNKNOWN,NO_CHANGE_PENDING_SEARCH_EVIDENCE,UNKNOWN,No current GSC or URL Inspection evidence for removal; KEEP_INDEXABLE is not search-value proof.,REPO_EVIDENCE; NEEDS_EVIDENCE
https://familyboard.win/tools/household-date-offset-planner/,en,true,YES,YES,UNKNOWN,NO_CHANGE_PENDING_SEARCH_EVIDENCE,UNKNOWN,No current GSC or URL Inspection evidence for removal; KEEP_INDEXABLE is not search-value proof.,REPO_EVIDENCE; NEEDS_EVIDENCE
https://familyboard.win/tools/household-decision-register/,en,true,YES,YES,UNKNOWN,NO_CHANGE_PENDING_SEARCH_EVIDENCE,UNKNOWN,No current GSC or URL Inspection evidence for removal; KEEP_INDEXABLE is not search-value proof.,REPO_EVIDENCE; NEEDS_EVIDENCE
https://familyboard.win/tools/household-device-retirement-handoff-log/,en,true,YES,YES,UNKNOWN,NO_CHANGE_PENDING_SEARCH_EVIDENCE,UNKNOWN,No current GSC or URL Inspection evidence for removal; KEEP_INDEXABLE is not search-value proof.,REPO_EVIDENCE; NEEDS_EVIDENCE
https://familyboard.win/tools/household-document-index-generator/,en,true,YES,YES,UNKNOWN,NO_CHANGE_PENDING_SEARCH_EVIDENCE,UNKNOWN,No current GSC or URL Inspection evidence for removal; KEEP_INDEXABLE is not search-value proof.,REPO_EVIDENCE; NEEDS_EVIDENCE
https://familyboard.win/tools/household-document-renewal-review-log/,en,true,YES,YES,UNKNOWN,NO_CHANGE_PENDING_SEARCH_EVIDENCE,UNKNOWN,No current GSC or URL Inspection evidence for removal; KEEP_INDEXABLE is not search-value proof.,REPO_EVIDENCE; NEEDS_EVIDENCE
https://familyboard.win/tools/household-donation-handoff-log/,en,true,YES,YES,UNKNOWN,NO_CHANGE_PENDING_SEARCH_EVIDENCE,UNKNOWN,No current GSC or URL Inspection evidence for removal; KEEP_INDEXABLE is not search-value proof.,REPO_EVIDENCE; NEEDS_EVIDENCE
https://familyboard.win/tools/household-event-duration-calculator/,en,true,YES,YES,UNKNOWN,NO_CHANGE_PENDING_SEARCH_EVIDENCE,UNKNOWN,No current GSC or URL Inspection evidence for removal; KEEP_INDEXABLE is not search-value proof.,REPO_EVIDENCE; NEEDS_EVIDENCE
https://familyboard.win/tools/household-event-source-index-log/,en,true,YES,YES,UNKNOWN,NO_CHANGE_PENDING_SEARCH_EVIDENCE,UNKNOWN,No current GSC or URL Inspection evidence for removal; KEEP_INDEXABLE is not search-value proof.,REPO_EVIDENCE; NEEDS_EVIDENCE
https://familyboard.win/tools/household-guest-arrival-prep-log/,en,true,YES,YES,UNKNOWN,NO_CHANGE_PENDING_SEARCH_EVIDENCE,UNKNOWN,No current GSC or URL Inspection evidence for removal; KEEP_INDEXABLE is not search-value proof.,REPO_EVIDENCE; NEEDS_EVIDENCE
https://familyboard.win/tools/household-home-access-handoff-log/,en,true,YES,YES,UNKNOWN,NO_CHANGE_PENDING_SEARCH_EVIDENCE,UNKNOWN,No current GSC or URL Inspection evidence for removal; KEEP_INDEXABLE is not search-value proof.,REPO_EVIDENCE; NEEDS_EVIDENCE
https://familyboard.win/tools/household-insurance-claim-timeline-log/,en,true,YES,YES,UNKNOWN,NO_CHANGE_PENDING_SEARCH_EVIDENCE,UNKNOWN,No current GSC or URL Inspection evidence for removal; KEEP_INDEXABLE is not search-value proof.,REPO_EVIDENCE; NEEDS_EVIDENCE
https://familyboard.win/tools/household-insurance-policy-source-version-log/,en,true,YES,YES,UNKNOWN,NO_CHANGE_PENDING_SEARCH_EVIDENCE,UNKNOWN,No current GSC or URL Inspection evidence for removal; KEEP_INDEXABLE is not search-value proof.,REPO_EVIDENCE; NEEDS_EVIDENCE
https://familyboard.win/tools/household-internet-incident-review-log/,en,true,YES,YES,UNKNOWN,NO_CHANGE_PENDING_SEARCH_EVIDENCE,UNKNOWN,No current GSC or URL Inspection evidence for removal; KEEP_INDEXABLE is not search-value proof.,REPO_EVIDENCE; NEEDS_EVIDENCE
https://familyboard.win/tools/household-inventory-photo-capture-log/,en,true,YES,YES,UNKNOWN,NO_CHANGE_PENDING_SEARCH_EVIDENCE,UNKNOWN,No current GSC or URL Inspection evidence for removal; KEEP_INDEXABLE is not search-value proof.,REPO_EVIDENCE; NEEDS_EVIDENCE
https://familyboard.win/tools/household-mail-package-handoff-log/,en,true,YES,YES,UNKNOWN,NO_CHANGE_PENDING_SEARCH_EVIDENCE,UNKNOWN,No current GSC or URL Inspection evidence for removal; KEEP_INDEXABLE is not search-value proof.,REPO_EVIDENCE; NEEDS_EVIDENCE
https://familyboard.win/tools/household-maintenance-delegation-map/,en,true,YES,YES,UNKNOWN,NO_CHANGE_PENDING_SEARCH_EVIDENCE,UNKNOWN,No current GSC or URL Inspection evidence for removal; KEEP_INDEXABLE is not search-value proof.,REPO_EVIDENCE; NEEDS_EVIDENCE
https://familyboard.win/tools/household-maintenance-priority-review-log/,en,true,YES,YES,UNKNOWN,NO_CHANGE_PENDING_SEARCH_EVIDENCE,UNKNOWN,No current GSC or URL Inspection evidence for removal; KEEP_INDEXABLE is not search-value proof.,REPO_EVIDENCE; NEEDS_EVIDENCE
https://familyboard.win/tools/household-meal-prep-role-log/,en,true,YES,YES,UNKNOWN,NO_CHANGE_PENDING_SEARCH_EVIDENCE,UNKNOWN,No current GSC or URL Inspection evidence for removal; KEEP_INDEXABLE is not search-value proof.,REPO_EVIDENCE; NEEDS_EVIDENCE
https://familyboard.win/tools/household-medical-information-source-handoff-log/,en,true,YES,YES,UNKNOWN,NO_CHANGE_PENDING_SEARCH_EVIDENCE,UNKNOWN,No current GSC or URL Inspection evidence for removal; KEEP_INDEXABLE is not search-value proof.,REPO_EVIDENCE; NEEDS_EVIDENCE
https://familyboard.win/tools/household-meeting-agenda-action-log/,en,true,YES,YES,UNKNOWN,NO_CHANGE_PENDING_SEARCH_EVIDENCE,UNKNOWN,No current GSC or URL Inspection evidence for removal; KEEP_INDEXABLE is not search-value proof.,REPO_EVIDENCE; NEEDS_EVIDENCE
https://familyboard.win/tools/household-meter-reading-review-log/,en,true,YES,YES,UNKNOWN,NO_CHANGE_PENDING_SEARCH_EVIDENCE,UNKNOWN,No current GSC or URL Inspection evidence for removal; KEEP_INDEXABLE is not search-value proof.,REPO_EVIDENCE; NEEDS_EVIDENCE
https://familyboard.win/tools/household-monthly-review-action-log/,en,true,YES,YES,UNKNOWN,NO_CHANGE_PENDING_SEARCH_EVIDENCE,UNKNOWN,No current GSC or URL Inspection evidence for removal; KEEP_INDEXABLE is not search-value proof.,REPO_EVIDENCE; NEEDS_EVIDENCE
https://familyboard.win/tools/household-pantry-expiry-review-log/,en,true,YES,YES,UNKNOWN,NO_CHANGE_PENDING_SEARCH_EVIDENCE,UNKNOWN,No current GSC or URL Inspection evidence for removal; KEEP_INDEXABLE is not search-value proof.,REPO_EVIDENCE; NEEDS_EVIDENCE
https://familyboard.win/tools/household-pet-record-source-handoff-log/,en,true,YES,YES,UNKNOWN,NO_CHANGE_PENDING_SEARCH_EVIDENCE,UNKNOWN,No current GSC or URL Inspection evidence for removal; KEEP_INDEXABLE is not search-value proof.,REPO_EVIDENCE; NEEDS_EVIDENCE
https://familyboard.win/tools/household-plant-care-handoff-log/,en,true,YES,YES,UNKNOWN,NO_CHANGE_PENDING_SEARCH_EVIDENCE,UNKNOWN,No current GSC or URL Inspection evidence for removal; KEEP_INDEXABLE is not search-value proof.,REPO_EVIDENCE; NEEDS_EVIDENCE
https://familyboard.win/tools/household-power-outage-event-log/,en,true,YES,YES,UNKNOWN,NO_CHANGE_PENDING_SEARCH_EVIDENCE,UNKNOWN,No current GSC or URL Inspection evidence for removal; KEEP_INDEXABLE is not search-value proof.,REPO_EVIDENCE; NEEDS_EVIDENCE
https://familyboard.win/tools/household-record-retention-decision-log/,en,true,YES,YES,UNKNOWN,NO_CHANGE_PENDING_SEARCH_EVIDENCE,UNKNOWN,No current GSC or URL Inspection evidence for removal; KEEP_INDEXABLE is not search-value proof.,REPO_EVIDENCE; NEEDS_EVIDENCE
https://familyboard.win/tools/household-record-retrieval-drill-log/,en,true,YES,YES,UNKNOWN,NO_CHANGE_PENDING_SEARCH_EVIDENCE,UNKNOWN,No current GSC or URL Inspection evidence for removal; KEEP_INDEXABLE is not search-value proof.,REPO_EVIDENCE; NEEDS_EVIDENCE
https://familyboard.win/tools/household-recycling-handoff-log/,en,true,YES,YES,UNKNOWN,NO_CHANGE_PENDING_SEARCH_EVIDENCE,UNKNOWN,No current GSC or URL Inspection evidence for removal; KEEP_INDEXABLE is not search-value proof.,REPO_EVIDENCE; NEEDS_EVIDENCE
https://familyboard.win/tools/household-repair-evidence-timeline-log/,en,true,YES,YES,UNKNOWN,NO_CHANGE_PENDING_SEARCH_EVIDENCE,UNKNOWN,No current GSC or URL Inspection evidence for removal; KEEP_INDEXABLE is not search-value proof.,REPO_EVIDENCE; NEEDS_EVIDENCE
https://familyboard.win/tools/household-replacement-part-source-check-log/,en,true,YES,YES,UNKNOWN,NO_CHANGE_PENDING_SEARCH_EVIDENCE,UNKNOWN,No current GSC or URL Inspection evidence for removal; KEEP_INDEXABLE is not search-value proof.,REPO_EVIDENCE; NEEDS_EVIDENCE
https://familyboard.win/tools/household-responsibility-coverage-map/,en,true,YES,YES,UNKNOWN,NO_CHANGE_PENDING_SEARCH_EVIDENCE,UNKNOWN,No current GSC or URL Inspection evidence for removal; KEEP_INDEXABLE is not search-value proof.,REPO_EVIDENCE; NEEDS_EVIDENCE
https://familyboard.win/tools/household-return-handoff-log/,en,true,YES,YES,UNKNOWN,NO_CHANGE_PENDING_SEARCH_EVIDENCE,UNKNOWN,No current GSC or URL Inspection evidence for removal; KEEP_INDEXABLE is not search-value proof.,REPO_EVIDENCE; NEEDS_EVIDENCE
https://familyboard.win/tools/household-router-support-review-log/,en,true,YES,YES,UNKNOWN,NO_CHANGE_PENDING_SEARCH_EVIDENCE,UNKNOWN,No current GSC or URL Inspection evidence for removal; KEEP_INDEXABLE is not search-value proof.,REPO_EVIDENCE; NEEDS_EVIDENCE
https://familyboard.win/tools/household-schedule-conflict-review-log/,en,true,YES,YES,UNKNOWN,NO_CHANGE_PENDING_SEARCH_EVIDENCE,UNKNOWN,No current GSC or URL Inspection evidence for removal; KEEP_INDEXABLE is not search-value proof.,REPO_EVIDENCE; NEEDS_EVIDENCE
https://familyboard.win/tools/household-school-activity-handoff-log/,en,true,YES,YES,UNKNOWN,NO_CHANGE_PENDING_SEARCH_EVIDENCE,UNKNOWN,No current GSC or URL Inspection evidence for removal; KEEP_INDEXABLE is not search-value proof.,REPO_EVIDENCE; NEEDS_EVIDENCE
https://familyboard.win/tools/household-school-closure-continuity-log/,en,true,YES,YES,UNKNOWN,NO_CHANGE_PENDING_SEARCH_EVIDENCE,UNKNOWN,No current GSC or URL Inspection evidence for removal; KEEP_INDEXABLE is not search-value proof.,REPO_EVIDENCE; NEEDS_EVIDENCE
https://familyboard.win/tools/household-school-pickup-handoff-log/,en,true,YES,YES,UNKNOWN,NO_CHANGE_PENDING_SEARCH_EVIDENCE,UNKNOWN,No current GSC or URL Inspection evidence for removal; KEEP_INDEXABLE is not search-value proof.,REPO_EVIDENCE; NEEDS_EVIDENCE
https://familyboard.win/tools/household-school-record-source-handoff-log/,en,true,YES,YES,UNKNOWN,NO_CHANGE_PENDING_SEARCH_EVIDENCE,UNKNOWN,No current GSC or URL Inspection evidence for removal; KEEP_INDEXABLE is not search-value proof.,REPO_EVIDENCE; NEEDS_EVIDENCE
https://familyboard.win/tools/household-seasonal-reset-action-log/,en,true,YES,YES,UNKNOWN,NO_CHANGE_PENDING_SEARCH_EVIDENCE,UNKNOWN,No current GSC or URL Inspection evidence for removal; KEEP_INDEXABLE is not search-value proof.,REPO_EVIDENCE; NEEDS_EVIDENCE
https://familyboard.win/tools/household-service-appointment-handoff-log/,en,true,YES,YES,UNKNOWN,NO_CHANGE_PENDING_SEARCH_EVIDENCE,UNKNOWN,No current GSC or URL Inspection evidence for removal; KEEP_INDEXABLE is not search-value proof.,REPO_EVIDENCE; NEEDS_EVIDENCE
https://familyboard.win/tools/household-service-quote-comparison-log/,en,true,YES,YES,UNKNOWN,NO_CHANGE_PENDING_SEARCH_EVIDENCE,UNKNOWN,No current GSC or URL Inspection evidence for removal; KEEP_INDEXABLE is not search-value proof.,REPO_EVIDENCE; NEEDS_EVIDENCE
https://familyboard.win/tools/household-share-access-review-log/,en,true,YES,YES,UNKNOWN,NO_CHANGE_PENDING_SEARCH_EVIDENCE,UNKNOWN,No current GSC or URL Inspection evidence for removal; KEEP_INDEXABLE is not search-value proof.,REPO_EVIDENCE; NEEDS_EVIDENCE
https://familyboard.win/tools/household-shopping-list-planner/,en,true,YES,YES,UNKNOWN,NO_CHANGE_PENDING_SEARCH_EVIDENCE,UNKNOWN,No current GSC or URL Inspection evidence for removal; KEEP_INDEXABLE is not search-value proof.,REPO_EVIDENCE; NEEDS_EVIDENCE
https://familyboard.win/tools/household-storm-readiness-review/,en,true,YES,YES,UNKNOWN,NO_CHANGE_PENDING_SEARCH_EVIDENCE,UNKNOWN,No current GSC or URL Inspection evidence for removal; KEEP_INDEXABLE is not search-value proof.,REPO_EVIDENCE; NEEDS_EVIDENCE
https://familyboard.win/tools/household-subscription-cancellation-handoff-log/,en,true,YES,YES,UNKNOWN,NO_CHANGE_PENDING_SEARCH_EVIDENCE,UNKNOWN,No current GSC or URL Inspection evidence for removal; KEEP_INDEXABLE is not search-value proof.,REPO_EVIDENCE; NEEDS_EVIDENCE
https://familyboard.win/tools/household-subscription-cost-calculator/,en,true,YES,YES,UNKNOWN,NO_CHANGE_PENDING_SEARCH_EVIDENCE,UNKNOWN,No current GSC or URL Inspection evidence for removal; KEEP_INDEXABLE is not search-value proof.,REPO_EVIDENCE; NEEDS_EVIDENCE
https://familyboard.win/tools/household-task-load-calculator/,en,true,YES,YES,UNKNOWN,NO_CHANGE_PENDING_SEARCH_EVIDENCE,UNKNOWN,No current GSC or URL Inspection evidence for removal; KEEP_INDEXABLE is not search-value proof.,REPO_EVIDENCE; NEEDS_EVIDENCE
https://familyboard.win/tools/household-time-window-overlap-checker/,en,true,YES,YES,UNKNOWN,NO_CHANGE_PENDING_SEARCH_EVIDENCE,UNKNOWN,No current GSC or URL Inspection evidence for removal; KEEP_INDEXABLE is not search-value proof.,REPO_EVIDENCE; NEEDS_EVIDENCE
https://familyboard.win/tools/household-trip-packing-handoff-log/,en,true,YES,YES,UNKNOWN,NO_CHANGE_PENDING_SEARCH_EVIDENCE,UNKNOWN,No current GSC or URL Inspection evidence for removal; KEEP_INDEXABLE is not search-value proof.,REPO_EVIDENCE; NEEDS_EVIDENCE
https://familyboard.win/tools/household-utility-bill-anomaly-log/,en,true,YES,YES,UNKNOWN,NO_CHANGE_PENDING_SEARCH_EVIDENCE,UNKNOWN,No current GSC or URL Inspection evidence for removal; KEEP_INDEXABLE is not search-value proof.,REPO_EVIDENCE; NEEDS_EVIDENCE
https://familyboard.win/tools/household-utility-provider-service-handoff-log/,en,true,YES,YES,UNKNOWN,NO_CHANGE_PENDING_SEARCH_EVIDENCE,UNKNOWN,No current GSC or URL Inspection evidence for removal; KEEP_INDEXABLE is not search-value proof.,REPO_EVIDENCE; NEEDS_EVIDENCE
https://familyboard.win/tools/household-vehicle-document-source-status-log/,en,true,YES,YES,UNKNOWN,NO_CHANGE_PENDING_SEARCH_EVIDENCE,UNKNOWN,No current GSC or URL Inspection evidence for removal; KEEP_INDEXABLE is not search-value proof.,REPO_EVIDENCE; NEEDS_EVIDENCE
https://familyboard.win/tools/household-water-leak-event-log/,en,true,YES,YES,UNKNOWN,NO_CHANGE_PENDING_SEARCH_EVIDENCE,UNKNOWN,No current GSC or URL Inspection evidence for removal; KEEP_INDEXABLE is not search-value proof.,REPO_EVIDENCE; NEEDS_EVIDENCE
https://familyboard.win/tools/household-weekly-reset-action-log/,en,true,YES,YES,UNKNOWN,NO_CHANGE_PENDING_SEARCH_EVIDENCE,UNKNOWN,No current GSC or URL Inspection evidence for removal; KEEP_INDEXABLE is not search-value proof.,REPO_EVIDENCE; NEEDS_EVIDENCE
https://familyboard.win/tools/important-household-document-review/,en,true,YES,YES,UNKNOWN,NO_CHANGE_PENDING_SEARCH_EVIDENCE,UNKNOWN,No current GSC or URL Inspection evidence for removal; KEEP_INDEXABLE is not search-value proof.,REPO_EVIDENCE; NEEDS_EVIDENCE
https://familyboard.win/tools/move-in-checklist-generator/,en,true,YES,YES,UNKNOWN,NO_CHANGE_PENDING_SEARCH_EVIDENCE,UNKNOWN,No current GSC or URL Inspection evidence for removal; KEEP_INDEXABLE is not search-value proof.,REPO_EVIDENCE; NEEDS_EVIDENCE
https://familyboard.win/tools/move-out-condition-record-generator/,en,true,YES,YES,UNKNOWN,NO_CHANGE_PENDING_SEARCH_EVIDENCE,UNKNOWN,No current GSC or URL Inspection evidence for removal; KEEP_INDEXABLE is not search-value proof.,REPO_EVIDENCE; NEEDS_EVIDENCE
https://familyboard.win/tools/moving-box-handover-log/,en,true,YES,YES,UNKNOWN,NO_CHANGE_PENDING_SEARCH_EVIDENCE,UNKNOWN,No current GSC or URL Inspection evidence for removal; KEEP_INDEXABLE is not search-value proof.,REPO_EVIDENCE; NEEDS_EVIDENCE
https://familyboard.win/tools/pet-sitter-instruction-generator/,en,true,YES,YES,UNKNOWN,NO_CHANGE_PENDING_SEARCH_EVIDENCE,UNKNOWN,No current GSC or URL Inspection evidence for removal; KEEP_INDEXABLE is not search-value proof.,REPO_EVIDENCE; NEEDS_EVIDENCE
https://familyboard.win/tools/product-recall-action-log/,en,true,YES,YES,UNKNOWN,NO_CHANGE_PENDING_SEARCH_EVIDENCE,UNKNOWN,No current GSC or URL Inspection evidence for removal; KEEP_INDEXABLE is not search-value proof.,REPO_EVIDENCE; NEEDS_EVIDENCE
https://familyboard.win/tools/purchase-delivery-evidence-log/,en,true,YES,YES,UNKNOWN,NO_CHANGE_PENDING_SEARCH_EVIDENCE,UNKNOWN,No current GSC or URL Inspection evidence for removal; KEEP_INDEXABLE is not search-value proof.,REPO_EVIDENCE; NEEDS_EVIDENCE
https://familyboard.win/tools/receipt-retention-organizer/,en,true,YES,YES,UNKNOWN,NO_CHANGE_PENDING_SEARCH_EVIDENCE,UNKNOWN,No current GSC or URL Inspection evidence for removal; KEEP_INDEXABLE is not search-value proof.,REPO_EVIDENCE; NEEDS_EVIDENCE
https://familyboard.win/tools/recurring-chore-planner/,en,true,YES,YES,UNKNOWN,NO_CHANGE_PENDING_SEARCH_EVIDENCE,UNKNOWN,No current GSC or URL Inspection evidence for removal; KEEP_INDEXABLE is not search-value proof.,REPO_EVIDENCE; NEEDS_EVIDENCE
https://familyboard.win/tools/rental-repair-request-log/,en,true,YES,YES,UNKNOWN,NO_CHANGE_PENDING_SEARCH_EVIDENCE,UNKNOWN,No current GSC or URL Inspection evidence for removal; KEEP_INDEXABLE is not search-value proof.,REPO_EVIDENCE; NEEDS_EVIDENCE
https://familyboard.win/tools/rental-security-deposit-move-out-claim-log/,en,true,YES,YES,UNKNOWN,NO_CHANGE_PENDING_SEARCH_EVIDENCE,UNKNOWN,No current GSC or URL Inspection evidence for removal; KEEP_INDEXABLE is not search-value proof.,REPO_EVIDENCE; NEEDS_EVIDENCE
https://familyboard.win/tools/room-inventory-generator/,en,true,YES,YES,UNKNOWN,NO_CHANGE_PENDING_SEARCH_EVIDENCE,UNKNOWN,No current GSC or URL Inspection evidence for removal; KEEP_INDEXABLE is not search-value proof.,REPO_EVIDENCE; NEEDS_EVIDENCE
https://familyboard.win/tools/storage-unit-access-inventory-log/,en,true,YES,YES,UNKNOWN,NO_CHANGE_PENDING_SEARCH_EVIDENCE,UNKNOWN,No current GSC or URL Inspection evidence for removal; KEEP_INDEXABLE is not search-value proof.,REPO_EVIDENCE; NEEDS_EVIDENCE
https://familyboard.win/tools/vacation-shutdown-checklist-generator/,en,true,YES,YES,UNKNOWN,NO_CHANGE_PENDING_SEARCH_EVIDENCE,UNKNOWN,No current GSC or URL Inspection evidence for removal; KEEP_INDEXABLE is not search-value proof.,REPO_EVIDENCE; NEEDS_EVIDENCE
https://familyboard.win/tools/warranty-checklist-generator/,en,true,YES,YES,UNKNOWN,NO_CHANGE_PENDING_SEARCH_EVIDENCE,UNKNOWN,No current GSC or URL Inspection evidence for removal; KEEP_INDEXABLE is not search-value proof.,REPO_EVIDENCE; NEEDS_EVIDENCE
https://familyboard.win/tools/warranty-claim-evidence-log/,en,true,YES,YES,UNKNOWN,NO_CHANGE_PENDING_SEARCH_EVIDENCE,UNKNOWN,No current GSC or URL Inspection evidence for removal; KEEP_INDEXABLE is not search-value proof.,REPO_EVIDENCE; NEEDS_EVIDENCE
https://familyboard.win/tools/warranty-expiration-calculator/,en,true,YES,YES,UNKNOWN,NO_CHANGE_PENDING_SEARCH_EVIDENCE,UNKNOWN,No current GSC or URL Inspection evidence for removal; KEEP_INDEXABLE is not search-value proof.,REPO_EVIDENCE; NEEDS_EVIDENCE
https://familyboard.win/zh-tw/,zh-TW,true,YES,YES,UNKNOWN,NO_CHANGE_PENDING_SEARCH_EVIDENCE,UNKNOWN,No current GSC or URL Inspection evidence for removal; KEEP_INDEXABLE is not search-value proof.,REPO_EVIDENCE; NEEDS_EVIDENCE
https://familyboard.win/zh-tw/about/,en,true,YES,YES,UNKNOWN,NO_CHANGE_PENDING_SEARCH_EVIDENCE,UNKNOWN,No current GSC or URL Inspection evidence for removal; KEEP_INDEXABLE is not search-value proof.,REPO_EVIDENCE; NEEDS_EVIDENCE
https://familyboard.win/zh-tw/about/,zh-TW,true,YES,YES,UNKNOWN,NO_CHANGE_PENDING_SEARCH_EVIDENCE,UNKNOWN,No current GSC or URL Inspection evidence for removal; KEEP_INDEXABLE is not search-value proof.,REPO_EVIDENCE; NEEDS_EVIDENCE
https://familyboard.win/zh-tw/affiliate-disclosure/,zh-TW,true,YES,YES,UNKNOWN,NO_CHANGE_PENDING_SEARCH_EVIDENCE,UNKNOWN,No current GSC or URL Inspection evidence for removal; KEEP_INDEXABLE is not search-value proof.,REPO_EVIDENCE; NEEDS_EVIDENCE
https://familyboard.win/zh-tw/changelog/,zh-TW,true,YES,YES,UNKNOWN,NO_CHANGE_PENDING_SEARCH_EVIDENCE,UNKNOWN,No current GSC or URL Inspection evidence for removal; KEEP_INDEXABLE is not search-value proof.,REPO_EVIDENCE; NEEDS_EVIDENCE
https://familyboard.win/zh-tw/checklists/,en,true,YES,YES,UNKNOWN,NO_CHANGE_PENDING_SEARCH_EVIDENCE,UNKNOWN,No current GSC or URL Inspection evidence for removal; KEEP_INDEXABLE is not search-value proof.,REPO_EVIDENCE; NEEDS_EVIDENCE
https://familyboard.win/zh-tw/checklists/,zh-TW,true,YES,YES,UNKNOWN,NO_CHANGE_PENDING_SEARCH_EVIDENCE,UNKNOWN,No current GSC or URL Inspection evidence for removal; KEEP_INDEXABLE is not search-value proof.,REPO_EVIDENCE; NEEDS_EVIDENCE
https://familyboard.win/zh-tw/checklists/printable-emergency-binder-checklist/,en,true,YES,YES,UNKNOWN,NO_CHANGE_PENDING_SEARCH_EVIDENCE,UNKNOWN,No current GSC or URL Inspection evidence for removal; KEEP_INDEXABLE is not search-value proof.,REPO_EVIDENCE; NEEDS_EVIDENCE
https://familyboard.win/zh-tw/checklists/printable-emergency-binder-checklist/,zh-TW,true,YES,YES,UNKNOWN,NO_CHANGE_PENDING_SEARCH_EVIDENCE,UNKNOWN,No current GSC or URL Inspection evidence for removal; KEEP_INDEXABLE is not search-value proof.,REPO_EVIDENCE; NEEDS_EVIDENCE
https://familyboard.win/zh-tw/checklists/printable-home-maintenance-checklist/,en,true,YES,YES,UNKNOWN,NO_CHANGE_PENDING_SEARCH_EVIDENCE,UNKNOWN,No current GSC or URL Inspection evidence for removal; KEEP_INDEXABLE is not search-value proof.,REPO_EVIDENCE; NEEDS_EVIDENCE
https://familyboard.win/zh-tw/checklists/printable-home-maintenance-checklist/,zh-TW,true,YES,YES,UNKNOWN,NO_CHANGE_PENDING_SEARCH_EVIDENCE,UNKNOWN,No current GSC or URL Inspection evidence for removal; KEEP_INDEXABLE is not search-value proof.,REPO_EVIDENCE; NEEDS_EVIDENCE
https://familyboard.win/zh-tw/checklists/printable-house-sitter-checklist/,en,true,YES,YES,UNKNOWN,NO_CHANGE_PENDING_SEARCH_EVIDENCE,UNKNOWN,No current GSC or URL Inspection evidence for removal; KEEP_INDEXABLE is not search-value proof.,REPO_EVIDENCE; NEEDS_EVIDENCE
https://familyboard.win/zh-tw/checklists/printable-house-sitter-checklist/,zh-TW,true,YES,YES,UNKNOWN,NO_CHANGE_PENDING_SEARCH_EVIDENCE,UNKNOWN,No current GSC or URL Inspection evidence for removal; KEEP_INDEXABLE is not search-value proof.,REPO_EVIDENCE; NEEDS_EVIDENCE
https://familyboard.win/zh-tw/checklists/printable-monthly-home-checklist/,en,true,YES,YES,UNKNOWN,NO_CHANGE_PENDING_SEARCH_EVIDENCE,UNKNOWN,No current GSC or URL Inspection evidence for removal; KEEP_INDEXABLE is not search-value proof.,REPO_EVIDENCE; NEEDS_EVIDENCE
https://familyboard.win/zh-tw/checklists/printable-monthly-home-checklist/,zh-TW,true,YES,YES,UNKNOWN,NO_CHANGE_PENDING_SEARCH_EVIDENCE,UNKNOWN,No current GSC or URL Inspection evidence for removal; KEEP_INDEXABLE is not search-value proof.,REPO_EVIDENCE; NEEDS_EVIDENCE
https://familyboard.win/zh-tw/checklists/printable-moving-checklist/,en,true,YES,YES,UNKNOWN,NO_CHANGE_PENDING_SEARCH_EVIDENCE,UNKNOWN,No current GSC or URL Inspection evidence for removal; KEEP_INDEXABLE is not search-value proof.,REPO_EVIDENCE; NEEDS_EVIDENCE
https://familyboard.win/zh-tw/checklists/printable-moving-checklist/,zh-TW,true,YES,YES,UNKNOWN,NO_CHANGE_PENDING_SEARCH_EVIDENCE,UNKNOWN,No current GSC or URL Inspection evidence for removal; KEEP_INDEXABLE is not search-value proof.,REPO_EVIDENCE; NEEDS_EVIDENCE
https://familyboard.win/zh-tw/checklists/printable-pet-sitter-checklist/,en,true,YES,YES,UNKNOWN,NO_CHANGE_PENDING_SEARCH_EVIDENCE,UNKNOWN,No current GSC or URL Inspection evidence for removal; KEEP_INDEXABLE is not search-value proof.,REPO_EVIDENCE; NEEDS_EVIDENCE
https://familyboard.win/zh-tw/checklists/printable-pet-sitter-checklist/,zh-TW,true,YES,YES,UNKNOWN,NO_CHANGE_PENDING_SEARCH_EVIDENCE,UNKNOWN,No current GSC or URL Inspection evidence for removal; KEEP_INDEXABLE is not search-value proof.,REPO_EVIDENCE; NEEDS_EVIDENCE
https://familyboard.win/zh-tw/checklists/printable-seasonal-home-checklist/,en,true,YES,YES,UNKNOWN,NO_CHANGE_PENDING_SEARCH_EVIDENCE,UNKNOWN,No current GSC or URL Inspection evidence for removal; KEEP_INDEXABLE is not search-value proof.,REPO_EVIDENCE; NEEDS_EVIDENCE
https://familyboard.win/zh-tw/checklists/printable-seasonal-home-checklist/,zh-TW,true,YES,YES,UNKNOWN,NO_CHANGE_PENDING_SEARCH_EVIDENCE,UNKNOWN,No current GSC or URL Inspection evidence for removal; KEEP_INDEXABLE is not search-value proof.,REPO_EVIDENCE; NEEDS_EVIDENCE
https://familyboard.win/zh-tw/contact/,zh-TW,true,YES,YES,UNKNOWN,NO_CHANGE_PENDING_SEARCH_EVIDENCE,UNKNOWN,No current GSC or URL Inspection evidence for removal; KEEP_INDEXABLE is not search-value proof.,REPO_EVIDENCE; NEEDS_EVIDENCE
https://familyboard.win/zh-tw/disclaimer/,en,true,YES,YES,UNKNOWN,NO_CHANGE_PENDING_SEARCH_EVIDENCE,UNKNOWN,No current GSC or URL Inspection evidence for removal; KEEP_INDEXABLE is not search-value proof.,REPO_EVIDENCE; NEEDS_EVIDENCE
https://familyboard.win/zh-tw/disclaimer/,zh-TW,true,YES,YES,UNKNOWN,NO_CHANGE_PENDING_SEARCH_EVIDENCE,UNKNOWN,No current GSC or URL Inspection evidence for removal; KEEP_INDEXABLE is not search-value proof.,REPO_EVIDENCE; NEEDS_EVIDENCE
https://familyboard.win/zh-tw/editorial-policy/,en,true,YES,YES,UNKNOWN,NO_CHANGE_PENDING_SEARCH_EVIDENCE,UNKNOWN,No current GSC or URL Inspection evidence for removal; KEEP_INDEXABLE is not search-value proof.,REPO_EVIDENCE; NEEDS_EVIDENCE
https://familyboard.win/zh-tw/editorial-policy/,zh-TW,true,YES,YES,UNKNOWN,NO_CHANGE_PENDING_SEARCH_EVIDENCE,UNKNOWN,No current GSC or URL Inspection evidence for removal; KEEP_INDEXABLE is not search-value proof.,REPO_EVIDENCE; NEEDS_EVIDENCE
https://familyboard.win/zh-tw/features/,en,false,NO,NO,UNKNOWN,HOLD_REVIEW_NO_ACTION,UNKNOWN,Importer-held/non-public source state; no bulk noindex action.,REPO_EVIDENCE; NEEDS_EVIDENCE
https://familyboard.win/zh-tw/features/,zh-TW,true,YES,YES,UNKNOWN,NO_CHANGE_PENDING_SEARCH_EVIDENCE,UNKNOWN,No current GSC or URL Inspection evidence for removal; KEEP_INDEXABLE is not search-value proof.,REPO_EVIDENCE; NEEDS_EVIDENCE
https://familyboard.win/zh-tw/features/emergency-information-organizer/,zh-TW,true,YES,YES,UNKNOWN,NO_CHANGE_PENDING_SEARCH_EVIDENCE,UNKNOWN,No current GSC or URL Inspection evidence for removal; KEEP_INDEXABLE is not search-value proof.,REPO_EVIDENCE; NEEDS_EVIDENCE
https://familyboard.win/zh-tw/features/family-display-mode/,zh-TW,true,YES,YES,UNKNOWN,NO_CHANGE_PENDING_SEARCH_EVIDENCE,UNKNOWN,No current GSC or URL Inspection evidence for removal; KEEP_INDEXABLE is not search-value proof.,REPO_EVIDENCE; NEEDS_EVIDENCE
https://familyboard.win/zh-tw/features/family-task-manager/,zh-TW,true,YES,YES,UNKNOWN,NO_CHANGE_PENDING_SEARCH_EVIDENCE,UNKNOWN,No current GSC or URL Inspection evidence for removal; KEEP_INDEXABLE is not search-value proof.,REPO_EVIDENCE; NEEDS_EVIDENCE
https://familyboard.win/zh-tw/features/free-home-management-app/,zh-TW,true,YES,YES,UNKNOWN,NO_CHANGE_PENDING_SEARCH_EVIDENCE,UNKNOWN,No current GSC or URL Inspection evidence for removal; KEEP_INDEXABLE is not search-value proof.,REPO_EVIDENCE; NEEDS_EVIDENCE
https://familyboard.win/zh-tw/features/home-dashboard/,zh-TW,true,YES,YES,UNKNOWN,NO_CHANGE_PENDING_SEARCH_EVIDENCE,UNKNOWN,No current GSC or URL Inspection evidence for removal; KEEP_INDEXABLE is not search-value proof.,REPO_EVIDENCE; NEEDS_EVIDENCE
https://familyboard.win/zh-tw/features/home-inventory-tracker/,zh-TW,true,YES,YES,UNKNOWN,NO_CHANGE_PENDING_SEARCH_EVIDENCE,UNKNOWN,No current GSC or URL Inspection evidence for removal; KEEP_INDEXABLE is not search-value proof.,REPO_EVIDENCE; NEEDS_EVIDENCE
https://familyboard.win/zh-tw/features/home-record-keeper/,zh-TW,true,YES,YES,UNKNOWN,NO_CHANGE_PENDING_SEARCH_EVIDENCE,UNKNOWN,No current GSC or URL Inspection evidence for removal; KEEP_INDEXABLE is not search-value proof.,REPO_EVIDENCE; NEEDS_EVIDENCE
https://familyboard.win/zh-tw/features/household-calendar/,zh-TW,true,YES,YES,UNKNOWN,NO_CHANGE_PENDING_SEARCH_EVIDENCE,UNKNOWN,No current GSC or URL Inspection evidence for removal; KEEP_INDEXABLE is not search-value proof.,REPO_EVIDENCE; NEEDS_EVIDENCE
https://familyboard.win/zh-tw/features/household-documents-organizer/,zh-TW,true,YES,YES,UNKNOWN,NO_CHANGE_PENDING_SEARCH_EVIDENCE,UNKNOWN,No current GSC or URL Inspection evidence for removal; KEEP_INDEXABLE is not search-value proof.,REPO_EVIDENCE; NEEDS_EVIDENCE
https://familyboard.win/zh-tw/features/household-handoff/,zh-TW,true,YES,YES,UNKNOWN,NO_CHANGE_PENDING_SEARCH_EVIDENCE,UNKNOWN,No current GSC or URL Inspection evidence for removal; KEEP_INDEXABLE is not search-value proof.,REPO_EVIDENCE; NEEDS_EVIDENCE
https://familyboard.win/zh-tw/features/household-operations-system/,zh-TW,true,YES,YES,UNKNOWN,NO_CHANGE_PENDING_SEARCH_EVIDENCE,UNKNOWN,No current GSC or URL Inspection evidence for removal; KEEP_INDEXABLE is not search-value proof.,REPO_EVIDENCE; NEEDS_EVIDENCE
https://familyboard.win/zh-tw/features/household-subscription-tracker/,zh-TW,true,YES,YES,UNKNOWN,NO_CHANGE_PENDING_SEARCH_EVIDENCE,UNKNOWN,No current GSC or URL Inspection evidence for removal; KEEP_INDEXABLE is not search-value proof.,REPO_EVIDENCE; NEEDS_EVIDENCE
https://familyboard.win/zh-tw/features/local-first-home-organizer/,zh-TW,true,YES,YES,UNKNOWN,NO_CHANGE_PENDING_SEARCH_EVIDENCE,UNKNOWN,No current GSC or URL Inspection evidence for removal; KEEP_INDEXABLE is not search-value proof.,REPO_EVIDENCE; NEEDS_EVIDENCE
https://familyboard.win/zh-tw/features/maintenance-tracker/,zh-TW,true,YES,YES,UNKNOWN,NO_CHANGE_PENDING_SEARCH_EVIDENCE,UNKNOWN,No current GSC or URL Inspection evidence for removal; KEEP_INDEXABLE is not search-value proof.,REPO_EVIDENCE; NEEDS_EVIDENCE
https://familyboard.win/zh-tw/features/no-account-family-organizer/,zh-TW,true,YES,YES,UNKNOWN,NO_CHANGE_PENDING_SEARCH_EVIDENCE,UNKNOWN,No current GSC or URL Inspection evidence for removal; KEEP_INDEXABLE is not search-value proof.,REPO_EVIDENCE; NEEDS_EVIDENCE
https://familyboard.win/zh-tw/features/offline-household-organizer/,zh-TW,true,YES,YES,UNKNOWN,NO_CHANGE_PENDING_SEARCH_EVIDENCE,UNKNOWN,No current GSC or URL Inspection evidence for removal; KEEP_INDEXABLE is not search-value proof.,REPO_EVIDENCE; NEEDS_EVIDENCE
https://familyboard.win/zh-tw/features/private-family-organizer/,zh-TW,true,YES,YES,UNKNOWN,NO_CHANGE_PENDING_SEARCH_EVIDENCE,UNKNOWN,No current GSC or URL Inspection evidence for removal; KEEP_INDEXABLE is not search-value proof.,REPO_EVIDENCE; NEEDS_EVIDENCE
https://familyboard.win/zh-tw/features/warranty-tracker/,zh-TW,true,YES,YES,UNKNOWN,NO_CHANGE_PENDING_SEARCH_EVIDENCE,UNKNOWN,No current GSC or URL Inspection evidence for removal; KEEP_INDEXABLE is not search-value proof.,REPO_EVIDENCE; NEEDS_EVIDENCE
https://familyboard.win/zh-tw/guides/,en,true,YES,YES,UNKNOWN,NO_CHANGE_PENDING_SEARCH_EVIDENCE,UNKNOWN,No current GSC or URL Inspection evidence for removal; KEEP_INDEXABLE is not search-value proof.,REPO_EVIDENCE; NEEDS_EVIDENCE
https://familyboard.win/zh-tw/guides/,zh-TW,true,YES,YES,UNKNOWN,NO_CHANGE_PENDING_SEARCH_EVIDENCE,UNKNOWN,No current GSC or URL Inspection evidence for removal; KEEP_INDEXABLE is not search-value proof.,REPO_EVIDENCE; NEEDS_EVIDENCE
https://familyboard.win/zh-tw/guides/air-conditioner-maintenance-checklist/,zh-TW,true,YES,YES,UNKNOWN,NO_CHANGE_PENDING_SEARCH_EVIDENCE,UNKNOWN,No current GSC or URL Inspection evidence for removal; KEEP_INDEXABLE is not search-value proof.,REPO_EVIDENCE; NEEDS_EVIDENCE
https://familyboard.win/zh-tw/guides/air-purifier-filter-log/,zh-TW,true,YES,YES,UNKNOWN,NO_CHANGE_PENDING_SEARCH_EVIDENCE,UNKNOWN,No current GSC or URL Inspection evidence for removal; KEEP_INDEXABLE is not search-value proof.,REPO_EVIDENCE; NEEDS_EVIDENCE
https://familyboard.win/zh-tw/guides/air-purifier-maintenance-guide/,zh-TW,true,YES,YES,UNKNOWN,NO_CHANGE_PENDING_SEARCH_EVIDENCE,UNKNOWN,No current GSC or URL Inspection evidence for removal; KEEP_INDEXABLE is not search-value proof.,REPO_EVIDENCE; NEEDS_EVIDENCE
https://familyboard.win/zh-tw/guides/annual-home-review/,zh-TW,true,YES,YES,UNKNOWN,NO_CHANGE_PENDING_SEARCH_EVIDENCE,UNKNOWN,No current GSC or URL Inspection evidence for removal; KEEP_INDEXABLE is not search-value proof.,REPO_EVIDENCE; NEEDS_EVIDENCE
https://familyboard.win/zh-tw/guides/annual-renewal-calendar/,zh-TW,true,YES,YES,UNKNOWN,NO_CHANGE_PENDING_SEARCH_EVIDENCE,UNKNOWN,No current GSC or URL Inspection evidence for removal; KEEP_INDEXABLE is not search-value proof.,REPO_EVIDENCE; NEEDS_EVIDENCE
https://familyboard.win/zh-tw/guides/apartment-maintenance-checklist/,zh-TW,true,YES,YES,UNKNOWN,NO_CHANGE_PENDING_SEARCH_EVIDENCE,UNKNOWN,No current GSC or URL Inspection evidence for removal; KEEP_INDEXABLE is not search-value proof.,REPO_EVIDENCE; NEEDS_EVIDENCE
https://familyboard.win/zh-tw/guides/appliance-inventory/,zh-TW,true,YES,YES,UNKNOWN,NO_CHANGE_PENDING_SEARCH_EVIDENCE,UNKNOWN,No current GSC or URL Inspection evidence for removal; KEEP_INDEXABLE is not search-value proof.,REPO_EVIDENCE; NEEDS_EVIDENCE
https://familyboard.win/zh-tw/guides/appliance-lifespan-planning/,zh-TW,true,YES,YES,UNKNOWN,NO_CHANGE_PENDING_SEARCH_EVIDENCE,UNKNOWN,No current GSC or URL Inspection evidence for removal; KEEP_INDEXABLE is not search-value proof.,REPO_EVIDENCE; NEEDS_EVIDENCE
https://familyboard.win/zh-tw/guides/appliance-replacement-planning/,zh-TW,true,YES,YES,UNKNOWN,NO_CHANGE_PENDING_SEARCH_EVIDENCE,UNKNOWN,No current GSC or URL Inspection evidence for removal; KEEP_INDEXABLE is not search-value proof.,REPO_EVIDENCE; NEEDS_EVIDENCE
https://familyboard.win/zh-tw/guides/automatic-renewal-charge-dispute-taiwan/,zh-TW,true,YES,YES,UNKNOWN,NO_CHANGE_PENDING_SEARCH_EVIDENCE,UNKNOWN,No current GSC or URL Inspection evidence for removal; KEEP_INDEXABLE is not search-value proof.,REPO_EVIDENCE; NEEDS_EVIDENCE
https://familyboard.win/zh-tw/guides/bathroom-exhaust-fan-maintenance-checklist/,zh-TW,true,YES,YES,UNKNOWN,NO_CHANGE_PENDING_SEARCH_EVIDENCE,UNKNOWN,No current GSC or URL Inspection evidence for removal; KEEP_INDEXABLE is not search-value proof.,REPO_EVIDENCE; NEEDS_EVIDENCE
https://familyboard.win/zh-tw/guides/carbon-monoxide-alarm-records/,zh-TW,true,YES,YES,UNKNOWN,NO_CHANGE_PENDING_SEARCH_EVIDENCE,UNKNOWN,No current GSC or URL Inspection evidence for removal; KEEP_INDEXABLE is not search-value proof.,REPO_EVIDENCE; NEEDS_EVIDENCE
https://familyboard.win/zh-tw/guides/caregiver-handoff-checklist/,zh-TW,true,YES,YES,UNKNOWN,NO_CHANGE_PENDING_SEARCH_EVIDENCE,UNKNOWN,No current GSC or URL Inspection evidence for removal; KEEP_INDEXABLE is not search-value proof.,REPO_EVIDENCE; NEEDS_EVIDENCE
https://familyboard.win/zh-tw/guides/ceiling-fan-maintenance-checklist/,zh-TW,true,YES,YES,UNKNOWN,NO_CHANGE_PENDING_SEARCH_EVIDENCE,UNKNOWN,No current GSC or URL Inspection evidence for removal; KEEP_INDEXABLE is not search-value proof.,REPO_EVIDENCE; NEEDS_EVIDENCE
https://familyboard.win/zh-tw/guides/chore-chart-for-adults/,zh-TW,true,YES,YES,UNKNOWN,NO_CHANGE_PENDING_SEARCH_EVIDENCE,UNKNOWN,No current GSC or URL Inspection evidence for removal; KEEP_INDEXABLE is not search-value proof.,REPO_EVIDENCE; NEEDS_EVIDENCE
https://familyboard.win/zh-tw/guides/cleaning-schedule/,zh-TW,true,YES,YES,UNKNOWN,NO_CHANGE_PENDING_SEARCH_EVIDENCE,UNKNOWN,No current GSC or URL Inspection evidence for removal; KEEP_INDEXABLE is not search-value proof.,REPO_EVIDENCE; NEEDS_EVIDENCE
https://familyboard.win/zh-tw/guides/coffee-maker-maintenance-guide/,zh-TW,true,YES,YES,UNKNOWN,NO_CHANGE_PENDING_SEARCH_EVIDENCE,UNKNOWN,No current GSC or URL Inspection evidence for removal; KEEP_INDEXABLE is not search-value proof.,REPO_EVIDENCE; NEEDS_EVIDENCE
https://familyboard.win/zh-tw/guides/computer-electronics-inventory/,zh-TW,true,YES,YES,UNKNOWN,NO_CHANGE_PENDING_SEARCH_EVIDENCE,UNKNOWN,No current GSC or URL Inspection evidence for removal; KEEP_INDEXABLE is not search-value proof.,REPO_EVIDENCE; NEEDS_EVIDENCE
https://familyboard.win/zh-tw/guides/condo-maintenance-checklist/,zh-TW,true,YES,YES,UNKNOWN,NO_CHANGE_PENDING_SEARCH_EVIDENCE,UNKNOWN,No current GSC or URL Inspection evidence for removal; KEEP_INDEXABLE is not search-value proof.,REPO_EVIDENCE; NEEDS_EVIDENCE
https://familyboard.win/zh-tw/guides/contractor-records/,zh-TW,true,YES,YES,UNKNOWN,NO_CHANGE_PENDING_SEARCH_EVIDENCE,UNKNOWN,No current GSC or URL Inspection evidence for removal; KEEP_INDEXABLE is not search-value proof.,REPO_EVIDENCE; NEEDS_EVIDENCE
https://familyboard.win/zh-tw/guides/deep-cleaning-tracker/,zh-TW,true,YES,YES,UNKNOWN,NO_CHANGE_PENDING_SEARCH_EVIDENCE,UNKNOWN,No current GSC or URL Inspection evidence for removal; KEEP_INDEXABLE is not search-value proof.,REPO_EVIDENCE; NEEDS_EVIDENCE
https://familyboard.win/zh-tw/guides/dehumidifier-maintenance-guide/,zh-TW,true,YES,YES,UNKNOWN,NO_CHANGE_PENDING_SEARCH_EVIDENCE,UNKNOWN,No current GSC or URL Inspection evidence for removal; KEEP_INDEXABLE is not search-value proof.,REPO_EVIDENCE; NEEDS_EVIDENCE
https://familyboard.win/zh-tw/guides/dehumidifier-maintenance-records/,zh-TW,true,YES,YES,UNKNOWN,NO_CHANGE_PENDING_SEARCH_EVIDENCE,UNKNOWN,No current GSC or URL Inspection evidence for removal; KEEP_INDEXABLE is not search-value proof.,REPO_EVIDENCE; NEEDS_EVIDENCE
https://familyboard.win/zh-tw/guides/digital-home-binder/,zh-TW,true,YES,YES,UNKNOWN,NO_CHANGE_PENDING_SEARCH_EVIDENCE,UNKNOWN,No current GSC or URL Inspection evidence for removal; KEEP_INDEXABLE is not search-value proof.,REPO_EVIDENCE; NEEDS_EVIDENCE
https://familyboard.win/zh-tw/guides/digital-home-inventory-backup/,zh-TW,true,YES,YES,UNKNOWN,NO_CHANGE_PENDING_SEARCH_EVIDENCE,UNKNOWN,No current GSC or URL Inspection evidence for removal; KEEP_INDEXABLE is not search-value proof.,REPO_EVIDENCE; NEEDS_EVIDENCE
https://familyboard.win/zh-tw/guides/dishwasher-maintenance-checklist/,zh-TW,true,YES,YES,UNKNOWN,NO_CHANGE_PENDING_SEARCH_EVIDENCE,UNKNOWN,No current GSC or URL Inspection evidence for removal; KEEP_INDEXABLE is not search-value proof.,REPO_EVIDENCE; NEEDS_EVIDENCE
https://familyboard.win/zh-tw/guides/divide-household-responsibilities/,zh-TW,true,YES,YES,UNKNOWN,NO_CHANGE_PENDING_SEARCH_EVIDENCE,UNKNOWN,No current GSC or URL Inspection evidence for removal; KEEP_INDEXABLE is not search-value proof.,REPO_EVIDENCE; NEEDS_EVIDENCE
https://familyboard.win/zh-tw/guides/dryer-maintenance-checklist/,zh-TW,true,YES,YES,UNKNOWN,NO_CHANGE_PENDING_SEARCH_EVIDENCE,UNKNOWN,No current GSC or URL Inspection evidence for removal; KEEP_INDEXABLE is not search-value proof.,REPO_EVIDENCE; NEEDS_EVIDENCE
https://familyboard.win/zh-tw/guides/electronics-inventory/,zh-TW,true,YES,YES,UNKNOWN,NO_CHANGE_PENDING_SEARCH_EVIDENCE,UNKNOWN,No current GSC or URL Inspection evidence for removal; KEEP_INDEXABLE is not search-value proof.,REPO_EVIDENCE; NEEDS_EVIDENCE
https://familyboard.win/zh-tw/guides/emergency-binder/,zh-TW,true,YES,YES,UNKNOWN,NO_CHANGE_PENDING_SEARCH_EVIDENCE,UNKNOWN,No current GSC or URL Inspection evidence for removal; KEEP_INDEXABLE is not search-value proof.,REPO_EVIDENCE; NEEDS_EVIDENCE
https://familyboard.win/zh-tw/guides/emergency-information-sheet/,zh-TW,true,YES,YES,UNKNOWN,NO_CHANGE_PENDING_SEARCH_EVIDENCE,UNKNOWN,No current GSC or URL Inspection evidence for removal; KEEP_INDEXABLE is not search-value proof.,REPO_EVIDENCE; NEEDS_EVIDENCE
https://familyboard.win/zh-tw/guides/emergency-supply-inventory/,zh-TW,true,YES,YES,UNKNOWN,NO_CHANGE_PENDING_SEARCH_EVIDENCE,UNKNOWN,No current GSC or URL Inspection evidence for removal; KEEP_INDEXABLE is not search-value proof.,REPO_EVIDENCE; NEEDS_EVIDENCE
https://familyboard.win/zh-tw/guides/fall-home-maintenance-checklist/,zh-TW,true,YES,YES,UNKNOWN,NO_CHANGE_PENDING_SEARCH_EVIDENCE,UNKNOWN,No current GSC or URL Inspection evidence for removal; KEEP_INDEXABLE is not search-value proof.,REPO_EVIDENCE; NEEDS_EVIDENCE
https://familyboard.win/zh-tw/guides/family-chore-system/,zh-TW,true,YES,YES,UNKNOWN,NO_CHANGE_PENDING_SEARCH_EVIDENCE,UNKNOWN,No current GSC or URL Inspection evidence for removal; KEEP_INDEXABLE is not search-value proof.,REPO_EVIDENCE; NEEDS_EVIDENCE
https://familyboard.win/zh-tw/guides/family-continuity-plan/,zh-TW,true,YES,YES,UNKNOWN,NO_CHANGE_PENDING_SEARCH_EVIDENCE,UNKNOWN,No current GSC or URL Inspection evidence for removal; KEEP_INDEXABLE is not search-value proof.,REPO_EVIDENCE; NEEDS_EVIDENCE
https://familyboard.win/zh-tw/guides/family-emergency-contacts/,zh-TW,true,YES,YES,UNKNOWN,NO_CHANGE_PENDING_SEARCH_EVIDENCE,UNKNOWN,No current GSC or URL Inspection evidence for removal; KEEP_INDEXABLE is not search-value proof.,REPO_EVIDENCE; NEEDS_EVIDENCE
https://familyboard.win/zh-tw/guides/familyboard-accessibility-walkthrough-tutorial/,zh-TW,true,YES,YES,UNKNOWN,NO_CHANGE_PENDING_SEARCH_EVIDENCE,UNKNOWN,No current GSC or URL Inspection evidence for removal; KEEP_INDEXABLE is not search-value proof.,REPO_EVIDENCE; NEEDS_EVIDENCE
https://familyboard.win/zh-tw/guides/familyboard-annual-subscription-cost-calculator-tutorial/,zh-TW,true,YES,YES,UNKNOWN,NO_CHANGE_PENDING_SEARCH_EVIDENCE,UNKNOWN,No current GSC or URL Inspection evidence for removal; KEEP_INDEXABLE is not search-value proof.,REPO_EVIDENCE; NEEDS_EVIDENCE
https://familyboard.win/zh-tw/guides/familyboard-app-first-run-restore-tutorial/,zh-TW,true,YES,YES,UNKNOWN,NO_CHANGE_PENDING_SEARCH_EVIDENCE,UNKNOWN,No current GSC or URL Inspection evidence for removal; KEEP_INDEXABLE is not search-value proof.,REPO_EVIDENCE; NEEDS_EVIDENCE
https://familyboard.win/zh-tw/guides/familyboard-appliance-age-calculator-tutorial/,zh-TW,true,YES,YES,UNKNOWN,NO_CHANGE_PENDING_SEARCH_EVIDENCE,UNKNOWN,No current GSC or URL Inspection evidence for removal; KEEP_INDEXABLE is not search-value proof.,REPO_EVIDENCE; NEEDS_EVIDENCE
https://familyboard.win/zh-tw/guides/familyboard-appliance-maintenance-checklist-generator-tutorial/,zh-TW,true,YES,YES,UNKNOWN,NO_CHANGE_PENDING_SEARCH_EVIDENCE,UNKNOWN,No current GSC or URL Inspection evidence for removal; KEEP_INDEXABLE is not search-value proof.,REPO_EVIDENCE; NEEDS_EVIDENCE
https://familyboard.win/zh-tw/guides/familyboard-appliance-manual-source-check-tutorial/,zh-TW,true,YES,YES,UNKNOWN,NO_CHANGE_PENDING_SEARCH_EVIDENCE,UNKNOWN,No current GSC or URL Inspection evidence for removal; KEEP_INDEXABLE is not search-value proof.,REPO_EVIDENCE; NEEDS_EVIDENCE
https://familyboard.win/zh-tw/guides/familyboard-appliance-manual-source-tutorial/,zh-TW,true,YES,YES,UNKNOWN,NO_CHANGE_PENDING_SEARCH_EVIDENCE,UNKNOWN,No current GSC or URL Inspection evidence for removal; KEEP_INDEXABLE is not search-value proof.,REPO_EVIDENCE; NEEDS_EVIDENCE
https://familyboard.win/zh-tw/guides/familyboard-appliance-purchase-installation-tutorial/,zh-TW,true,YES,YES,UNKNOWN,NO_CHANGE_PENDING_SEARCH_EVIDENCE,UNKNOWN,No current GSC or URL Inspection evidence for removal; KEEP_INDEXABLE is not search-value proof.,REPO_EVIDENCE; NEEDS_EVIDENCE
https://familyboard.win/zh-tw/guides/familyboard-appliance-repair-callback-tutorial/,zh-TW,true,YES,YES,UNKNOWN,NO_CHANGE_PENDING_SEARCH_EVIDENCE,UNKNOWN,No current GSC or URL Inspection evidence for removal; KEEP_INDEXABLE is not search-value proof.,REPO_EVIDENCE; NEEDS_EVIDENCE
https://familyboard.win/zh-tw/guides/familyboard-appliance-replacement-planner-tutorial/,zh-TW,true,YES,YES,UNKNOWN,NO_CHANGE_PENDING_SEARCH_EVIDENCE,UNKNOWN,No current GSC or URL Inspection evidence for removal; KEEP_INDEXABLE is not search-value proof.,REPO_EVIDENCE; NEEDS_EVIDENCE
https://familyboard.win/zh-tw/guides/familyboard-appliance-service-visit-tutorial/,zh-TW,true,YES,YES,UNKNOWN,NO_CHANGE_PENDING_SEARCH_EVIDENCE,UNKNOWN,No current GSC or URL Inspection evidence for removal; KEEP_INDEXABLE is not search-value proof.,REPO_EVIDENCE; NEEDS_EVIDENCE
https://familyboard.win/zh-tw/guides/familyboard-attachment-expiry-review-tutorial/,zh-TW,true,YES,YES,UNKNOWN,NO_CHANGE_PENDING_SEARCH_EVIDENCE,UNKNOWN,No current GSC or URL Inspection evidence for removal; KEEP_INDEXABLE is not search-value proof.,REPO_EVIDENCE; NEEDS_EVIDENCE
https://familyboard.win/zh-tw/guides/familyboard-attachment-metadata-tutorial/,zh-TW,true,YES,YES,UNKNOWN,NO_CHANGE_PENDING_SEARCH_EVIDENCE,UNKNOWN,No current GSC or URL Inspection evidence for removal; KEEP_INDEXABLE is not search-value proof.,REPO_EVIDENCE; NEEDS_EVIDENCE
https://familyboard.win/zh-tw/guides/familyboard-backup-recovery-checker-tutorial/,zh-TW,true,YES,YES,UNKNOWN,NO_CHANGE_PENDING_SEARCH_EVIDENCE,UNKNOWN,No current GSC or URL Inspection evidence for removal; KEEP_INDEXABLE is not search-value proof.,REPO_EVIDENCE; NEEDS_EVIDENCE
https://familyboard.win/zh-tw/guides/familyboard-backup-restore-rehearsal-tutorial/,zh-TW,true,YES,YES,UNKNOWN,NO_CHANGE_PENDING_SEARCH_EVIDENCE,UNKNOWN,No current GSC or URL Inspection evidence for removal; KEEP_INDEXABLE is not search-value proof.,REPO_EVIDENCE; NEEDS_EVIDENCE
https://familyboard.win/zh-tw/guides/familyboard-bill-review-tutorial/,zh-TW,true,YES,YES,UNKNOWN,NO_CHANGE_PENDING_SEARCH_EVIDENCE,UNKNOWN,No current GSC or URL Inspection evidence for removal; KEEP_INDEXABLE is not search-value proof.,REPO_EVIDENCE; NEEDS_EVIDENCE
https://familyboard.win/zh-tw/guides/familyboard-browser-storage-cleanup-tutorial/,en,false,NO,NO,UNKNOWN,HOLD_REVIEW_NO_ACTION,UNKNOWN,Importer-held/non-public source state; no bulk noindex action.,REPO_EVIDENCE; NEEDS_EVIDENCE
https://familyboard.win/zh-tw/guides/familyboard-browser-storage-cleanup-tutorial/,zh-TW,true,YES,YES,UNKNOWN,NO_CHANGE_PENDING_SEARCH_EVIDENCE,UNKNOWN,No current GSC or URL Inspection evidence for removal; KEEP_INDEXABLE is not search-value proof.,REPO_EVIDENCE; NEEDS_EVIDENCE
https://familyboard.win/zh-tw/guides/familyboard-browser-storage-maintenance/,en,false,NO,NO,UNKNOWN,HOLD_REVIEW_NO_ACTION,UNKNOWN,Importer-held/non-public source state; no bulk noindex action.,REPO_EVIDENCE; NEEDS_EVIDENCE
https://familyboard.win/zh-tw/guides/familyboard-browser-storage-maintenance/,zh-TW,true,YES,YES,UNKNOWN,NO_CHANGE_PENDING_SEARCH_EVIDENCE,UNKNOWN,No current GSC or URL Inspection evidence for removal; KEEP_INDEXABLE is not search-value proof.,REPO_EVIDENCE; NEEDS_EVIDENCE
https://familyboard.win/zh-tw/guides/familyboard-building-notice-response-tutorial/,zh-TW,true,YES,YES,UNKNOWN,NO_CHANGE_PENDING_SEARCH_EVIDENCE,UNKNOWN,No current GSC or URL Inspection evidence for removal; KEEP_INDEXABLE is not search-value proof.,REPO_EVIDENCE; NEEDS_EVIDENCE
https://familyboard.win/zh-tw/guides/familyboard-calendar-timezone-tutorial/,zh-TW,true,YES,YES,UNKNOWN,NO_CHANGE_PENDING_SEARCH_EVIDENCE,UNKNOWN,No current GSC or URL Inspection evidence for removal; KEEP_INDEXABLE is not search-value proof.,REPO_EVIDENCE; NEEDS_EVIDENCE
https://familyboard.win/zh-tw/guides/familyboard-calendar-tutorial/,zh-TW,true,YES,YES,UNKNOWN,NO_CHANGE_PENDING_SEARCH_EVIDENCE,UNKNOWN,No current GSC or URL Inspection evidence for removal; KEEP_INDEXABLE is not search-value proof.,REPO_EVIDENCE; NEEDS_EVIDENCE
https://familyboard.win/zh-tw/guides/familyboard-caregiver-handoff-source-authorization-tutorial/,zh-TW,true,YES,YES,UNKNOWN,NO_CHANGE_PENDING_SEARCH_EVIDENCE,UNKNOWN,No current GSC or URL Inspection evidence for removal; KEEP_INDEXABLE is not search-value proof.,REPO_EVIDENCE; NEEDS_EVIDENCE
https://familyboard.win/zh-tw/guides/familyboard-cleaning-schedule-generator-tutorial/,zh-TW,true,YES,YES,UNKNOWN,NO_CHANGE_PENDING_SEARCH_EVIDENCE,UNKNOWN,No current GSC or URL Inspection evidence for removal; KEEP_INDEXABLE is not search-value proof.,REPO_EVIDENCE; NEEDS_EVIDENCE
https://familyboard.win/zh-tw/guides/familyboard-clothing-care-repair-log-tutorial/,zh-TW,true,YES,YES,UNKNOWN,NO_CHANGE_PENDING_SEARCH_EVIDENCE,UNKNOWN,No current GSC or URL Inspection evidence for removal; KEEP_INDEXABLE is not search-value proof.,REPO_EVIDENCE; NEEDS_EVIDENCE
https://familyboard.win/zh-tw/guides/familyboard-clothing-care-tutorial/,zh-TW,true,YES,YES,UNKNOWN,NO_CHANGE_PENDING_SEARCH_EVIDENCE,UNKNOWN,No current GSC or URL Inspection evidence for removal; KEEP_INDEXABLE is not search-value proof.,REPO_EVIDENCE; NEEDS_EVIDENCE
https://familyboard.win/zh-tw/guides/familyboard-consumable-change-history-tutorial/,zh-TW,true,YES,YES,UNKNOWN,NO_CHANGE_PENDING_SEARCH_EVIDENCE,UNKNOWN,No current GSC or URL Inspection evidence for removal; KEEP_INDEXABLE is not search-value proof.,REPO_EVIDENCE; NEEDS_EVIDENCE
https://familyboard.win/zh-tw/guides/familyboard-contact-sensitivity-tutorial/,zh-TW,true,YES,YES,UNKNOWN,NO_CHANGE_PENDING_SEARCH_EVIDENCE,UNKNOWN,No current GSC or URL Inspection evidence for removal; KEEP_INDEXABLE is not search-value proof.,REPO_EVIDENCE; NEEDS_EVIDENCE
https://familyboard.win/zh-tw/guides/familyboard-data-export-redaction-tutorial/,zh-TW,true,YES,YES,UNKNOWN,NO_CHANGE_PENDING_SEARCH_EVIDENCE,UNKNOWN,No current GSC or URL Inspection evidence for removal; KEEP_INDEXABLE is not search-value proof.,REPO_EVIDENCE; NEEDS_EVIDENCE
https://familyboard.win/zh-tw/guides/familyboard-date-offset-planner-tutorial/,en,false,NO,NO,UNKNOWN,HOLD_REVIEW_NO_ACTION,UNKNOWN,Importer-held/non-public source state; no bulk noindex action.,REPO_EVIDENCE; NEEDS_EVIDENCE
https://familyboard.win/zh-tw/guides/familyboard-date-offset-planner-tutorial/,zh-TW,true,YES,YES,UNKNOWN,NO_CHANGE_PENDING_SEARCH_EVIDENCE,UNKNOWN,No current GSC or URL Inspection evidence for removal; KEEP_INDEXABLE is not search-value proof.,REPO_EVIDENCE; NEEDS_EVIDENCE
https://familyboard.win/zh-tw/guides/familyboard-device-retirement-tutorial/,en,false,NO,NO,UNKNOWN,HOLD_REVIEW_NO_ACTION,UNKNOWN,Importer-held/non-public source state; no bulk noindex action.,REPO_EVIDENCE; NEEDS_EVIDENCE
https://familyboard.win/zh-tw/guides/familyboard-device-retirement-tutorial/,zh-TW,true,YES,YES,UNKNOWN,NO_CHANGE_PENDING_SEARCH_EVIDENCE,UNKNOWN,No current GSC or URL Inspection evidence for removal; KEEP_INDEXABLE is not search-value proof.,REPO_EVIDENCE; NEEDS_EVIDENCE
https://familyboard.win/zh-tw/guides/familyboard-document-renewal-tutorial/,zh-TW,true,YES,YES,UNKNOWN,NO_CHANGE_PENDING_SEARCH_EVIDENCE,UNKNOWN,No current GSC or URL Inspection evidence for removal; KEEP_INDEXABLE is not search-value proof.,REPO_EVIDENCE; NEEDS_EVIDENCE
https://familyboard.win/zh-tw/guides/familyboard-document-source-handoff-tutorial/,zh-TW,true,YES,YES,UNKNOWN,NO_CHANGE_PENDING_SEARCH_EVIDENCE,UNKNOWN,No current GSC or URL Inspection evidence for removal; KEEP_INDEXABLE is not search-value proof.,REPO_EVIDENCE; NEEDS_EVIDENCE
https://familyboard.win/zh-tw/guides/familyboard-documents-source-review-tutorial/,zh-TW,true,YES,YES,UNKNOWN,NO_CHANGE_PENDING_SEARCH_EVIDENCE,UNKNOWN,No current GSC or URL Inspection evidence for removal; KEEP_INDEXABLE is not search-value proof.,REPO_EVIDENCE; NEEDS_EVIDENCE
https://familyboard.win/zh-tw/guides/familyboard-donation-handoff-tutorial/,zh-TW,true,YES,YES,UNKNOWN,NO_CHANGE_PENDING_SEARCH_EVIDENCE,UNKNOWN,No current GSC or URL Inspection evidence for removal; KEEP_INDEXABLE is not search-value proof.,REPO_EVIDENCE; NEEDS_EVIDENCE
https://familyboard.win/zh-tw/guides/familyboard-emergency-binder-generator-tutorial/,zh-TW,true,YES,YES,UNKNOWN,NO_CHANGE_PENDING_SEARCH_EVIDENCE,UNKNOWN,No current GSC or URL Inspection evidence for removal; KEEP_INDEXABLE is not search-value proof.,REPO_EVIDENCE; NEEDS_EVIDENCE
https://familyboard.win/zh-tw/guides/familyboard-emergency-contact-sheet-generator-tutorial/,zh-TW,true,YES,YES,UNKNOWN,NO_CHANGE_PENDING_SEARCH_EVIDENCE,UNKNOWN,No current GSC or URL Inspection evidence for removal; KEEP_INDEXABLE is not search-value proof.,REPO_EVIDENCE; NEEDS_EVIDENCE
https://familyboard.win/zh-tw/guides/familyboard-emergency-contact-verification-tutorial/,zh-TW,true,YES,YES,UNKNOWN,NO_CHANGE_PENDING_SEARCH_EVIDENCE,UNKNOWN,No current GSC or URL Inspection evidence for removal; KEEP_INDEXABLE is not search-value proof.,REPO_EVIDENCE; NEEDS_EVIDENCE
https://familyboard.win/zh-tw/guides/familyboard-emergency-drill-tutorial/,zh-TW,true,YES,YES,UNKNOWN,NO_CHANGE_PENDING_SEARCH_EVIDENCE,UNKNOWN,No current GSC or URL Inspection evidence for removal; KEEP_INDEXABLE is not search-value proof.,REPO_EVIDENCE; NEEDS_EVIDENCE
https://familyboard.win/zh-tw/guides/familyboard-emergency-information-privacy-tutorial/,zh-TW,true,YES,YES,UNKNOWN,NO_CHANGE_PENDING_SEARCH_EVIDENCE,UNKNOWN,No current GSC or URL Inspection evidence for removal; KEEP_INDEXABLE is not search-value proof.,REPO_EVIDENCE; NEEDS_EVIDENCE
https://familyboard.win/zh-tw/guides/familyboard-emergency-supply-inventory-audit-tutorial/,zh-TW,true,YES,YES,UNKNOWN,NO_CHANGE_PENDING_SEARCH_EVIDENCE,UNKNOWN,No current GSC or URL Inspection evidence for removal; KEEP_INDEXABLE is not search-value proof.,REPO_EVIDENCE; NEEDS_EVIDENCE
https://familyboard.win/zh-tw/guides/familyboard-encrypted-backup-password-tutorial/,zh-TW,true,YES,YES,UNKNOWN,NO_CHANGE_PENDING_SEARCH_EVIDENCE,UNKNOWN,No current GSC or URL Inspection evidence for removal; KEEP_INDEXABLE is not search-value proof.,REPO_EVIDENCE; NEEDS_EVIDENCE
https://familyboard.win/zh-tw/guides/familyboard-event-duration-calculator-tutorial/,zh-TW,true,YES,YES,UNKNOWN,NO_CHANGE_PENDING_SEARCH_EVIDENCE,UNKNOWN,No current GSC or URL Inspection evidence for removal; KEEP_INDEXABLE is not search-value proof.,REPO_EVIDENCE; NEEDS_EVIDENCE
https://familyboard.win/zh-tw/guides/familyboard-event-source-index-tutorial/,zh-TW,true,YES,YES,UNKNOWN,NO_CHANGE_PENDING_SEARCH_EVIDENCE,UNKNOWN,No current GSC or URL Inspection evidence for removal; KEEP_INDEXABLE is not search-value proof.,REPO_EVIDENCE; NEEDS_EVIDENCE
https://familyboard.win/zh-tw/guides/familyboard-family-display-mode-setup/,en,false,NO,NO,UNKNOWN,HOLD_REVIEW_NO_ACTION,UNKNOWN,Importer-held/non-public source state; no bulk noindex action.,REPO_EVIDENCE; NEEDS_EVIDENCE
https://familyboard.win/zh-tw/guides/familyboard-family-display-mode-setup/,zh-TW,true,YES,YES,UNKNOWN,NO_CHANGE_PENDING_SEARCH_EVIDENCE,UNKNOWN,No current GSC or URL Inspection evidence for removal; KEEP_INDEXABLE is not search-value proof.,REPO_EVIDENCE; NEEDS_EVIDENCE
https://familyboard.win/zh-tw/guides/familyboard-free-home-management-app-tutorial/,zh-TW,true,YES,YES,UNKNOWN,NO_CHANGE_PENDING_SEARCH_EVIDENCE,UNKNOWN,No current GSC or URL Inspection evidence for removal; KEEP_INDEXABLE is not search-value proof.,REPO_EVIDENCE; NEEDS_EVIDENCE
https://familyboard.win/zh-tw/guides/familyboard-guest-arrival-prep-tutorial/,zh-TW,true,YES,YES,UNKNOWN,NO_CHANGE_PENDING_SEARCH_EVIDENCE,UNKNOWN,No current GSC or URL Inspection evidence for removal; KEEP_INDEXABLE is not search-value proof.,REPO_EVIDENCE; NEEDS_EVIDENCE
https://familyboard.win/zh-tw/guides/familyboard-guest-service-visit-reset-tutorial/,zh-TW,true,YES,YES,UNKNOWN,NO_CHANGE_PENDING_SEARCH_EVIDENCE,UNKNOWN,No current GSC or URL Inspection evidence for removal; KEEP_INDEXABLE is not search-value proof.,REPO_EVIDENCE; NEEDS_EVIDENCE
https://familyboard.win/zh-tw/guides/familyboard-handoff-acceptance-tutorial/,zh-TW,true,YES,YES,UNKNOWN,NO_CHANGE_PENDING_SEARCH_EVIDENCE,UNKNOWN,No current GSC or URL Inspection evidence for removal; KEEP_INDEXABLE is not search-value proof.,REPO_EVIDENCE; NEEDS_EVIDENCE
https://familyboard.win/zh-tw/guides/familyboard-home-access-handoff-tutorial/,en,false,NO,NO,UNKNOWN,HOLD_REVIEW_NO_ACTION,UNKNOWN,Importer-held/non-public source state; no bulk noindex action.,REPO_EVIDENCE; NEEDS_EVIDENCE
https://familyboard.win/zh-tw/guides/familyboard-home-access-handoff-tutorial/,zh-TW,true,YES,YES,UNKNOWN,NO_CHANGE_PENDING_SEARCH_EVIDENCE,UNKNOWN,No current GSC or URL Inspection evidence for removal; KEEP_INDEXABLE is not search-value proof.,REPO_EVIDENCE; NEEDS_EVIDENCE
https://familyboard.win/zh-tw/guides/familyboard-home-accessibility-walkthrough-log-tutorial/,zh-TW,true,YES,YES,UNKNOWN,NO_CHANGE_PENDING_SEARCH_EVIDENCE,UNKNOWN,No current GSC or URL Inspection evidence for removal; KEEP_INDEXABLE is not search-value proof.,REPO_EVIDENCE; NEEDS_EVIDENCE
https://familyboard.win/zh-tw/guides/familyboard-home-care-billing-discrepancy-tutorial/,zh-TW,true,YES,YES,UNKNOWN,NO_CHANGE_PENDING_SEARCH_EVIDENCE,UNKNOWN,No current GSC or URL Inspection evidence for removal; KEEP_INDEXABLE is not search-value proof.,REPO_EVIDENCE; NEEDS_EVIDENCE
https://familyboard.win/zh-tw/guides/familyboard-home-care-complaint-response-resolution-tutorial/,zh-TW,true,YES,YES,UNKNOWN,NO_CHANGE_PENDING_SEARCH_EVIDENCE,UNKNOWN,No current GSC or URL Inspection evidence for removal; KEEP_INDEXABLE is not search-value proof.,REPO_EVIDENCE; NEEDS_EVIDENCE
https://familyboard.win/zh-tw/guides/familyboard-home-care-payment-refund-collection-notice-tutorial/,zh-TW,true,YES,YES,UNKNOWN,NO_CHANGE_PENDING_SEARCH_EVIDENCE,UNKNOWN,No current GSC or URL Inspection evidence for removal; KEEP_INDEXABLE is not search-value proof.,REPO_EVIDENCE; NEEDS_EVIDENCE
https://familyboard.win/zh-tw/guides/familyboard-home-care-service-interruption-backup-continuity-tutorial/,zh-TW,true,YES,YES,UNKNOWN,NO_CHANGE_PENDING_SEARCH_EVIDENCE,UNKNOWN,No current GSC or URL Inspection evidence for removal; KEEP_INDEXABLE is not search-value proof.,REPO_EVIDENCE; NEEDS_EVIDENCE
https://familyboard.win/zh-tw/guides/familyboard-home-care-service-plan-change-notice-tutorial/,zh-TW,true,YES,YES,UNKNOWN,NO_CHANGE_PENDING_SEARCH_EVIDENCE,UNKNOWN,No current GSC or URL Inspection evidence for removal; KEEP_INDEXABLE is not search-value proof.,REPO_EVIDENCE; NEEDS_EVIDENCE
https://familyboard.win/zh-tw/guides/familyboard-home-care-visit-scope-service-result-tutorial/,zh-TW,true,YES,YES,UNKNOWN,NO_CHANGE_PENDING_SEARCH_EVIDENCE,UNKNOWN,No current GSC or URL Inspection evidence for removal; KEEP_INDEXABLE is not search-value proof.,REPO_EVIDENCE; NEEDS_EVIDENCE
https://familyboard.win/zh-tw/guides/familyboard-home-closure-reopening-tutorial/,zh-TW,true,YES,YES,UNKNOWN,NO_CHANGE_PENDING_SEARCH_EVIDENCE,UNKNOWN,No current GSC or URL Inspection evidence for removal; KEEP_INDEXABLE is not search-value proof.,REPO_EVIDENCE; NEEDS_EVIDENCE
https://familyboard.win/zh-tw/guides/familyboard-home-dashboard-weekly-review-tutorial/,zh-TW,true,YES,YES,UNKNOWN,NO_CHANGE_PENDING_SEARCH_EVIDENCE,UNKNOWN,No current GSC or URL Inspection evidence for removal; KEEP_INDEXABLE is not search-value proof.,REPO_EVIDENCE; NEEDS_EVIDENCE
https://familyboard.win/zh-tw/guides/familyboard-home-emergency-drill-record-tutorial/,zh-TW,true,YES,YES,UNKNOWN,NO_CHANGE_PENDING_SEARCH_EVIDENCE,UNKNOWN,No current GSC or URL Inspection evidence for removal; KEEP_INDEXABLE is not search-value proof.,REPO_EVIDENCE; NEEDS_EVIDENCE
https://familyboard.win/zh-tw/guides/familyboard-home-handoff-summary-generator-tutorial/,zh-TW,true,YES,YES,UNKNOWN,NO_CHANGE_PENDING_SEARCH_EVIDENCE,UNKNOWN,No current GSC or URL Inspection evidence for removal; KEEP_INDEXABLE is not search-value proof.,REPO_EVIDENCE; NEEDS_EVIDENCE
https://familyboard.win/zh-tw/guides/familyboard-home-inventory-checklist-generator-tutorial/,zh-TW,true,YES,YES,UNKNOWN,NO_CHANGE_PENDING_SEARCH_EVIDENCE,UNKNOWN,No current GSC or URL Inspection evidence for removal; KEEP_INDEXABLE is not search-value proof.,REPO_EVIDENCE; NEEDS_EVIDENCE
https://familyboard.win/zh-tw/guides/familyboard-home-maintenance-cost-tracker-tutorial/,zh-TW,true,YES,YES,UNKNOWN,NO_CHANGE_PENDING_SEARCH_EVIDENCE,UNKNOWN,No current GSC or URL Inspection evidence for removal; KEEP_INDEXABLE is not search-value proof.,REPO_EVIDENCE; NEEDS_EVIDENCE
https://familyboard.win/zh-tw/guides/familyboard-home-maintenance-schedule-generator-tutorial/,zh-TW,true,YES,YES,UNKNOWN,NO_CHANGE_PENDING_SEARCH_EVIDENCE,UNKNOWN,No current GSC or URL Inspection evidence for removal; KEEP_INDEXABLE is not search-value proof.,REPO_EVIDENCE; NEEDS_EVIDENCE
https://familyboard.win/zh-tw/guides/familyboard-home-repair-change-order-tutorial/,zh-TW,true,YES,YES,UNKNOWN,NO_CHANGE_PENDING_SEARCH_EVIDENCE,UNKNOWN,No current GSC or URL Inspection evidence for removal; KEEP_INDEXABLE is not search-value proof.,REPO_EVIDENCE; NEEDS_EVIDENCE
https://familyboard.win/zh-tw/guides/familyboard-home-repair-closeout-checklist-tutorial/,zh-TW,true,YES,YES,UNKNOWN,NO_CHANGE_PENDING_SEARCH_EVIDENCE,UNKNOWN,No current GSC or URL Inspection evidence for removal; KEEP_INDEXABLE is not search-value proof.,REPO_EVIDENCE; NEEDS_EVIDENCE
https://familyboard.win/zh-tw/guides/familyboard-home-repair-cost-log-tutorial/,zh-TW,true,YES,YES,UNKNOWN,NO_CHANGE_PENDING_SEARCH_EVIDENCE,UNKNOWN,No current GSC or URL Inspection evidence for removal; KEEP_INDEXABLE is not search-value proof.,REPO_EVIDENCE; NEEDS_EVIDENCE
https://familyboard.win/zh-tw/guides/familyboard-home-service-provider-verification-tutorial/,zh-TW,true,YES,YES,UNKNOWN,NO_CHANGE_PENDING_SEARCH_EVIDENCE,UNKNOWN,No current GSC or URL Inspection evidence for removal; KEEP_INDEXABLE is not search-value proof.,REPO_EVIDENCE; NEEDS_EVIDENCE
https://familyboard.win/zh-tw/guides/familyboard-home-service-reminder-generator-tutorial/,zh-TW,true,YES,YES,UNKNOWN,NO_CHANGE_PENDING_SEARCH_EVIDENCE,UNKNOWN,No current GSC or URL Inspection evidence for removal; KEEP_INDEXABLE is not search-value proof.,REPO_EVIDENCE; NEEDS_EVIDENCE
https://familyboard.win/zh-tw/guides/familyboard-house-sitter-instruction-generator-tutorial/,zh-TW,true,YES,YES,UNKNOWN,NO_CHANGE_PENDING_SEARCH_EVIDENCE,UNKNOWN,No current GSC or URL Inspection evidence for removal; KEEP_INDEXABLE is not search-value proof.,REPO_EVIDENCE; NEEDS_EVIDENCE
https://familyboard.win/zh-tw/guides/familyboard-household-account-list-tutorial/,zh-TW,true,YES,YES,UNKNOWN,NO_CHANGE_PENDING_SEARCH_EVIDENCE,UNKNOWN,No current GSC or URL Inspection evidence for removal; KEEP_INDEXABLE is not search-value proof.,REPO_EVIDENCE; NEEDS_EVIDENCE
https://familyboard.win/zh-tw/guides/familyboard-household-admin-backup-tutorial/,zh-TW,true,YES,YES,UNKNOWN,NO_CHANGE_PENDING_SEARCH_EVIDENCE,UNKNOWN,No current GSC or URL Inspection evidence for removal; KEEP_INDEXABLE is not search-value proof.,REPO_EVIDENCE; NEEDS_EVIDENCE
https://familyboard.win/zh-tw/guides/familyboard-household-admin-escalation-tutorial/,zh-TW,true,YES,YES,UNKNOWN,NO_CHANGE_PENDING_SEARCH_EVIDENCE,UNKNOWN,No current GSC or URL Inspection evidence for removal; KEEP_INDEXABLE is not search-value proof.,REPO_EVIDENCE; NEEDS_EVIDENCE
https://familyboard.win/zh-tw/guides/familyboard-household-annual-review-generator-tutorial/,zh-TW,true,YES,YES,UNKNOWN,NO_CHANGE_PENDING_SEARCH_EVIDENCE,UNKNOWN,No current GSC or URL Inspection evidence for removal; KEEP_INDEXABLE is not search-value proof.,REPO_EVIDENCE; NEEDS_EVIDENCE
https://familyboard.win/zh-tw/guides/familyboard-household-availability-window-tutorial/,zh-TW,true,YES,YES,UNKNOWN,NO_CHANGE_PENDING_SEARCH_EVIDENCE,UNKNOWN,No current GSC or URL Inspection evidence for removal; KEEP_INDEXABLE is not search-value proof.,REPO_EVIDENCE; NEEDS_EVIDENCE
https://familyboard.win/zh-tw/guides/familyboard-household-backup-recovery-checker-tutorial/,zh-TW,true,YES,YES,UNKNOWN,NO_CHANGE_PENDING_SEARCH_EVIDENCE,UNKNOWN,No current GSC or URL Inspection evidence for removal; KEEP_INDEXABLE is not search-value proof.,REPO_EVIDENCE; NEEDS_EVIDENCE
https://familyboard.win/zh-tw/guides/familyboard-household-bill-source-status-tutorial/,zh-TW,true,YES,YES,UNKNOWN,NO_CHANGE_PENDING_SEARCH_EVIDENCE,UNKNOWN,No current GSC or URL Inspection evidence for removal; KEEP_INDEXABLE is not search-value proof.,REPO_EVIDENCE; NEEDS_EVIDENCE
https://familyboard.win/zh-tw/guides/familyboard-household-decision-log-tutorial/,zh-TW,true,YES,YES,UNKNOWN,NO_CHANGE_PENDING_SEARCH_EVIDENCE,UNKNOWN,No current GSC or URL Inspection evidence for removal; KEEP_INDEXABLE is not search-value proof.,REPO_EVIDENCE; NEEDS_EVIDENCE
https://familyboard.win/zh-tw/guides/familyboard-household-decision-register-tutorial/,zh-TW,true,YES,YES,UNKNOWN,NO_CHANGE_PENDING_SEARCH_EVIDENCE,UNKNOWN,No current GSC or URL Inspection evidence for removal; KEEP_INDEXABLE is not search-value proof.,REPO_EVIDENCE; NEEDS_EVIDENCE
https://familyboard.win/zh-tw/guides/familyboard-household-document-index-generator-tutorial/,zh-TW,true,YES,YES,UNKNOWN,NO_CHANGE_PENDING_SEARCH_EVIDENCE,UNKNOWN,No current GSC or URL Inspection evidence for removal; KEEP_INDEXABLE is not search-value proof.,REPO_EVIDENCE; NEEDS_EVIDENCE
https://familyboard.win/zh-tw/guides/familyboard-household-document-redaction-tutorial/,zh-TW,true,YES,YES,UNKNOWN,NO_CHANGE_PENDING_SEARCH_EVIDENCE,UNKNOWN,No current GSC or URL Inspection evidence for removal; KEEP_INDEXABLE is not search-value proof.,REPO_EVIDENCE; NEEDS_EVIDENCE
https://familyboard.win/zh-tw/guides/familyboard-household-export-scope-review-tutorial/,zh-TW,true,YES,YES,UNKNOWN,NO_CHANGE_PENDING_SEARCH_EVIDENCE,UNKNOWN,No current GSC or URL Inspection evidence for removal; KEEP_INDEXABLE is not search-value proof.,REPO_EVIDENCE; NEEDS_EVIDENCE
https://familyboard.win/zh-tw/guides/familyboard-household-handoff-tutorial/,zh-TW,true,YES,YES,UNKNOWN,NO_CHANGE_PENDING_SEARCH_EVIDENCE,UNKNOWN,No current GSC or URL Inspection evidence for removal; KEEP_INDEXABLE is not search-value proof.,REPO_EVIDENCE; NEEDS_EVIDENCE
https://familyboard.win/zh-tw/guides/familyboard-household-language-preference-handoff-tutorial/,zh-TW,true,YES,YES,UNKNOWN,NO_CHANGE_PENDING_SEARCH_EVIDENCE,UNKNOWN,No current GSC or URL Inspection evidence for removal; KEEP_INDEXABLE is not search-value proof.,REPO_EVIDENCE; NEEDS_EVIDENCE
https://familyboard.win/zh-tw/guides/familyboard-household-meeting-agenda-action-log-tutorial/,zh-TW,true,YES,YES,UNKNOWN,NO_CHANGE_PENDING_SEARCH_EVIDENCE,UNKNOWN,No current GSC or URL Inspection evidence for removal; KEEP_INDEXABLE is not search-value proof.,REPO_EVIDENCE; NEEDS_EVIDENCE
https://familyboard.win/zh-tw/guides/familyboard-household-meeting-tutorial/,zh-TW,true,YES,YES,UNKNOWN,NO_CHANGE_PENDING_SEARCH_EVIDENCE,UNKNOWN,No current GSC or URL Inspection evidence for removal; KEEP_INDEXABLE is not search-value proof.,REPO_EVIDENCE; NEEDS_EVIDENCE
https://familyboard.win/zh-tw/guides/familyboard-household-members-responsibilities-tutorial/,zh-TW,true,YES,YES,UNKNOWN,NO_CHANGE_PENDING_SEARCH_EVIDENCE,UNKNOWN,No current GSC or URL Inspection evidence for removal; KEEP_INDEXABLE is not search-value proof.,REPO_EVIDENCE; NEEDS_EVIDENCE
https://familyboard.win/zh-tw/guides/familyboard-household-notification-routing-tutorial/,zh-TW,true,YES,YES,UNKNOWN,NO_CHANGE_PENDING_SEARCH_EVIDENCE,UNKNOWN,No current GSC or URL Inspection evidence for removal; KEEP_INDEXABLE is not search-value proof.,REPO_EVIDENCE; NEEDS_EVIDENCE
https://familyboard.win/zh-tw/guides/familyboard-household-quiet-hours-tutorial/,zh-TW,true,YES,YES,UNKNOWN,NO_CHANGE_PENDING_SEARCH_EVIDENCE,UNKNOWN,No current GSC or URL Inspection evidence for removal; KEEP_INDEXABLE is not search-value proof.,REPO_EVIDENCE; NEEDS_EVIDENCE
https://familyboard.win/zh-tw/guides/familyboard-household-responsibility-coverage-map-tutorial/,zh-TW,true,YES,YES,UNKNOWN,NO_CHANGE_PENDING_SEARCH_EVIDENCE,UNKNOWN,No current GSC or URL Inspection evidence for removal; KEEP_INDEXABLE is not search-value proof.,REPO_EVIDENCE; NEEDS_EVIDENCE
https://familyboard.win/zh-tw/guides/familyboard-household-responsibility-coverage-tutorial/,zh-TW,true,YES,YES,UNKNOWN,NO_CHANGE_PENDING_SEARCH_EVIDENCE,UNKNOWN,No current GSC or URL Inspection evidence for removal; KEEP_INDEXABLE is not search-value proof.,REPO_EVIDENCE; NEEDS_EVIDENCE
https://familyboard.win/zh-tw/guides/familyboard-household-return-handoff-tutorial/,zh-TW,true,YES,YES,UNKNOWN,NO_CHANGE_PENDING_SEARCH_EVIDENCE,UNKNOWN,No current GSC or URL Inspection evidence for removal; KEEP_INDEXABLE is not search-value proof.,REPO_EVIDENCE; NEEDS_EVIDENCE
https://familyboard.win/zh-tw/guides/familyboard-household-role-change-audit-tutorial/,zh-TW,true,YES,YES,UNKNOWN,NO_CHANGE_PENDING_SEARCH_EVIDENCE,UNKNOWN,No current GSC or URL Inspection evidence for removal; KEEP_INDEXABLE is not search-value proof.,REPO_EVIDENCE; NEEDS_EVIDENCE
https://familyboard.win/zh-tw/guides/familyboard-household-shopping-list-planner-tutorial/,zh-TW,true,YES,YES,UNKNOWN,NO_CHANGE_PENDING_SEARCH_EVIDENCE,UNKNOWN,No current GSC or URL Inspection evidence for removal; KEEP_INDEXABLE is not search-value proof.,REPO_EVIDENCE; NEEDS_EVIDENCE
https://familyboard.win/zh-tw/guides/familyboard-household-subscription-cost-calculator-tutorial/,zh-TW,true,YES,YES,UNKNOWN,NO_CHANGE_PENDING_SEARCH_EVIDENCE,UNKNOWN,No current GSC or URL Inspection evidence for removal; KEEP_INDEXABLE is not search-value proof.,REPO_EVIDENCE; NEEDS_EVIDENCE
https://familyboard.win/zh-tw/guides/familyboard-household-task-dependency-map-tutorial/,zh-TW,true,YES,YES,UNKNOWN,NO_CHANGE_PENDING_SEARCH_EVIDENCE,UNKNOWN,No current GSC or URL Inspection evidence for removal; KEEP_INDEXABLE is not search-value proof.,REPO_EVIDENCE; NEEDS_EVIDENCE
https://familyboard.win/zh-tw/guides/familyboard-household-task-load-calculator-tutorial/,zh-TW,true,YES,YES,UNKNOWN,NO_CHANGE_PENDING_SEARCH_EVIDENCE,UNKNOWN,No current GSC or URL Inspection evidence for removal; KEEP_INDEXABLE is not search-value proof.,REPO_EVIDENCE; NEEDS_EVIDENCE
https://familyboard.win/zh-tw/guides/familyboard-household-time-window-overlap-checker-tutorial/,zh-TW,true,YES,YES,UNKNOWN,NO_CHANGE_PENDING_SEARCH_EVIDENCE,UNKNOWN,No current GSC or URL Inspection evidence for removal; KEEP_INDEXABLE is not search-value proof.,REPO_EVIDENCE; NEEDS_EVIDENCE
https://familyboard.win/zh-tw/guides/familyboard-important-household-document-review-tutorial/,zh-TW,true,YES,YES,UNKNOWN,NO_CHANGE_PENDING_SEARCH_EVIDENCE,UNKNOWN,No current GSC or URL Inspection evidence for removal; KEEP_INDEXABLE is not search-value proof.,REPO_EVIDENCE; NEEDS_EVIDENCE
https://familyboard.win/zh-tw/guides/familyboard-insurance-claim-timeline-tutorial/,zh-TW,true,YES,YES,UNKNOWN,NO_CHANGE_PENDING_SEARCH_EVIDENCE,UNKNOWN,No current GSC or URL Inspection evidence for removal; KEEP_INDEXABLE is not search-value proof.,REPO_EVIDENCE; NEEDS_EVIDENCE
https://familyboard.win/zh-tw/guides/familyboard-insurance-policy-source-version-tutorial/,zh-TW,true,YES,YES,UNKNOWN,NO_CHANGE_PENDING_SEARCH_EVIDENCE,UNKNOWN,No current GSC or URL Inspection evidence for removal; KEEP_INDEXABLE is not search-value proof.,REPO_EVIDENCE; NEEDS_EVIDENCE
https://familyboard.win/zh-tw/guides/familyboard-internet-incident-tutorial/,zh-TW,true,YES,YES,UNKNOWN,NO_CHANGE_PENDING_SEARCH_EVIDENCE,UNKNOWN,No current GSC or URL Inspection evidence for removal; KEEP_INDEXABLE is not search-value proof.,REPO_EVIDENCE; NEEDS_EVIDENCE
https://familyboard.win/zh-tw/guides/familyboard-mail-package-handoff-log-tutorial/,zh-TW,true,YES,YES,UNKNOWN,NO_CHANGE_PENDING_SEARCH_EVIDENCE,UNKNOWN,No current GSC or URL Inspection evidence for removal; KEEP_INDEXABLE is not search-value proof.,REPO_EVIDENCE; NEEDS_EVIDENCE
https://familyboard.win/zh-tw/guides/familyboard-mail-package-handoff-tutorial/,zh-TW,true,YES,YES,UNKNOWN,NO_CHANGE_PENDING_SEARCH_EVIDENCE,UNKNOWN,No current GSC or URL Inspection evidence for removal; KEEP_INDEXABLE is not search-value proof.,REPO_EVIDENCE; NEEDS_EVIDENCE
https://familyboard.win/zh-tw/guides/familyboard-maintenance-delegation-map-tutorial/,zh-TW,true,YES,YES,UNKNOWN,NO_CHANGE_PENDING_SEARCH_EVIDENCE,UNKNOWN,No current GSC or URL Inspection evidence for removal; KEEP_INDEXABLE is not search-value proof.,REPO_EVIDENCE; NEEDS_EVIDENCE
https://familyboard.win/zh-tw/guides/familyboard-maintenance-event-cost-tutorial/,zh-TW,true,YES,YES,UNKNOWN,NO_CHANGE_PENDING_SEARCH_EVIDENCE,UNKNOWN,No current GSC or URL Inspection evidence for removal; KEEP_INDEXABLE is not search-value proof.,REPO_EVIDENCE; NEEDS_EVIDENCE
https://familyboard.win/zh-tw/guides/familyboard-maintenance-evidence-confidence-tutorial/,zh-TW,true,YES,YES,UNKNOWN,NO_CHANGE_PENDING_SEARCH_EVIDENCE,UNKNOWN,No current GSC or URL Inspection evidence for removal; KEEP_INDEXABLE is not search-value proof.,REPO_EVIDENCE; NEEDS_EVIDENCE
https://familyboard.win/zh-tw/guides/familyboard-maintenance-history-review/,zh-TW,true,YES,YES,UNKNOWN,NO_CHANGE_PENDING_SEARCH_EVIDENCE,UNKNOWN,No current GSC or URL Inspection evidence for removal; KEEP_INDEXABLE is not search-value proof.,REPO_EVIDENCE; NEEDS_EVIDENCE
https://familyboard.win/zh-tw/guides/familyboard-maintenance-priority-review-tutorial/,en,false,NO,NO,UNKNOWN,HOLD_REVIEW_NO_ACTION,UNKNOWN,Importer-held/non-public source state; no bulk noindex action.,REPO_EVIDENCE; NEEDS_EVIDENCE
https://familyboard.win/zh-tw/guides/familyboard-maintenance-priority-review-tutorial/,zh-TW,true,YES,YES,UNKNOWN,NO_CHANGE_PENDING_SEARCH_EVIDENCE,UNKNOWN,No current GSC or URL Inspection evidence for removal; KEEP_INDEXABLE is not search-value proof.,REPO_EVIDENCE; NEEDS_EVIDENCE
https://familyboard.win/zh-tw/guides/familyboard-maintenance-tracker-tutorial/,zh-TW,true,YES,YES,UNKNOWN,NO_CHANGE_PENDING_SEARCH_EVIDENCE,UNKNOWN,No current GSC or URL Inspection evidence for removal; KEEP_INDEXABLE is not search-value proof.,REPO_EVIDENCE; NEEDS_EVIDENCE
https://familyboard.win/zh-tw/guides/familyboard-master-csv-edit-import-tutorial/,zh-TW,true,YES,YES,UNKNOWN,NO_CHANGE_PENDING_SEARCH_EVIDENCE,UNKNOWN,No current GSC or URL Inspection evidence for removal; KEEP_INDEXABLE is not search-value proof.,REPO_EVIDENCE; NEEDS_EVIDENCE
https://familyboard.win/zh-tw/guides/familyboard-master-csv-edit-import/,zh-TW,true,YES,YES,UNKNOWN,NO_CHANGE_PENDING_SEARCH_EVIDENCE,UNKNOWN,No current GSC or URL Inspection evidence for removal; KEEP_INDEXABLE is not search-value proof.,REPO_EVIDENCE; NEEDS_EVIDENCE
https://familyboard.win/zh-tw/guides/familyboard-meal-prep-role-log-tutorial/,zh-TW,true,YES,YES,UNKNOWN,NO_CHANGE_PENDING_SEARCH_EVIDENCE,UNKNOWN,No current GSC or URL Inspection evidence for removal; KEEP_INDEXABLE is not search-value proof.,REPO_EVIDENCE; NEEDS_EVIDENCE
https://familyboard.win/zh-tw/guides/familyboard-meal-prep-tutorial/,zh-TW,true,YES,YES,UNKNOWN,NO_CHANGE_PENDING_SEARCH_EVIDENCE,UNKNOWN,No current GSC or URL Inspection evidence for removal; KEEP_INDEXABLE is not search-value proof.,REPO_EVIDENCE; NEEDS_EVIDENCE
https://familyboard.win/zh-tw/guides/familyboard-medical-information-source-handoff-tutorial/,zh-TW,true,YES,YES,UNKNOWN,NO_CHANGE_PENDING_SEARCH_EVIDENCE,UNKNOWN,No current GSC or URL Inspection evidence for removal; KEEP_INDEXABLE is not search-value proof.,REPO_EVIDENCE; NEEDS_EVIDENCE
https://familyboard.win/zh-tw/guides/familyboard-member-archive-tutorial/,zh-TW,true,YES,YES,UNKNOWN,NO_CHANGE_PENDING_SEARCH_EVIDENCE,UNKNOWN,No current GSC or URL Inspection evidence for removal; KEEP_INDEXABLE is not search-value proof.,REPO_EVIDENCE; NEEDS_EVIDENCE
https://familyboard.win/zh-tw/guides/familyboard-meter-reading-tutorial/,zh-TW,true,YES,YES,UNKNOWN,NO_CHANGE_PENDING_SEARCH_EVIDENCE,UNKNOWN,No current GSC or URL Inspection evidence for removal; KEEP_INDEXABLE is not search-value proof.,REPO_EVIDENCE; NEEDS_EVIDENCE
https://familyboard.win/zh-tw/guides/familyboard-monthly-review-action-tutorial/,zh-TW,true,YES,YES,UNKNOWN,NO_CHANGE_PENDING_SEARCH_EVIDENCE,UNKNOWN,No current GSC or URL Inspection evidence for removal; KEEP_INDEXABLE is not search-value proof.,REPO_EVIDENCE; NEEDS_EVIDENCE
https://familyboard.win/zh-tw/guides/familyboard-move-in-checklist-generator-tutorial/,zh-TW,true,YES,YES,UNKNOWN,NO_CHANGE_PENDING_SEARCH_EVIDENCE,UNKNOWN,No current GSC or URL Inspection evidence for removal; KEEP_INDEXABLE is not search-value proof.,REPO_EVIDENCE; NEEDS_EVIDENCE
https://familyboard.win/zh-tw/guides/familyboard-move-out-condition-report-generator-tutorial/,zh-TW,true,YES,YES,UNKNOWN,NO_CHANGE_PENDING_SEARCH_EVIDENCE,UNKNOWN,No current GSC or URL Inspection evidence for removal; KEEP_INDEXABLE is not search-value proof.,REPO_EVIDENCE; NEEDS_EVIDENCE
https://familyboard.win/zh-tw/guides/familyboard-move-out-condition-tutorial/,zh-TW,true,YES,YES,UNKNOWN,NO_CHANGE_PENDING_SEARCH_EVIDENCE,UNKNOWN,No current GSC or URL Inspection evidence for removal; KEEP_INDEXABLE is not search-value proof.,REPO_EVIDENCE; NEEDS_EVIDENCE
https://familyboard.win/zh-tw/guides/familyboard-moving-box-handover-log-tutorial/,zh-TW,true,YES,YES,UNKNOWN,NO_CHANGE_PENDING_SEARCH_EVIDENCE,UNKNOWN,No current GSC or URL Inspection evidence for removal; KEEP_INDEXABLE is not search-value proof.,REPO_EVIDENCE; NEEDS_EVIDENCE
https://familyboard.win/zh-tw/guides/familyboard-offline-backup-restore/,zh-TW,true,YES,YES,UNKNOWN,NO_CHANGE_PENDING_SEARCH_EVIDENCE,UNKNOWN,No current GSC or URL Inspection evidence for removal; KEEP_INDEXABLE is not search-value proof.,REPO_EVIDENCE; NEEDS_EVIDENCE
https://familyboard.win/zh-tw/guides/familyboard-old-tablet-display-tutorial/,en,false,NO,NO,UNKNOWN,HOLD_REVIEW_NO_ACTION,UNKNOWN,Importer-held/non-public source state; no bulk noindex action.,REPO_EVIDENCE; NEEDS_EVIDENCE
https://familyboard.win/zh-tw/guides/familyboard-old-tablet-display-tutorial/,zh-TW,true,YES,YES,UNKNOWN,NO_CHANGE_PENDING_SEARCH_EVIDENCE,UNKNOWN,No current GSC or URL Inspection evidence for removal; KEEP_INDEXABLE is not search-value proof.,REPO_EVIDENCE; NEEDS_EVIDENCE
https://familyboard.win/zh-tw/guides/familyboard-pantry-expiry-review-log-tutorial/,zh-TW,true,YES,YES,UNKNOWN,NO_CHANGE_PENDING_SEARCH_EVIDENCE,UNKNOWN,No current GSC or URL Inspection evidence for removal; KEEP_INDEXABLE is not search-value proof.,REPO_EVIDENCE; NEEDS_EVIDENCE
https://familyboard.win/zh-tw/guides/familyboard-pantry-review-tutorial/,zh-TW,true,YES,YES,UNKNOWN,NO_CHANGE_PENDING_SEARCH_EVIDENCE,UNKNOWN,No current GSC or URL Inspection evidence for removal; KEEP_INDEXABLE is not search-value proof.,REPO_EVIDENCE; NEEDS_EVIDENCE
https://familyboard.win/zh-tw/guides/familyboard-pet-record-source-handoff-tutorial/,zh-TW,true,YES,YES,UNKNOWN,NO_CHANGE_PENDING_SEARCH_EVIDENCE,UNKNOWN,No current GSC or URL Inspection evidence for removal; KEEP_INDEXABLE is not search-value proof.,REPO_EVIDENCE; NEEDS_EVIDENCE
https://familyboard.win/zh-tw/guides/familyboard-pet-sitter-instruction-generator-tutorial/,zh-TW,true,YES,YES,UNKNOWN,NO_CHANGE_PENDING_SEARCH_EVIDENCE,UNKNOWN,No current GSC or URL Inspection evidence for removal; KEEP_INDEXABLE is not search-value proof.,REPO_EVIDENCE; NEEDS_EVIDENCE
https://familyboard.win/zh-tw/guides/familyboard-photo-inventory-tutorial/,zh-TW,true,YES,YES,UNKNOWN,NO_CHANGE_PENDING_SEARCH_EVIDENCE,UNKNOWN,No current GSC or URL Inspection evidence for removal; KEEP_INDEXABLE is not search-value proof.,REPO_EVIDENCE; NEEDS_EVIDENCE
https://familyboard.win/zh-tw/guides/familyboard-plant-care-handoff-log-tutorial/,zh-TW,true,YES,YES,UNKNOWN,NO_CHANGE_PENDING_SEARCH_EVIDENCE,UNKNOWN,No current GSC or URL Inspection evidence for removal; KEEP_INDEXABLE is not search-value proof.,REPO_EVIDENCE; NEEDS_EVIDENCE
https://familyboard.win/zh-tw/guides/familyboard-plant-care-handoff-tutorial/,zh-TW,true,YES,YES,UNKNOWN,NO_CHANGE_PENDING_SEARCH_EVIDENCE,UNKNOWN,No current GSC or URL Inspection evidence for removal; KEEP_INDEXABLE is not search-value proof.,REPO_EVIDENCE; NEEDS_EVIDENCE
https://familyboard.win/zh-tw/guides/familyboard-power-outage-event-log-tutorial/,zh-TW,true,YES,YES,UNKNOWN,NO_CHANGE_PENDING_SEARCH_EVIDENCE,UNKNOWN,No current GSC or URL Inspection evidence for removal; KEEP_INDEXABLE is not search-value proof.,REPO_EVIDENCE; NEEDS_EVIDENCE
https://familyboard.win/zh-tw/guides/familyboard-printout-download-retention-tutorial/,zh-TW,true,YES,YES,UNKNOWN,NO_CHANGE_PENDING_SEARCH_EVIDENCE,UNKNOWN,No current GSC or URL Inspection evidence for removal; KEEP_INDEXABLE is not search-value proof.,REPO_EVIDENCE; NEEDS_EVIDENCE
https://familyboard.win/zh-tw/guides/familyboard-privacy-review-handoff-tutorial/,zh-TW,true,YES,YES,UNKNOWN,NO_CHANGE_PENDING_SEARCH_EVIDENCE,UNKNOWN,No current GSC or URL Inspection evidence for removal; KEEP_INDEXABLE is not search-value proof.,REPO_EVIDENCE; NEEDS_EVIDENCE
https://familyboard.win/zh-tw/guides/familyboard-private-family-organizer-tutorial/,zh-TW,true,YES,YES,UNKNOWN,NO_CHANGE_PENDING_SEARCH_EVIDENCE,UNKNOWN,No current GSC or URL Inspection evidence for removal; KEEP_INDEXABLE is not search-value proof.,REPO_EVIDENCE; NEEDS_EVIDENCE
https://familyboard.win/zh-tw/guides/familyboard-product-recall-action-log-tutorial/,zh-TW,true,YES,YES,UNKNOWN,NO_CHANGE_PENDING_SEARCH_EVIDENCE,UNKNOWN,No current GSC or URL Inspection evidence for removal; KEEP_INDEXABLE is not search-value proof.,REPO_EVIDENCE; NEEDS_EVIDENCE
https://familyboard.win/zh-tw/guides/familyboard-product-recall-action-tutorial/,zh-TW,true,YES,YES,UNKNOWN,NO_CHANGE_PENDING_SEARCH_EVIDENCE,UNKNOWN,No current GSC or URL Inspection evidence for removal; KEEP_INDEXABLE is not search-value proof.,REPO_EVIDENCE; NEEDS_EVIDENCE
https://familyboard.win/zh-tw/guides/familyboard-purchase-comparison-tutorial/,zh-TW,true,YES,YES,UNKNOWN,NO_CHANGE_PENDING_SEARCH_EVIDENCE,UNKNOWN,No current GSC or URL Inspection evidence for removal; KEEP_INDEXABLE is not search-value proof.,REPO_EVIDENCE; NEEDS_EVIDENCE
https://familyboard.win/zh-tw/guides/familyboard-purchase-delivery-evidence-tutorial/,zh-TW,true,YES,YES,UNKNOWN,NO_CHANGE_PENDING_SEARCH_EVIDENCE,UNKNOWN,No current GSC or URL Inspection evidence for removal; KEEP_INDEXABLE is not search-value proof.,REPO_EVIDENCE; NEEDS_EVIDENCE
https://familyboard.win/zh-tw/guides/familyboard-pwa-update-tutorial/,zh-TW,true,YES,YES,UNKNOWN,NO_CHANGE_PENDING_SEARCH_EVIDENCE,UNKNOWN,No current GSC or URL Inspection evidence for removal; KEEP_INDEXABLE is not search-value proof.,REPO_EVIDENCE; NEEDS_EVIDENCE
https://familyboard.win/zh-tw/guides/familyboard-receipt-retention-organizer-tutorial/,zh-TW,true,YES,YES,UNKNOWN,NO_CHANGE_PENDING_SEARCH_EVIDENCE,UNKNOWN,No current GSC or URL Inspection evidence for removal; KEEP_INDEXABLE is not search-value proof.,REPO_EVIDENCE; NEEDS_EVIDENCE
https://familyboard.win/zh-tw/guides/familyboard-receipt-source-verification-tutorial/,zh-TW,true,YES,YES,UNKNOWN,NO_CHANGE_PENDING_SEARCH_EVIDENCE,UNKNOWN,No current GSC or URL Inspection evidence for removal; KEEP_INDEXABLE is not search-value proof.,REPO_EVIDENCE; NEEDS_EVIDENCE
https://familyboard.win/zh-tw/guides/familyboard-record-linking-tutorial/,zh-TW,true,YES,YES,UNKNOWN,NO_CHANGE_PENDING_SEARCH_EVIDENCE,UNKNOWN,No current GSC or URL Inspection evidence for removal; KEEP_INDEXABLE is not search-value proof.,REPO_EVIDENCE; NEEDS_EVIDENCE
https://familyboard.win/zh-tw/guides/familyboard-record-retention-decision-log-tutorial/,zh-TW,true,YES,YES,UNKNOWN,NO_CHANGE_PENDING_SEARCH_EVIDENCE,UNKNOWN,No current GSC or URL Inspection evidence for removal; KEEP_INDEXABLE is not search-value proof.,REPO_EVIDENCE; NEEDS_EVIDENCE
https://familyboard.win/zh-tw/guides/familyboard-record-retention-decision-tutorial/,zh-TW,true,YES,YES,UNKNOWN,NO_CHANGE_PENDING_SEARCH_EVIDENCE,UNKNOWN,No current GSC or URL Inspection evidence for removal; KEEP_INDEXABLE is not search-value proof.,REPO_EVIDENCE; NEEDS_EVIDENCE
https://familyboard.win/zh-tw/guides/familyboard-record-retrieval-drill-tutorial/,zh-TW,true,YES,YES,UNKNOWN,NO_CHANGE_PENDING_SEARCH_EVIDENCE,UNKNOWN,No current GSC or URL Inspection evidence for removal; KEEP_INDEXABLE is not search-value proof.,REPO_EVIDENCE; NEEDS_EVIDENCE
https://familyboard.win/zh-tw/guides/familyboard-record-retrieval-practice-tutorial/,zh-TW,true,YES,YES,UNKNOWN,NO_CHANGE_PENDING_SEARCH_EVIDENCE,UNKNOWN,No current GSC or URL Inspection evidence for removal; KEEP_INDEXABLE is not search-value proof.,REPO_EVIDENCE; NEEDS_EVIDENCE
https://familyboard.win/zh-tw/guides/familyboard-recurring-chore-planner-tutorial/,zh-TW,true,YES,YES,UNKNOWN,NO_CHANGE_PENDING_SEARCH_EVIDENCE,UNKNOWN,No current GSC or URL Inspection evidence for removal; KEEP_INDEXABLE is not search-value proof.,REPO_EVIDENCE; NEEDS_EVIDENCE
https://familyboard.win/zh-tw/guides/familyboard-recycling-handoff-tutorial/,zh-TW,true,YES,YES,UNKNOWN,NO_CHANGE_PENDING_SEARCH_EVIDENCE,UNKNOWN,No current GSC or URL Inspection evidence for removal; KEEP_INDEXABLE is not search-value proof.,REPO_EVIDENCE; NEEDS_EVIDENCE
https://familyboard.win/zh-tw/guides/familyboard-rental-home-maintenance-handoff-tutorial/,zh-TW,true,YES,YES,UNKNOWN,NO_CHANGE_PENDING_SEARCH_EVIDENCE,UNKNOWN,No current GSC or URL Inspection evidence for removal; KEEP_INDEXABLE is not search-value proof.,REPO_EVIDENCE; NEEDS_EVIDENCE
https://familyboard.win/zh-tw/guides/familyboard-rental-repair-request-tutorial/,zh-TW,true,YES,YES,UNKNOWN,NO_CHANGE_PENDING_SEARCH_EVIDENCE,UNKNOWN,No current GSC or URL Inspection evidence for removal; KEEP_INDEXABLE is not search-value proof.,REPO_EVIDENCE; NEEDS_EVIDENCE
https://familyboard.win/zh-tw/guides/familyboard-rental-security-deposit-move-out-tutorial/,zh-TW,true,YES,YES,UNKNOWN,NO_CHANGE_PENDING_SEARCH_EVIDENCE,UNKNOWN,No current GSC or URL Inspection evidence for removal; KEEP_INDEXABLE is not search-value proof.,REPO_EVIDENCE; NEEDS_EVIDENCE
https://familyboard.win/zh-tw/guides/familyboard-repair-change-order-tutorial/,zh-TW,true,YES,YES,UNKNOWN,NO_CHANGE_PENDING_SEARCH_EVIDENCE,UNKNOWN,No current GSC or URL Inspection evidence for removal; KEEP_INDEXABLE is not search-value proof.,REPO_EVIDENCE; NEEDS_EVIDENCE
https://familyboard.win/zh-tw/guides/familyboard-repair-evidence-timeline-tutorial/,zh-TW,true,YES,YES,UNKNOWN,NO_CHANGE_PENDING_SEARCH_EVIDENCE,UNKNOWN,No current GSC or URL Inspection evidence for removal; KEEP_INDEXABLE is not search-value proof.,REPO_EVIDENCE; NEEDS_EVIDENCE
https://familyboard.win/zh-tw/guides/familyboard-repair-punch-list-review-tutorial/,zh-TW,true,YES,YES,UNKNOWN,NO_CHANGE_PENDING_SEARCH_EVIDENCE,UNKNOWN,No current GSC or URL Inspection evidence for removal; KEEP_INDEXABLE is not search-value proof.,REPO_EVIDENCE; NEEDS_EVIDENCE
https://familyboard.win/zh-tw/guides/familyboard-repair-punch-list-tutorial/,zh-TW,true,YES,YES,UNKNOWN,NO_CHANGE_PENDING_SEARCH_EVIDENCE,UNKNOWN,No current GSC or URL Inspection evidence for removal; KEEP_INDEXABLE is not search-value proof.,REPO_EVIDENCE; NEEDS_EVIDENCE
https://familyboard.win/zh-tw/guides/familyboard-replacement-part-source-check-log-tutorial/,zh-TW,true,YES,YES,UNKNOWN,NO_CHANGE_PENDING_SEARCH_EVIDENCE,UNKNOWN,No current GSC or URL Inspection evidence for removal; KEEP_INDEXABLE is not search-value proof.,REPO_EVIDENCE; NEEDS_EVIDENCE
https://familyboard.win/zh-tw/guides/familyboard-replacement-part-source-check-tutorial/,zh-TW,true,YES,YES,UNKNOWN,NO_CHANGE_PENDING_SEARCH_EVIDENCE,UNKNOWN,No current GSC or URL Inspection evidence for removal; KEEP_INDEXABLE is not search-value proof.,REPO_EVIDENCE; NEEDS_EVIDENCE
https://familyboard.win/zh-tw/guides/familyboard-reset-local-household-tutorial/,zh-TW,true,YES,YES,UNKNOWN,NO_CHANGE_PENDING_SEARCH_EVIDENCE,UNKNOWN,No current GSC or URL Inspection evidence for removal; KEEP_INDEXABLE is not search-value proof.,REPO_EVIDENCE; NEEDS_EVIDENCE
https://familyboard.win/zh-tw/guides/familyboard-restore-merge-replace-tutorial/,zh-TW,true,YES,YES,UNKNOWN,NO_CHANGE_PENDING_SEARCH_EVIDENCE,UNKNOWN,No current GSC or URL Inspection evidence for removal; KEEP_INDEXABLE is not search-value proof.,REPO_EVIDENCE; NEEDS_EVIDENCE
https://familyboard.win/zh-tw/guides/familyboard-room-inventory-generator-tutorial/,zh-TW,true,YES,YES,UNKNOWN,NO_CHANGE_PENDING_SEARCH_EVIDENCE,UNKNOWN,No current GSC or URL Inspection evidence for removal; KEEP_INDEXABLE is not search-value proof.,REPO_EVIDENCE; NEEDS_EVIDENCE
https://familyboard.win/zh-tw/guides/familyboard-router-support-review-tutorial/,en,false,NO,NO,UNKNOWN,HOLD_REVIEW_NO_ACTION,UNKNOWN,Importer-held/non-public source state; no bulk noindex action.,REPO_EVIDENCE; NEEDS_EVIDENCE
https://familyboard.win/zh-tw/guides/familyboard-router-support-review-tutorial/,zh-TW,true,YES,YES,UNKNOWN,NO_CHANGE_PENDING_SEARCH_EVIDENCE,UNKNOWN,No current GSC or URL Inspection evidence for removal; KEEP_INDEXABLE is not search-value proof.,REPO_EVIDENCE; NEEDS_EVIDENCE
https://familyboard.win/zh-tw/guides/familyboard-schedule-conflict-review-tutorial/,en,false,NO,NO,UNKNOWN,HOLD_REVIEW_NO_ACTION,UNKNOWN,Importer-held/non-public source state; no bulk noindex action.,REPO_EVIDENCE; NEEDS_EVIDENCE
https://familyboard.win/zh-tw/guides/familyboard-schedule-conflict-review-tutorial/,zh-TW,true,YES,YES,UNKNOWN,NO_CHANGE_PENDING_SEARCH_EVIDENCE,UNKNOWN,No current GSC or URL Inspection evidence for removal; KEEP_INDEXABLE is not search-value proof.,REPO_EVIDENCE; NEEDS_EVIDENCE
https://familyboard.win/zh-tw/guides/familyboard-school-activity-handoff-tutorial/,zh-TW,true,YES,YES,UNKNOWN,NO_CHANGE_PENDING_SEARCH_EVIDENCE,UNKNOWN,No current GSC or URL Inspection evidence for removal; KEEP_INDEXABLE is not search-value proof.,REPO_EVIDENCE; NEEDS_EVIDENCE
https://familyboard.win/zh-tw/guides/familyboard-school-closure-continuity-tutorial/,zh-TW,true,YES,YES,UNKNOWN,NO_CHANGE_PENDING_SEARCH_EVIDENCE,UNKNOWN,No current GSC or URL Inspection evidence for removal; KEEP_INDEXABLE is not search-value proof.,REPO_EVIDENCE; NEEDS_EVIDENCE
https://familyboard.win/zh-tw/guides/familyboard-school-pickup-handoff-tutorial/,zh-TW,true,YES,YES,UNKNOWN,NO_CHANGE_PENDING_SEARCH_EVIDENCE,UNKNOWN,No current GSC or URL Inspection evidence for removal; KEEP_INDEXABLE is not search-value proof.,REPO_EVIDENCE; NEEDS_EVIDENCE
https://familyboard.win/zh-tw/guides/familyboard-school-record-source-handoff-tutorial/,zh-TW,true,YES,YES,UNKNOWN,NO_CHANGE_PENDING_SEARCH_EVIDENCE,UNKNOWN,No current GSC or URL Inspection evidence for removal; KEEP_INDEXABLE is not search-value proof.,REPO_EVIDENCE; NEEDS_EVIDENCE
https://familyboard.win/zh-tw/guides/familyboard-seasonal-reset-tutorial/,en,false,NO,NO,UNKNOWN,HOLD_REVIEW_NO_ACTION,UNKNOWN,Importer-held/non-public source state; no bulk noindex action.,REPO_EVIDENCE; NEEDS_EVIDENCE
https://familyboard.win/zh-tw/guides/familyboard-seasonal-reset-tutorial/,zh-TW,true,YES,YES,UNKNOWN,NO_CHANGE_PENDING_SEARCH_EVIDENCE,UNKNOWN,No current GSC or URL Inspection evidence for removal; KEEP_INDEXABLE is not search-value proof.,REPO_EVIDENCE; NEEDS_EVIDENCE
https://familyboard.win/zh-tw/guides/familyboard-service-appointment-handoff-tutorial/,en,false,NO,NO,UNKNOWN,HOLD_REVIEW_NO_ACTION,UNKNOWN,Importer-held/non-public source state; no bulk noindex action.,REPO_EVIDENCE; NEEDS_EVIDENCE
https://familyboard.win/zh-tw/guides/familyboard-service-appointment-handoff-tutorial/,zh-TW,true,YES,YES,UNKNOWN,NO_CHANGE_PENDING_SEARCH_EVIDENCE,UNKNOWN,No current GSC or URL Inspection evidence for removal; KEEP_INDEXABLE is not search-value proof.,REPO_EVIDENCE; NEEDS_EVIDENCE
https://familyboard.win/zh-tw/guides/familyboard-service-provider-verification-tutorial/,zh-TW,true,YES,YES,UNKNOWN,NO_CHANGE_PENDING_SEARCH_EVIDENCE,UNKNOWN,No current GSC or URL Inspection evidence for removal; KEEP_INDEXABLE is not search-value proof.,REPO_EVIDENCE; NEEDS_EVIDENCE
https://familyboard.win/zh-tw/guides/familyboard-service-quote-comparison-tutorial/,en,false,NO,NO,UNKNOWN,HOLD_REVIEW_NO_ACTION,UNKNOWN,Importer-held/non-public source state; no bulk noindex action.,REPO_EVIDENCE; NEEDS_EVIDENCE
https://familyboard.win/zh-tw/guides/familyboard-service-quote-comparison-tutorial/,zh-TW,true,YES,YES,UNKNOWN,NO_CHANGE_PENDING_SEARCH_EVIDENCE,UNKNOWN,No current GSC or URL Inspection evidence for removal; KEEP_INDEXABLE is not search-value proof.,REPO_EVIDENCE; NEEDS_EVIDENCE
https://familyboard.win/zh-tw/guides/familyboard-share-access-tutorial/,zh-TW,true,YES,YES,UNKNOWN,NO_CHANGE_PENDING_SEARCH_EVIDENCE,UNKNOWN,No current GSC or URL Inspection evidence for removal; KEEP_INDEXABLE is not search-value proof.,REPO_EVIDENCE; NEEDS_EVIDENCE
https://familyboard.win/zh-tw/guides/familyboard-shared-device-privacy-review-tutorial/,zh-TW,true,YES,YES,UNKNOWN,NO_CHANGE_PENDING_SEARCH_EVIDENCE,UNKNOWN,No current GSC or URL Inspection evidence for removal; KEEP_INDEXABLE is not search-value proof.,REPO_EVIDENCE; NEEDS_EVIDENCE
https://familyboard.win/zh-tw/guides/familyboard-shared-display-privacy-tutorial/,zh-TW,true,YES,YES,UNKNOWN,NO_CHANGE_PENDING_SEARCH_EVIDENCE,UNKNOWN,No current GSC or URL Inspection evidence for removal; KEEP_INDEXABLE is not search-value proof.,REPO_EVIDENCE; NEEDS_EVIDENCE
https://familyboard.win/zh-tw/guides/familyboard-shopping-list-planner-tutorial/,en,false,NO,NO,UNKNOWN,HOLD_REVIEW_NO_ACTION,UNKNOWN,Importer-held/non-public source state; no bulk noindex action.,REPO_EVIDENCE; NEEDS_EVIDENCE
https://familyboard.win/zh-tw/guides/familyboard-shopping-list-planner-tutorial/,zh-TW,true,YES,YES,UNKNOWN,NO_CHANGE_PENDING_SEARCH_EVIDENCE,UNKNOWN,No current GSC or URL Inspection evidence for removal; KEEP_INDEXABLE is not search-value proof.,REPO_EVIDENCE; NEEDS_EVIDENCE
https://familyboard.win/zh-tw/guides/familyboard-storage-health-warning-tutorial/,zh-TW,true,YES,YES,UNKNOWN,NO_CHANGE_PENDING_SEARCH_EVIDENCE,UNKNOWN,No current GSC or URL Inspection evidence for removal; KEEP_INDEXABLE is not search-value proof.,REPO_EVIDENCE; NEEDS_EVIDENCE
https://familyboard.win/zh-tw/guides/familyboard-storage-open-error-tutorial/,zh-TW,true,YES,YES,UNKNOWN,NO_CHANGE_PENDING_SEARCH_EVIDENCE,UNKNOWN,No current GSC or URL Inspection evidence for removal; KEEP_INDEXABLE is not search-value proof.,REPO_EVIDENCE; NEEDS_EVIDENCE
https://familyboard.win/zh-tw/guides/familyboard-storage-unit-access-inventory-log-tutorial/,zh-TW,true,YES,YES,UNKNOWN,NO_CHANGE_PENDING_SEARCH_EVIDENCE,UNKNOWN,No current GSC or URL Inspection evidence for removal; KEEP_INDEXABLE is not search-value proof.,REPO_EVIDENCE; NEEDS_EVIDENCE
https://familyboard.win/zh-tw/guides/familyboard-storm-readiness-review-tutorial/,zh-TW,true,YES,YES,UNKNOWN,NO_CHANGE_PENDING_SEARCH_EVIDENCE,UNKNOWN,No current GSC or URL Inspection evidence for removal; KEEP_INDEXABLE is not search-value proof.,REPO_EVIDENCE; NEEDS_EVIDENCE
https://familyboard.win/zh-tw/guides/familyboard-subscription-cancellation-handoff-tutorial/,zh-TW,true,YES,YES,UNKNOWN,NO_CHANGE_PENDING_SEARCH_EVIDENCE,UNKNOWN,No current GSC or URL Inspection evidence for removal; KEEP_INDEXABLE is not search-value proof.,REPO_EVIDENCE; NEEDS_EVIDENCE
https://familyboard.win/zh-tw/guides/familyboard-subscription-cancellation-result-review-tutorial/,zh-TW,true,YES,YES,UNKNOWN,NO_CHANGE_PENDING_SEARCH_EVIDENCE,UNKNOWN,No current GSC or URL Inspection evidence for removal; KEEP_INDEXABLE is not search-value proof.,REPO_EVIDENCE; NEEDS_EVIDENCE
https://familyboard.win/zh-tw/guides/familyboard-subscription-renewal-review/,zh-TW,true,YES,YES,UNKNOWN,NO_CHANGE_PENDING_SEARCH_EVIDENCE,UNKNOWN,No current GSC or URL Inspection evidence for removal; KEEP_INDEXABLE is not search-value proof.,REPO_EVIDENCE; NEEDS_EVIDENCE
https://familyboard.win/zh-tw/guides/familyboard-task-completion-tutorial/,zh-TW,true,YES,YES,UNKNOWN,NO_CHANGE_PENDING_SEARCH_EVIDENCE,UNKNOWN,No current GSC or URL Inspection evidence for removal; KEEP_INDEXABLE is not search-value proof.,REPO_EVIDENCE; NEEDS_EVIDENCE
https://familyboard.win/zh-tw/guides/familyboard-task-load-calculator-tutorial/,en,false,NO,NO,UNKNOWN,HOLD_REVIEW_NO_ACTION,UNKNOWN,Importer-held/non-public source state; no bulk noindex action.,REPO_EVIDENCE; NEEDS_EVIDENCE
https://familyboard.win/zh-tw/guides/familyboard-task-load-calculator-tutorial/,zh-TW,true,YES,YES,UNKNOWN,NO_CHANGE_PENDING_SEARCH_EVIDENCE,UNKNOWN,No current GSC or URL Inspection evidence for removal; KEEP_INDEXABLE is not search-value proof.,REPO_EVIDENCE; NEEDS_EVIDENCE
https://familyboard.win/zh-tw/guides/familyboard-time-window-overlap-checker-tutorial/,en,false,NO,NO,UNKNOWN,HOLD_REVIEW_NO_ACTION,UNKNOWN,Importer-held/non-public source state; no bulk noindex action.,REPO_EVIDENCE; NEEDS_EVIDENCE
https://familyboard.win/zh-tw/guides/familyboard-time-window-overlap-checker-tutorial/,zh-TW,true,YES,YES,UNKNOWN,NO_CHANGE_PENDING_SEARCH_EVIDENCE,UNKNOWN,No current GSC or URL Inspection evidence for removal; KEEP_INDEXABLE is not search-value proof.,REPO_EVIDENCE; NEEDS_EVIDENCE
https://familyboard.win/zh-tw/guides/familyboard-trip-handoff-tutorial/,zh-TW,true,YES,YES,UNKNOWN,NO_CHANGE_PENDING_SEARCH_EVIDENCE,UNKNOWN,No current GSC or URL Inspection evidence for removal; KEEP_INDEXABLE is not search-value proof.,REPO_EVIDENCE; NEEDS_EVIDENCE
https://familyboard.win/zh-tw/guides/familyboard-trip-packing-handoff-log-tutorial/,zh-TW,true,YES,YES,UNKNOWN,NO_CHANGE_PENDING_SEARCH_EVIDENCE,UNKNOWN,No current GSC or URL Inspection evidence for removal; KEEP_INDEXABLE is not search-value proof.,REPO_EVIDENCE; NEEDS_EVIDENCE
https://familyboard.win/zh-tw/guides/familyboard-utility-bill-anomaly-log-tutorial/,zh-TW,true,YES,YES,UNKNOWN,NO_CHANGE_PENDING_SEARCH_EVIDENCE,UNKNOWN,No current GSC or URL Inspection evidence for removal; KEEP_INDEXABLE is not search-value proof.,REPO_EVIDENCE; NEEDS_EVIDENCE
https://familyboard.win/zh-tw/guides/familyboard-utility-bill-difference-tutorial/,zh-TW,true,YES,YES,UNKNOWN,NO_CHANGE_PENDING_SEARCH_EVIDENCE,UNKNOWN,No current GSC or URL Inspection evidence for removal; KEEP_INDEXABLE is not search-value proof.,REPO_EVIDENCE; NEEDS_EVIDENCE
https://familyboard.win/zh-tw/guides/familyboard-utility-provider-handoff-tutorial/,zh-TW,true,YES,YES,UNKNOWN,NO_CHANGE_PENDING_SEARCH_EVIDENCE,UNKNOWN,No current GSC or URL Inspection evidence for removal; KEEP_INDEXABLE is not search-value proof.,REPO_EVIDENCE; NEEDS_EVIDENCE
https://familyboard.win/zh-tw/guides/familyboard-vacation-shutdown-checklist-generator-tutorial/,zh-TW,true,YES,YES,UNKNOWN,NO_CHANGE_PENDING_SEARCH_EVIDENCE,UNKNOWN,No current GSC or URL Inspection evidence for removal; KEEP_INDEXABLE is not search-value proof.,REPO_EVIDENCE; NEEDS_EVIDENCE
https://familyboard.win/zh-tw/guides/familyboard-vehicle-document-source-status-tutorial/,zh-TW,true,YES,YES,UNKNOWN,NO_CHANGE_PENDING_SEARCH_EVIDENCE,UNKNOWN,No current GSC or URL Inspection evidence for removal; KEEP_INDEXABLE is not search-value proof.,REPO_EVIDENCE; NEEDS_EVIDENCE
https://familyboard.win/zh-tw/guides/familyboard-vendor-onboarding-tutorial/,zh-TW,true,YES,YES,UNKNOWN,NO_CHANGE_PENDING_SEARCH_EVIDENCE,UNKNOWN,No current GSC or URL Inspection evidence for removal; KEEP_INDEXABLE is not search-value proof.,REPO_EVIDENCE; NEEDS_EVIDENCE
https://familyboard.win/zh-tw/guides/familyboard-warranty-checklist-generator-tutorial/,zh-TW,true,YES,YES,UNKNOWN,NO_CHANGE_PENDING_SEARCH_EVIDENCE,UNKNOWN,No current GSC or URL Inspection evidence for removal; KEEP_INDEXABLE is not search-value proof.,REPO_EVIDENCE; NEEDS_EVIDENCE
https://familyboard.win/zh-tw/guides/familyboard-warranty-claim-evidence-log-tutorial/,zh-TW,true,YES,YES,UNKNOWN,NO_CHANGE_PENDING_SEARCH_EVIDENCE,UNKNOWN,No current GSC or URL Inspection evidence for removal; KEEP_INDEXABLE is not search-value proof.,REPO_EVIDENCE; NEEDS_EVIDENCE
https://familyboard.win/zh-tw/guides/familyboard-warranty-expiration-calculator-tutorial/,zh-TW,true,YES,YES,UNKNOWN,NO_CHANGE_PENDING_SEARCH_EVIDENCE,UNKNOWN,No current GSC or URL Inspection evidence for removal; KEEP_INDEXABLE is not search-value proof.,REPO_EVIDENCE; NEEDS_EVIDENCE
https://familyboard.win/zh-tw/guides/familyboard-warranty-tracker-tutorial/,zh-TW,true,YES,YES,UNKNOWN,NO_CHANGE_PENDING_SEARCH_EVIDENCE,UNKNOWN,No current GSC or URL Inspection evidence for removal; KEEP_INDEXABLE is not search-value proof.,REPO_EVIDENCE; NEEDS_EVIDENCE
https://familyboard.win/zh-tw/guides/familyboard-water-leak-event-log-tutorial/,zh-TW,true,YES,YES,UNKNOWN,NO_CHANGE_PENDING_SEARCH_EVIDENCE,UNKNOWN,No current GSC or URL Inspection evidence for removal; KEEP_INDEXABLE is not search-value proof.,REPO_EVIDENCE; NEEDS_EVIDENCE
https://familyboard.win/zh-tw/guides/familyboard-weekly-household-decision-review-tutorial/,zh-TW,true,YES,YES,UNKNOWN,NO_CHANGE_PENDING_SEARCH_EVIDENCE,UNKNOWN,No current GSC or URL Inspection evidence for removal; KEEP_INDEXABLE is not search-value proof.,REPO_EVIDENCE; NEEDS_EVIDENCE
https://familyboard.win/zh-tw/guides/familyboard-weekly-reset-action-tutorial/,zh-TW,true,YES,YES,UNKNOWN,NO_CHANGE_PENDING_SEARCH_EVIDENCE,UNKNOWN,No current GSC or URL Inspection evidence for removal; KEEP_INDEXABLE is not search-value proof.,REPO_EVIDENCE; NEEDS_EVIDENCE
https://familyboard.win/zh-tw/guides/fire-extinguisher-records/,zh-TW,true,YES,YES,UNKNOWN,NO_CHANGE_PENDING_SEARCH_EVIDENCE,UNKNOWN,No current GSC or URL Inspection evidence for removal; KEEP_INDEXABLE is not search-value proof.,REPO_EVIDENCE; NEEDS_EVIDENCE
https://familyboard.win/zh-tw/guides/first-time-homeowner-maintenance-guide/,zh-TW,true,YES,YES,UNKNOWN,NO_CHANGE_PENDING_SEARCH_EVIDENCE,UNKNOWN,No current GSC or URL Inspection evidence for removal; KEEP_INDEXABLE is not search-value proof.,REPO_EVIDENCE; NEEDS_EVIDENCE
https://familyboard.win/zh-tw/guides/freezer-maintenance-checklist/,zh-TW,true,YES,YES,UNKNOWN,NO_CHANGE_PENDING_SEARCH_EVIDENCE,UNKNOWN,No current GSC or URL Inspection evidence for removal; KEEP_INDEXABLE is not search-value proof.,REPO_EVIDENCE; NEEDS_EVIDENCE
https://familyboard.win/zh-tw/guides/furnace-maintenance-records/,zh-TW,true,YES,YES,UNKNOWN,NO_CHANGE_PENDING_SEARCH_EVIDENCE,UNKNOWN,No current GSC or URL Inspection evidence for removal; KEEP_INDEXABLE is not search-value proof.,REPO_EVIDENCE; NEEDS_EVIDENCE
https://familyboard.win/zh-tw/guides/furniture-inventory/,zh-TW,true,YES,YES,UNKNOWN,NO_CHANGE_PENDING_SEARCH_EVIDENCE,UNKNOWN,No current GSC or URL Inspection evidence for removal; KEEP_INDEXABLE is not search-value proof.,REPO_EVIDENCE; NEEDS_EVIDENCE
https://familyboard.win/zh-tw/guides/garbage-disposal-maintenance-guide/,zh-TW,true,YES,YES,UNKNOWN,NO_CHANGE_PENDING_SEARCH_EVIDENCE,UNKNOWN,No current GSC or URL Inspection evidence for removal; KEEP_INDEXABLE is not search-value proof.,REPO_EVIDENCE; NEEDS_EVIDENCE
https://familyboard.win/zh-tw/guides/guest-preparation-checklist/,zh-TW,true,YES,YES,UNKNOWN,NO_CHANGE_PENDING_SEARCH_EVIDENCE,UNKNOWN,No current GSC or URL Inspection evidence for removal; KEEP_INDEXABLE is not search-value proof.,REPO_EVIDENCE; NEEDS_EVIDENCE
https://familyboard.win/zh-tw/guides/heat-pump-maintenance-records/,zh-TW,true,YES,YES,UNKNOWN,NO_CHANGE_PENDING_SEARCH_EVIDENCE,UNKNOWN,No current GSC or URL Inspection evidence for removal; KEEP_INDEXABLE is not search-value proof.,REPO_EVIDENCE; NEEDS_EVIDENCE
https://familyboard.win/zh-tw/guides/home-care-refund-and-collection-notices/,zh-TW,true,YES,YES,UNKNOWN,NO_CHANGE_PENDING_SEARCH_EVIDENCE,UNKNOWN,No current GSC or URL Inspection evidence for removal; KEEP_INDEXABLE is not search-value proof.,REPO_EVIDENCE; NEEDS_EVIDENCE
https://familyboard.win/zh-tw/guides/home-care-service-complaint-resolution/,zh-TW,true,YES,YES,UNKNOWN,NO_CHANGE_PENDING_SEARCH_EVIDENCE,UNKNOWN,No current GSC or URL Inspection evidence for removal; KEEP_INDEXABLE is not search-value proof.,REPO_EVIDENCE; NEEDS_EVIDENCE
https://familyboard.win/zh-tw/guides/home-care-service-fees-and-billing/,zh-TW,true,YES,YES,UNKNOWN,NO_CHANGE_PENDING_SEARCH_EVIDENCE,UNKNOWN,No current GSC or URL Inspection evidence for removal; KEEP_INDEXABLE is not search-value proof.,REPO_EVIDENCE; NEEDS_EVIDENCE
https://familyboard.win/zh-tw/guides/home-care-service-interruption-backup-plan/,zh-TW,true,YES,YES,UNKNOWN,NO_CHANGE_PENDING_SEARCH_EVIDENCE,UNKNOWN,No current GSC or URL Inspection evidence for removal; KEEP_INDEXABLE is not search-value proof.,REPO_EVIDENCE; NEEDS_EVIDENCE
https://familyboard.win/zh-tw/guides/home-care-service-plan-changes/,zh-TW,true,YES,YES,UNKNOWN,NO_CHANGE_PENDING_SEARCH_EVIDENCE,UNKNOWN,No current GSC or URL Inspection evidence for removal; KEEP_INDEXABLE is not search-value proof.,REPO_EVIDENCE; NEEDS_EVIDENCE
https://familyboard.win/zh-tw/guides/home-care-service-visit-records/,zh-TW,true,YES,YES,UNKNOWN,NO_CHANGE_PENDING_SEARCH_EVIDENCE,UNKNOWN,No current GSC or URL Inspection evidence for removal; KEEP_INDEXABLE is not search-value proof.,REPO_EVIDENCE; NEEDS_EVIDENCE
https://familyboard.win/zh-tw/guides/home-contact-list/,zh-TW,true,YES,YES,UNKNOWN,NO_CHANGE_PENDING_SEARCH_EVIDENCE,UNKNOWN,No current GSC or URL Inspection evidence for removal; KEEP_INDEXABLE is not search-value proof.,REPO_EVIDENCE; NEEDS_EVIDENCE
https://familyboard.win/zh-tw/guides/home-evacuation-information/,zh-TW,true,YES,YES,UNKNOWN,NO_CHANGE_PENDING_SEARCH_EVIDENCE,UNKNOWN,No current GSC or URL Inspection evidence for removal; KEEP_INDEXABLE is not search-value proof.,REPO_EVIDENCE; NEEDS_EVIDENCE
https://familyboard.win/zh-tw/guides/home-improvement-receipts/,zh-TW,true,YES,YES,UNKNOWN,NO_CHANGE_PENDING_SEARCH_EVIDENCE,UNKNOWN,No current GSC or URL Inspection evidence for removal; KEEP_INDEXABLE is not search-value proof.,REPO_EVIDENCE; NEEDS_EVIDENCE
https://familyboard.win/zh-tw/guides/home-inventory-checklist/,zh-TW,true,YES,YES,UNKNOWN,NO_CHANGE_PENDING_SEARCH_EVIDENCE,UNKNOWN,No current GSC or URL Inspection evidence for removal; KEEP_INDEXABLE is not search-value proof.,REPO_EVIDENCE; NEEDS_EVIDENCE
https://familyboard.win/zh-tw/guides/home-inventory-for-insurance/,zh-TW,true,YES,YES,UNKNOWN,NO_CHANGE_PENDING_SEARCH_EVIDENCE,UNKNOWN,No current GSC or URL Inspection evidence for removal; KEEP_INDEXABLE is not search-value proof.,REPO_EVIDENCE; NEEDS_EVIDENCE
https://familyboard.win/zh-tw/guides/home-maintenance-after-vacation/,zh-TW,true,YES,YES,UNKNOWN,NO_CHANGE_PENDING_SEARCH_EVIDENCE,UNKNOWN,No current GSC or URL Inspection evidence for removal; KEEP_INDEXABLE is not search-value proof.,REPO_EVIDENCE; NEEDS_EVIDENCE
https://familyboard.win/zh-tw/guides/home-maintenance-binder/,zh-TW,true,YES,YES,UNKNOWN,NO_CHANGE_PENDING_SEARCH_EVIDENCE,UNKNOWN,No current GSC or URL Inspection evidence for removal; KEEP_INDEXABLE is not search-value proof.,REPO_EVIDENCE; NEEDS_EVIDENCE
https://familyboard.win/zh-tw/guides/home-maintenance-budget/,zh-TW,true,YES,YES,UNKNOWN,NO_CHANGE_PENDING_SEARCH_EVIDENCE,UNKNOWN,No current GSC or URL Inspection evidence for removal; KEEP_INDEXABLE is not search-value proof.,REPO_EVIDENCE; NEEDS_EVIDENCE
https://familyboard.win/zh-tw/guides/home-maintenance-calendar/,zh-TW,true,YES,YES,UNKNOWN,NO_CHANGE_PENDING_SEARCH_EVIDENCE,UNKNOWN,No current GSC or URL Inspection evidence for removal; KEEP_INDEXABLE is not search-value proof.,REPO_EVIDENCE; NEEDS_EVIDENCE
https://familyboard.win/zh-tw/guides/home-maintenance-delegation/,zh-TW,true,YES,YES,UNKNOWN,NO_CHANGE_PENDING_SEARCH_EVIDENCE,UNKNOWN,No current GSC or URL Inspection evidence for removal; KEEP_INDEXABLE is not search-value proof.,REPO_EVIDENCE; NEEDS_EVIDENCE
https://familyboard.win/zh-tw/guides/home-maintenance-log/,zh-TW,true,YES,YES,UNKNOWN,NO_CHANGE_PENDING_SEARCH_EVIDENCE,UNKNOWN,No current GSC or URL Inspection evidence for removal; KEEP_INDEXABLE is not search-value proof.,REPO_EVIDENCE; NEEDS_EVIDENCE
https://familyboard.win/zh-tw/guides/home-maintenance-records/,zh-TW,true,YES,YES,UNKNOWN,NO_CHANGE_PENDING_SEARCH_EVIDENCE,UNKNOWN,No current GSC or URL Inspection evidence for removal; KEEP_INDEXABLE is not search-value proof.,REPO_EVIDENCE; NEEDS_EVIDENCE
https://familyboard.win/zh-tw/guides/home-maintenance-reminders/,zh-TW,true,YES,YES,UNKNOWN,NO_CHANGE_PENDING_SEARCH_EVIDENCE,UNKNOWN,No current GSC or URL Inspection evidence for removal; KEEP_INDEXABLE is not search-value proof.,REPO_EVIDENCE; NEEDS_EVIDENCE
https://familyboard.win/zh-tw/guides/home-maintenance-schedule/,zh-TW,true,YES,YES,UNKNOWN,NO_CHANGE_PENDING_SEARCH_EVIDENCE,UNKNOWN,No current GSC or URL Inspection evidence for removal; KEEP_INDEXABLE is not search-value proof.,REPO_EVIDENCE; NEEDS_EVIDENCE
https://familyboard.win/zh-tw/guides/home-purchase-records/,zh-TW,true,YES,YES,UNKNOWN,NO_CHANGE_PENDING_SEARCH_EVIDENCE,UNKNOWN,No current GSC or URL Inspection evidence for removal; KEEP_INDEXABLE is not search-value proof.,REPO_EVIDENCE; NEEDS_EVIDENCE
https://familyboard.win/zh-tw/guides/home-repair-history/,zh-TW,true,YES,YES,UNKNOWN,NO_CHANGE_PENDING_SEARCH_EVIDENCE,UNKNOWN,No current GSC or URL Inspection evidence for removal; KEEP_INDEXABLE is not search-value proof.,REPO_EVIDENCE; NEEDS_EVIDENCE
https://familyboard.win/zh-tw/guides/home-service-provider-list/,zh-TW,true,YES,YES,UNKNOWN,NO_CHANGE_PENDING_SEARCH_EVIDENCE,UNKNOWN,No current GSC or URL Inspection evidence for removal; KEEP_INDEXABLE is not search-value proof.,REPO_EVIDENCE; NEEDS_EVIDENCE
https://familyboard.win/zh-tw/guides/house-sitter-information/,zh-TW,true,YES,YES,UNKNOWN,NO_CHANGE_PENDING_SEARCH_EVIDENCE,UNKNOWN,No current GSC or URL Inspection evidence for removal; KEEP_INDEXABLE is not search-value proof.,REPO_EVIDENCE; NEEDS_EVIDENCE
https://familyboard.win/zh-tw/guides/household-account-list/,zh-TW,true,YES,YES,UNKNOWN,NO_CHANGE_PENDING_SEARCH_EVIDENCE,UNKNOWN,No current GSC or URL Inspection evidence for removal; KEEP_INDEXABLE is not search-value proof.,REPO_EVIDENCE; NEEDS_EVIDENCE
https://familyboard.win/zh-tw/guides/household-admin-backup-person/,zh-TW,true,YES,YES,UNKNOWN,NO_CHANGE_PENDING_SEARCH_EVIDENCE,UNKNOWN,No current GSC or URL Inspection evidence for removal; KEEP_INDEXABLE is not search-value proof.,REPO_EVIDENCE; NEEDS_EVIDENCE
https://familyboard.win/zh-tw/guides/household-admin-day/,zh-TW,true,YES,YES,UNKNOWN,NO_CHANGE_PENDING_SEARCH_EVIDENCE,UNKNOWN,No current GSC or URL Inspection evidence for removal; KEEP_INDEXABLE is not search-value proof.,REPO_EVIDENCE; NEEDS_EVIDENCE
https://familyboard.win/zh-tw/guides/household-documents-organizer/,zh-TW,true,YES,YES,UNKNOWN,NO_CHANGE_PENDING_SEARCH_EVIDENCE,UNKNOWN,No current GSC or URL Inspection evidence for removal; KEEP_INDEXABLE is not search-value proof.,REPO_EVIDENCE; NEEDS_EVIDENCE
https://familyboard.win/zh-tw/guides/household-event-source-check-taiwan/,zh-TW,true,YES,YES,UNKNOWN,NO_CHANGE_PENDING_SEARCH_EVIDENCE,UNKNOWN,No current GSC or URL Inspection evidence for removal; KEEP_INDEXABLE is not search-value proof.,REPO_EVIDENCE; NEEDS_EVIDENCE
https://familyboard.win/zh-tw/guides/household-handoff/,zh-TW,true,YES,YES,UNKNOWN,NO_CHANGE_PENDING_SEARCH_EVIDENCE,UNKNOWN,No current GSC or URL Inspection evidence for removal; KEEP_INDEXABLE is not search-value proof.,REPO_EVIDENCE; NEEDS_EVIDENCE
https://familyboard.win/zh-tw/guides/household-management-checklist/,zh-TW,true,YES,YES,UNKNOWN,NO_CHANGE_PENDING_SEARCH_EVIDENCE,UNKNOWN,No current GSC or URL Inspection evidence for removal; KEEP_INDEXABLE is not search-value proof.,REPO_EVIDENCE; NEEDS_EVIDENCE
https://familyboard.win/zh-tw/guides/household-medical-information-organization/,zh-TW,true,YES,YES,UNKNOWN,NO_CHANGE_PENDING_SEARCH_EVIDENCE,UNKNOWN,No current GSC or URL Inspection evidence for removal; KEEP_INDEXABLE is not search-value proof.,REPO_EVIDENCE; NEEDS_EVIDENCE
https://familyboard.win/zh-tw/guides/household-monthly-review/,zh-TW,true,YES,YES,UNKNOWN,NO_CHANGE_PENDING_SEARCH_EVIDENCE,UNKNOWN,No current GSC or URL Inspection evidence for removal; KEEP_INDEXABLE is not search-value proof.,REPO_EVIDENCE; NEEDS_EVIDENCE
https://familyboard.win/zh-tw/guides/household-replacement-reserve/,zh-TW,true,YES,YES,UNKNOWN,NO_CHANGE_PENDING_SEARCH_EVIDENCE,UNKNOWN,No current GSC or URL Inspection evidence for removal; KEEP_INDEXABLE is not search-value proof.,REPO_EVIDENCE; NEEDS_EVIDENCE
https://familyboard.win/zh-tw/guides/household-shopping-staples/,zh-TW,true,YES,YES,UNKNOWN,NO_CHANGE_PENDING_SEARCH_EVIDENCE,UNKNOWN,No current GSC or URL Inspection evidence for removal; KEEP_INDEXABLE is not search-value proof.,REPO_EVIDENCE; NEEDS_EVIDENCE
https://familyboard.win/zh-tw/guides/household-supplies-inventory/,zh-TW,true,YES,YES,UNKNOWN,NO_CHANGE_PENDING_SEARCH_EVIDENCE,UNKNOWN,No current GSC or URL Inspection evidence for removal; KEEP_INDEXABLE is not search-value proof.,REPO_EVIDENCE; NEEDS_EVIDENCE
https://familyboard.win/zh-tw/guides/household-weekly-reset/,zh-TW,true,YES,YES,UNKNOWN,NO_CHANGE_PENDING_SEARCH_EVIDENCE,UNKNOWN,No current GSC or URL Inspection evidence for removal; KEEP_INDEXABLE is not search-value proof.,REPO_EVIDENCE; NEEDS_EVIDENCE
https://familyboard.win/zh-tw/guides/how-long-to-keep-household-records/,zh-TW,true,YES,YES,UNKNOWN,NO_CHANGE_PENDING_SEARCH_EVIDENCE,UNKNOWN,No current GSC or URL Inspection evidence for removal; KEEP_INDEXABLE is not search-value proof.,REPO_EVIDENCE; NEEDS_EVIDENCE
https://familyboard.win/zh-tw/guides/how-to-track-product-warranties/,zh-TW,true,YES,YES,UNKNOWN,NO_CHANGE_PENDING_SEARCH_EVIDENCE,UNKNOWN,No current GSC or URL Inspection evidence for removal; KEEP_INDEXABLE is not search-value proof.,REPO_EVIDENCE; NEEDS_EVIDENCE
https://familyboard.win/zh-tw/guides/humidifier-maintenance-guide/,zh-TW,true,YES,YES,UNKNOWN,NO_CHANGE_PENDING_SEARCH_EVIDENCE,UNKNOWN,No current GSC or URL Inspection evidence for removal; KEEP_INDEXABLE is not search-value proof.,REPO_EVIDENCE; NEEDS_EVIDENCE
https://familyboard.win/zh-tw/guides/hvac-filter-tracker/,zh-TW,true,YES,YES,UNKNOWN,NO_CHANGE_PENDING_SEARCH_EVIDENCE,UNKNOWN,No current GSC or URL Inspection evidence for removal; KEEP_INDEXABLE is not search-value proof.,REPO_EVIDENCE; NEEDS_EVIDENCE
https://familyboard.win/zh-tw/guides/important-household-documents/,zh-TW,true,YES,YES,UNKNOWN,NO_CHANGE_PENDING_SEARCH_EVIDENCE,UNKNOWN,No current GSC or URL Inspection evidence for removal; KEEP_INDEXABLE is not search-value proof.,REPO_EVIDENCE; NEEDS_EVIDENCE
https://familyboard.win/zh-tw/guides/maintenance-priorities/,zh-TW,true,YES,YES,UNKNOWN,NO_CHANGE_PENDING_SEARCH_EVIDENCE,UNKNOWN,No current GSC or URL Inspection evidence for removal; KEEP_INDEXABLE is not search-value proof.,REPO_EVIDENCE; NEEDS_EVIDENCE
https://familyboard.win/zh-tw/guides/microwave-maintenance-checklist/,zh-TW,true,YES,YES,UNKNOWN,NO_CHANGE_PENDING_SEARCH_EVIDENCE,UNKNOWN,No current GSC or URL Inspection evidence for removal; KEEP_INDEXABLE is not search-value proof.,REPO_EVIDENCE; NEEDS_EVIDENCE
https://familyboard.win/zh-tw/guides/monthly-home-maintenance-checklist/,zh-TW,true,YES,YES,UNKNOWN,NO_CHANGE_PENDING_SEARCH_EVIDENCE,UNKNOWN,No current GSC or URL Inspection evidence for removal; KEEP_INDEXABLE is not search-value proof.,REPO_EVIDENCE; NEEDS_EVIDENCE
https://familyboard.win/zh-tw/guides/move-in-maintenance-checklist/,zh-TW,true,YES,YES,UNKNOWN,NO_CHANGE_PENDING_SEARCH_EVIDENCE,UNKNOWN,No current GSC or URL Inspection evidence for removal; KEEP_INDEXABLE is not search-value proof.,REPO_EVIDENCE; NEEDS_EVIDENCE
https://familyboard.win/zh-tw/guides/move-out-home-records/,zh-TW,true,YES,YES,UNKNOWN,NO_CHANGE_PENDING_SEARCH_EVIDENCE,UNKNOWN,No current GSC or URL Inspection evidence for removal; KEEP_INDEXABLE is not search-value proof.,REPO_EVIDENCE; NEEDS_EVIDENCE
https://familyboard.win/zh-tw/guides/moving-house-organizer/,zh-TW,true,YES,YES,UNKNOWN,NO_CHANGE_PENDING_SEARCH_EVIDENCE,UNKNOWN,No current GSC or URL Inspection evidence for removal; KEEP_INDEXABLE is not search-value proof.,REPO_EVIDENCE; NEEDS_EVIDENCE
https://familyboard.win/zh-tw/guides/moving-inventory/,zh-TW,true,YES,YES,UNKNOWN,NO_CHANGE_PENDING_SEARCH_EVIDENCE,UNKNOWN,No current GSC or URL Inspection evidence for removal; KEEP_INDEXABLE is not search-value proof.,REPO_EVIDENCE; NEEDS_EVIDENCE
https://familyboard.win/zh-tw/guides/new-home-setup-checklist/,zh-TW,true,YES,YES,UNKNOWN,NO_CHANGE_PENDING_SEARCH_EVIDENCE,UNKNOWN,No current GSC or URL Inspection evidence for removal; KEEP_INDEXABLE is not search-value proof.,REPO_EVIDENCE; NEEDS_EVIDENCE
https://familyboard.win/zh-tw/guides/organize-appliance-manuals/,zh-TW,true,YES,YES,UNKNOWN,NO_CHANGE_PENDING_SEARCH_EVIDENCE,UNKNOWN,No current GSC or URL Inspection evidence for removal; KEEP_INDEXABLE is not search-value proof.,REPO_EVIDENCE; NEEDS_EVIDENCE
https://familyboard.win/zh-tw/guides/organize-household-subscriptions/,zh-TW,true,YES,YES,UNKNOWN,NO_CHANGE_PENDING_SEARCH_EVIDENCE,UNKNOWN,No current GSC or URL Inspection evidence for removal; KEEP_INDEXABLE is not search-value proof.,REPO_EVIDENCE; NEEDS_EVIDENCE
https://familyboard.win/zh-tw/guides/organize-insurance-documents/,zh-TW,true,YES,YES,UNKNOWN,NO_CHANGE_PENDING_SEARCH_EVIDENCE,UNKNOWN,No current GSC or URL Inspection evidence for removal; KEEP_INDEXABLE is not search-value proof.,REPO_EVIDENCE; NEEDS_EVIDENCE
https://familyboard.win/zh-tw/guides/organize-pet-records/,zh-TW,true,YES,YES,UNKNOWN,NO_CHANGE_PENDING_SEARCH_EVIDENCE,UNKNOWN,No current GSC or URL Inspection evidence for removal; KEEP_INDEXABLE is not search-value proof.,REPO_EVIDENCE; NEEDS_EVIDENCE
https://familyboard.win/zh-tw/guides/organize-school-records-at-home/,zh-TW,true,YES,YES,UNKNOWN,NO_CHANGE_PENDING_SEARCH_EVIDENCE,UNKNOWN,No current GSC or URL Inspection evidence for removal; KEEP_INDEXABLE is not search-value proof.,REPO_EVIDENCE; NEEDS_EVIDENCE
https://familyboard.win/zh-tw/guides/organize-utility-account-information/,zh-TW,true,YES,YES,UNKNOWN,NO_CHANGE_PENDING_SEARCH_EVIDENCE,UNKNOWN,No current GSC or URL Inspection evidence for removal; KEEP_INDEXABLE is not search-value proof.,REPO_EVIDENCE; NEEDS_EVIDENCE
https://familyboard.win/zh-tw/guides/organize-vehicle-documents-at-home/,zh-TW,true,YES,YES,UNKNOWN,NO_CHANGE_PENDING_SEARCH_EVIDENCE,UNKNOWN,No current GSC or URL Inspection evidence for removal; KEEP_INDEXABLE is not search-value proof.,REPO_EVIDENCE; NEEDS_EVIDENCE
https://familyboard.win/zh-tw/guides/oven-maintenance-checklist/,zh-TW,true,YES,YES,UNKNOWN,NO_CHANGE_PENDING_SEARCH_EVIDENCE,UNKNOWN,No current GSC or URL Inspection evidence for removal; KEEP_INDEXABLE is not search-value proof.,REPO_EVIDENCE; NEEDS_EVIDENCE
https://familyboard.win/zh-tw/guides/pantry-restock-system/,zh-TW,true,YES,YES,UNKNOWN,NO_CHANGE_PENDING_SEARCH_EVIDENCE,UNKNOWN,No current GSC or URL Inspection evidence for removal; KEEP_INDEXABLE is not search-value proof.,REPO_EVIDENCE; NEEDS_EVIDENCE
https://familyboard.win/zh-tw/guides/pet-sitter-information/,zh-TW,true,YES,YES,UNKNOWN,NO_CHANGE_PENDING_SEARCH_EVIDENCE,UNKNOWN,No current GSC or URL Inspection evidence for removal; KEEP_INDEXABLE is not search-value proof.,REPO_EVIDENCE; NEEDS_EVIDENCE
https://familyboard.win/zh-tw/guides/photo-home-inventory/,zh-TW,true,YES,YES,UNKNOWN,NO_CHANGE_PENDING_SEARCH_EVIDENCE,UNKNOWN,No current GSC or URL Inspection evidence for removal; KEEP_INDEXABLE is not search-value proof.,REPO_EVIDENCE; NEEDS_EVIDENCE
https://familyboard.win/zh-tw/guides/power-outage-home-preparedness/,zh-TW,true,YES,YES,UNKNOWN,NO_CHANGE_PENDING_SEARCH_EVIDENCE,UNKNOWN,No current GSC or URL Inspection evidence for removal; KEEP_INDEXABLE is not search-value proof.,REPO_EVIDENCE; NEEDS_EVIDENCE
https://familyboard.win/zh-tw/guides/power-outage-recovery-household-records/,zh-TW,true,YES,YES,UNKNOWN,NO_CHANGE_PENDING_SEARCH_EVIDENCE,UNKNOWN,No current GSC or URL Inspection evidence for removal; KEEP_INDEXABLE is not search-value proof.,REPO_EVIDENCE; NEEDS_EVIDENCE
https://familyboard.win/zh-tw/guides/preventive-home-maintenance/,zh-TW,true,YES,YES,UNKNOWN,NO_CHANGE_PENDING_SEARCH_EVIDENCE,UNKNOWN,No current GSC or URL Inspection evidence for removal; KEEP_INDEXABLE is not search-value proof.,REPO_EVIDENCE; NEEDS_EVIDENCE
https://familyboard.win/zh-tw/guides/product-registration-tracker/,zh-TW,true,YES,YES,UNKNOWN,NO_CHANGE_PENDING_SEARCH_EVIDENCE,UNKNOWN,No current GSC or URL Inspection evidence for removal; KEEP_INDEXABLE is not search-value proof.,REPO_EVIDENCE; NEEDS_EVIDENCE
https://familyboard.win/zh-tw/guides/purchase-receipt-organizer/,zh-TW,true,YES,YES,UNKNOWN,NO_CHANGE_PENDING_SEARCH_EVIDENCE,UNKNOWN,No current GSC or URL Inspection evidence for removal; KEEP_INDEXABLE is not search-value proof.,REPO_EVIDENCE; NEEDS_EVIDENCE
https://familyboard.win/zh-tw/guides/quarterly-home-maintenance-checklist/,zh-TW,true,YES,YES,UNKNOWN,NO_CHANGE_PENDING_SEARCH_EVIDENCE,UNKNOWN,No current GSC or URL Inspection evidence for removal; KEEP_INDEXABLE is not search-value proof.,REPO_EVIDENCE; NEEDS_EVIDENCE
https://familyboard.win/zh-tw/guides/range-hood-maintenance-checklist/,zh-TW,true,YES,YES,UNKNOWN,NO_CHANGE_PENDING_SEARCH_EVIDENCE,UNKNOWN,No current GSC or URL Inspection evidence for removal; KEEP_INDEXABLE is not search-value proof.,REPO_EVIDENCE; NEEDS_EVIDENCE
https://familyboard.win/zh-tw/guides/recurring-bills-tracker/,zh-TW,true,YES,YES,UNKNOWN,NO_CHANGE_PENDING_SEARCH_EVIDENCE,UNKNOWN,No current GSC or URL Inspection evidence for removal; KEEP_INDEXABLE is not search-value proof.,REPO_EVIDENCE; NEEDS_EVIDENCE
https://familyboard.win/zh-tw/guides/recurring-household-tasks/,zh-TW,true,YES,YES,UNKNOWN,NO_CHANGE_PENDING_SEARCH_EVIDENCE,UNKNOWN,No current GSC or URL Inspection evidence for removal; KEEP_INDEXABLE is not search-value proof.,REPO_EVIDENCE; NEEDS_EVIDENCE
https://familyboard.win/zh-tw/guides/refrigerator-maintenance-checklist/,zh-TW,true,YES,YES,UNKNOWN,NO_CHANGE_PENDING_SEARCH_EVIDENCE,UNKNOWN,No current GSC or URL Inspection evidence for removal; KEEP_INDEXABLE is not search-value proof.,REPO_EVIDENCE; NEEDS_EVIDENCE
https://familyboard.win/zh-tw/guides/renovation-records/,zh-TW,true,YES,YES,UNKNOWN,NO_CHANGE_PENDING_SEARCH_EVIDENCE,UNKNOWN,No current GSC or URL Inspection evidence for removal; KEEP_INDEXABLE is not search-value proof.,REPO_EVIDENCE; NEEDS_EVIDENCE
https://familyboard.win/zh-tw/guides/rental-home-maintenance-log/,zh-TW,true,YES,YES,UNKNOWN,NO_CHANGE_PENDING_SEARCH_EVIDENCE,UNKNOWN,No current GSC or URL Inspection evidence for removal; KEEP_INDEXABLE is not search-value proof.,REPO_EVIDENCE; NEEDS_EVIDENCE
https://familyboard.win/zh-tw/guides/rental-security-deposit-move-out-claims/,zh-TW,true,YES,YES,UNKNOWN,NO_CHANGE_PENDING_SEARCH_EVIDENCE,UNKNOWN,No current GSC or URL Inspection evidence for removal; KEEP_INDEXABLE is not search-value proof.,REPO_EVIDENCE; NEEDS_EVIDENCE
https://familyboard.win/zh-tw/guides/repair-history/,zh-TW,true,YES,YES,UNKNOWN,NO_CHANGE_PENDING_SEARCH_EVIDENCE,UNKNOWN,No current GSC or URL Inspection evidence for removal; KEEP_INDEXABLE is not search-value proof.,REPO_EVIDENCE; NEEDS_EVIDENCE
https://familyboard.win/zh-tw/guides/returning-home-after-travel-checklist/,zh-TW,true,YES,YES,UNKNOWN,NO_CHANGE_PENDING_SEARCH_EVIDENCE,UNKNOWN,No current GSC or URL Inspection evidence for removal; KEEP_INDEXABLE is not search-value proof.,REPO_EVIDENCE; NEEDS_EVIDENCE
https://familyboard.win/zh-tw/guides/robot-vacuum-maintenance-guide/,zh-TW,true,YES,YES,UNKNOWN,NO_CHANGE_PENDING_SEARCH_EVIDENCE,UNKNOWN,No current GSC or URL Inspection evidence for removal; KEEP_INDEXABLE is not search-value proof.,REPO_EVIDENCE; NEEDS_EVIDENCE
https://familyboard.win/zh-tw/guides/room-by-room-home-inventory/,zh-TW,true,YES,YES,UNKNOWN,NO_CHANGE_PENDING_SEARCH_EVIDENCE,UNKNOWN,No current GSC or URL Inspection evidence for removal; KEEP_INDEXABLE is not search-value proof.,REPO_EVIDENCE; NEEDS_EVIDENCE
https://familyboard.win/zh-tw/guides/seasonal-home-maintenance-checklist/,zh-TW,true,YES,YES,UNKNOWN,NO_CHANGE_PENDING_SEARCH_EVIDENCE,UNKNOWN,No current GSC or URL Inspection evidence for removal; KEEP_INDEXABLE is not search-value proof.,REPO_EVIDENCE; NEEDS_EVIDENCE
https://familyboard.win/zh-tw/guides/serial-number-tracker/,zh-TW,true,YES,YES,UNKNOWN,NO_CHANGE_PENDING_SEARCH_EVIDENCE,UNKNOWN,No current GSC or URL Inspection evidence for removal; KEEP_INDEXABLE is not search-value proof.,REPO_EVIDENCE; NEEDS_EVIDENCE
https://familyboard.win/zh-tw/guides/service-history/,zh-TW,true,YES,YES,UNKNOWN,NO_CHANGE_PENDING_SEARCH_EVIDENCE,UNKNOWN,No current GSC or URL Inspection evidence for removal; KEEP_INDEXABLE is not search-value proof.,REPO_EVIDENCE; NEEDS_EVIDENCE
https://familyboard.win/zh-tw/guides/service-provider-contact-list/,zh-TW,true,YES,YES,UNKNOWN,NO_CHANGE_PENDING_SEARCH_EVIDENCE,UNKNOWN,No current GSC or URL Inspection evidence for removal; KEEP_INDEXABLE is not search-value proof.,REPO_EVIDENCE; NEEDS_EVIDENCE
https://familyboard.win/zh-tw/guides/smoke-alarm-records/,zh-TW,true,YES,YES,UNKNOWN,NO_CHANGE_PENDING_SEARCH_EVIDENCE,UNKNOWN,No current GSC or URL Inspection evidence for removal; KEEP_INDEXABLE is not search-value proof.,REPO_EVIDENCE; NEEDS_EVIDENCE
https://familyboard.win/zh-tw/guides/solar-panel-maintenance-records/,zh-TW,true,YES,YES,UNKNOWN,NO_CHANGE_PENDING_SEARCH_EVIDENCE,UNKNOWN,No current GSC or URL Inspection evidence for removal; KEEP_INDEXABLE is not search-value proof.,REPO_EVIDENCE; NEEDS_EVIDENCE
https://familyboard.win/zh-tw/guides/spring-home-maintenance-checklist/,zh-TW,true,YES,YES,UNKNOWN,NO_CHANGE_PENDING_SEARCH_EVIDENCE,UNKNOWN,No current GSC or URL Inspection evidence for removal; KEEP_INDEXABLE is not search-value proof.,REPO_EVIDENCE; NEEDS_EVIDENCE
https://familyboard.win/zh-tw/guides/storage-unit-inventory/,zh-TW,true,YES,YES,UNKNOWN,NO_CHANGE_PENDING_SEARCH_EVIDENCE,UNKNOWN,No current GSC or URL Inspection evidence for removal; KEEP_INDEXABLE is not search-value proof.,REPO_EVIDENCE; NEEDS_EVIDENCE
https://familyboard.win/zh-tw/guides/storm-preparation-home-checklist/,zh-TW,true,YES,YES,UNKNOWN,NO_CHANGE_PENDING_SEARCH_EVIDENCE,UNKNOWN,No current GSC or URL Inspection evidence for removal; KEEP_INDEXABLE is not search-value proof.,REPO_EVIDENCE; NEEDS_EVIDENCE
https://familyboard.win/zh-tw/guides/subscription-cancellation-refund-records/,zh-TW,true,YES,YES,UNKNOWN,NO_CHANGE_PENDING_SEARCH_EVIDENCE,UNKNOWN,No current GSC or URL Inspection evidence for removal; KEEP_INDEXABLE is not search-value proof.,REPO_EVIDENCE; NEEDS_EVIDENCE
https://familyboard.win/zh-tw/guides/subscription-renewal-tracker/,zh-TW,true,YES,YES,UNKNOWN,NO_CHANGE_PENDING_SEARCH_EVIDENCE,UNKNOWN,No current GSC or URL Inspection evidence for removal; KEEP_INDEXABLE is not search-value proof.,REPO_EVIDENCE; NEEDS_EVIDENCE
https://familyboard.win/zh-tw/guides/summer-home-maintenance-checklist/,zh-TW,true,YES,YES,UNKNOWN,NO_CHANGE_PENDING_SEARCH_EVIDENCE,UNKNOWN,No current GSC or URL Inspection evidence for removal; KEEP_INDEXABLE is not search-value proof.,REPO_EVIDENCE; NEEDS_EVIDENCE
https://familyboard.win/zh-tw/guides/travel-household-handoff/,zh-TW,true,YES,YES,UNKNOWN,NO_CHANGE_PENDING_SEARCH_EVIDENCE,UNKNOWN,No current GSC or URL Inspection evidence for removal; KEEP_INDEXABLE is not search-value proof.,REPO_EVIDENCE; NEEDS_EVIDENCE
https://familyboard.win/zh-tw/guides/ups-battery-backup-records/,zh-TW,true,YES,YES,UNKNOWN,NO_CHANGE_PENDING_SEARCH_EVIDENCE,UNKNOWN,No current GSC or URL Inspection evidence for removal; KEEP_INDEXABLE is not search-value proof.,REPO_EVIDENCE; NEEDS_EVIDENCE
https://familyboard.win/zh-tw/guides/utility-shutoff-information/,zh-TW,true,YES,YES,UNKNOWN,NO_CHANGE_PENDING_SEARCH_EVIDENCE,UNKNOWN,No current GSC or URL Inspection evidence for removal; KEEP_INDEXABLE is not search-value proof.,REPO_EVIDENCE; NEEDS_EVIDENCE
https://familyboard.win/zh-tw/guides/vacation-home-shutdown-checklist/,zh-TW,true,YES,YES,UNKNOWN,NO_CHANGE_PENDING_SEARCH_EVIDENCE,UNKNOWN,No current GSC or URL Inspection evidence for removal; KEEP_INDEXABLE is not search-value proof.,REPO_EVIDENCE; NEEDS_EVIDENCE
https://familyboard.win/zh-tw/guides/vacuum-cleaner-maintenance-guide/,zh-TW,true,YES,YES,UNKNOWN,NO_CHANGE_PENDING_SEARCH_EVIDENCE,UNKNOWN,No current GSC or URL Inspection evidence for removal; KEEP_INDEXABLE is not search-value proof.,REPO_EVIDENCE; NEEDS_EVIDENCE
https://familyboard.win/zh-tw/guides/valuable-item-inventory/,zh-TW,true,YES,YES,UNKNOWN,NO_CHANGE_PENDING_SEARCH_EVIDENCE,UNKNOWN,No current GSC or URL Inspection evidence for removal; KEEP_INDEXABLE is not search-value proof.,REPO_EVIDENCE; NEEDS_EVIDENCE
https://familyboard.win/zh-tw/guides/warranty-expiration/,zh-TW,true,YES,YES,UNKNOWN,NO_CHANGE_PENDING_SEARCH_EVIDENCE,UNKNOWN,No current GSC or URL Inspection evidence for removal; KEEP_INDEXABLE is not search-value proof.,REPO_EVIDENCE; NEEDS_EVIDENCE
https://familyboard.win/zh-tw/guides/washing-machine-maintenance-checklist/,zh-TW,true,YES,YES,UNKNOWN,NO_CHANGE_PENDING_SEARCH_EVIDENCE,UNKNOWN,No current GSC or URL Inspection evidence for removal; KEEP_INDEXABLE is not search-value proof.,REPO_EVIDENCE; NEEDS_EVIDENCE
https://familyboard.win/zh-tw/guides/water-filter-replacement-guide/,zh-TW,true,YES,YES,UNKNOWN,NO_CHANGE_PENDING_SEARCH_EVIDENCE,UNKNOWN,No current GSC or URL Inspection evidence for removal; KEEP_INDEXABLE is not search-value proof.,REPO_EVIDENCE; NEEDS_EVIDENCE
https://familyboard.win/zh-tw/guides/water-heater-maintenance-records/,zh-TW,true,YES,YES,UNKNOWN,NO_CHANGE_PENDING_SEARCH_EVIDENCE,UNKNOWN,No current GSC or URL Inspection evidence for removal; KEEP_INDEXABLE is not search-value proof.,REPO_EVIDENCE; NEEDS_EVIDENCE
https://familyboard.win/zh-tw/guides/water-leak-photo-evidence-records/,zh-TW,true,YES,YES,UNKNOWN,NO_CHANGE_PENDING_SEARCH_EVIDENCE,UNKNOWN,No current GSC or URL Inspection evidence for removal; KEEP_INDEXABLE is not search-value proof.,REPO_EVIDENCE; NEEDS_EVIDENCE
https://familyboard.win/zh-tw/guides/water-leak-response-home-records/,zh-TW,true,YES,YES,UNKNOWN,NO_CHANGE_PENDING_SEARCH_EVIDENCE,UNKNOWN,No current GSC or URL Inspection evidence for removal; KEEP_INDEXABLE is not search-value proof.,REPO_EVIDENCE; NEEDS_EVIDENCE
https://familyboard.win/zh-tw/guides/water-softener-maintenance-records/,zh-TW,true,YES,YES,UNKNOWN,NO_CHANGE_PENDING_SEARCH_EVIDENCE,UNKNOWN,No current GSC or URL Inspection evidence for removal; KEEP_INDEXABLE is not search-value proof.,REPO_EVIDENCE; NEEDS_EVIDENCE
https://familyboard.win/zh-tw/guides/what-spouse-needs-to-know/,zh-TW,true,YES,YES,UNKNOWN,NO_CHANGE_PENDING_SEARCH_EVIDENCE,UNKNOWN,No current GSC or URL Inspection evidence for removal; KEEP_INDEXABLE is not search-value proof.,REPO_EVIDENCE; NEEDS_EVIDENCE
https://familyboard.win/zh-tw/guides/wifi-router-maintenance-records/,zh-TW,true,YES,YES,UNKNOWN,NO_CHANGE_PENDING_SEARCH_EVIDENCE,UNKNOWN,No current GSC or URL Inspection evidence for removal; KEEP_INDEXABLE is not search-value proof.,REPO_EVIDENCE; NEEDS_EVIDENCE
https://familyboard.win/zh-tw/guides/winter-home-maintenance-checklist/,zh-TW,true,YES,YES,UNKNOWN,NO_CHANGE_PENDING_SEARCH_EVIDENCE,UNKNOWN,No current GSC or URL Inspection evidence for removal; KEEP_INDEXABLE is not search-value proof.,REPO_EVIDENCE; NEEDS_EVIDENCE
https://familyboard.win/zh-tw/pricing/,zh-TW,true,YES,YES,UNKNOWN,NO_CHANGE_PENDING_SEARCH_EVIDENCE,UNKNOWN,No current GSC or URL Inspection evidence for removal; KEEP_INDEXABLE is not search-value proof.,REPO_EVIDENCE; NEEDS_EVIDENCE
https://familyboard.win/zh-tw/privacy/,zh-TW,true,YES,YES,UNKNOWN,NO_CHANGE_PENDING_SEARCH_EVIDENCE,UNKNOWN,No current GSC or URL Inspection evidence for removal; KEEP_INDEXABLE is not search-value proof.,REPO_EVIDENCE; NEEDS_EVIDENCE
https://familyboard.win/zh-tw/roadmap/,zh-TW,true,YES,YES,UNKNOWN,NO_CHANGE_PENDING_SEARCH_EVIDENCE,UNKNOWN,No current GSC or URL Inspection evidence for removal; KEEP_INDEXABLE is not search-value proof.,REPO_EVIDENCE; NEEDS_EVIDENCE
https://familyboard.win/zh-tw/security/,zh-TW,true,YES,YES,UNKNOWN,NO_CHANGE_PENDING_SEARCH_EVIDENCE,UNKNOWN,No current GSC or URL Inspection evidence for removal; KEEP_INDEXABLE is not search-value proof.,REPO_EVIDENCE; NEEDS_EVIDENCE
https://familyboard.win/zh-tw/templates/,en,true,YES,YES,UNKNOWN,NO_CHANGE_PENDING_SEARCH_EVIDENCE,UNKNOWN,No current GSC or URL Inspection evidence for removal; KEEP_INDEXABLE is not search-value proof.,REPO_EVIDENCE; NEEDS_EVIDENCE
https://familyboard.win/zh-tw/templates/,zh-TW,true,YES,YES,UNKNOWN,NO_CHANGE_PENDING_SEARCH_EVIDENCE,UNKNOWN,No current GSC or URL Inspection evidence for removal; KEEP_INDEXABLE is not search-value proof.,REPO_EVIDENCE; NEEDS_EVIDENCE
https://familyboard.win/zh-tw/templates/printable-annual-renewals/,en,true,YES,YES,UNKNOWN,NO_CHANGE_PENDING_SEARCH_EVIDENCE,UNKNOWN,No current GSC or URL Inspection evidence for removal; KEEP_INDEXABLE is not search-value proof.,REPO_EVIDENCE; NEEDS_EVIDENCE
https://familyboard.win/zh-tw/templates/printable-annual-renewals/,zh-TW,true,YES,YES,UNKNOWN,NO_CHANGE_PENDING_SEARCH_EVIDENCE,UNKNOWN,No current GSC or URL Inspection evidence for removal; KEEP_INDEXABLE is not search-value proof.,REPO_EVIDENCE; NEEDS_EVIDENCE
https://familyboard.win/zh-tw/templates/printable-appliance-inventory/,en,true,YES,YES,UNKNOWN,NO_CHANGE_PENDING_SEARCH_EVIDENCE,UNKNOWN,No current GSC or URL Inspection evidence for removal; KEEP_INDEXABLE is not search-value proof.,REPO_EVIDENCE; NEEDS_EVIDENCE
https://familyboard.win/zh-tw/templates/printable-appliance-inventory/,zh-TW,true,YES,YES,UNKNOWN,NO_CHANGE_PENDING_SEARCH_EVIDENCE,UNKNOWN,No current GSC or URL Inspection evidence for removal; KEEP_INDEXABLE is not search-value proof.,REPO_EVIDENCE; NEEDS_EVIDENCE
https://familyboard.win/zh-tw/templates/printable-chore-chart/,en,true,YES,YES,UNKNOWN,NO_CHANGE_PENDING_SEARCH_EVIDENCE,UNKNOWN,No current GSC or URL Inspection evidence for removal; KEEP_INDEXABLE is not search-value proof.,REPO_EVIDENCE; NEEDS_EVIDENCE
https://familyboard.win/zh-tw/templates/printable-chore-chart/,zh-TW,true,YES,YES,UNKNOWN,NO_CHANGE_PENDING_SEARCH_EVIDENCE,UNKNOWN,No current GSC or URL Inspection evidence for removal; KEEP_INDEXABLE is not search-value proof.,REPO_EVIDENCE; NEEDS_EVIDENCE
https://familyboard.win/zh-tw/templates/printable-cleaning-schedule/,en,true,YES,YES,UNKNOWN,NO_CHANGE_PENDING_SEARCH_EVIDENCE,UNKNOWN,No current GSC or URL Inspection evidence for removal; KEEP_INDEXABLE is not search-value proof.,REPO_EVIDENCE; NEEDS_EVIDENCE
https://familyboard.win/zh-tw/templates/printable-cleaning-schedule/,zh-TW,true,YES,YES,UNKNOWN,NO_CHANGE_PENDING_SEARCH_EVIDENCE,UNKNOWN,No current GSC or URL Inspection evidence for removal; KEEP_INDEXABLE is not search-value proof.,REPO_EVIDENCE; NEEDS_EVIDENCE
https://familyboard.win/zh-tw/templates/printable-emergency-contacts/,en,true,YES,YES,UNKNOWN,NO_CHANGE_PENDING_SEARCH_EVIDENCE,UNKNOWN,No current GSC or URL Inspection evidence for removal; KEEP_INDEXABLE is not search-value proof.,REPO_EVIDENCE; NEEDS_EVIDENCE
https://familyboard.win/zh-tw/templates/printable-emergency-contacts/,zh-TW,true,YES,YES,UNKNOWN,NO_CHANGE_PENDING_SEARCH_EVIDENCE,UNKNOWN,No current GSC or URL Inspection evidence for removal; KEEP_INDEXABLE is not search-value proof.,REPO_EVIDENCE; NEEDS_EVIDENCE
https://familyboard.win/zh-tw/templates/printable-home-inventory-template/,en,true,YES,YES,UNKNOWN,NO_CHANGE_PENDING_SEARCH_EVIDENCE,UNKNOWN,No current GSC or URL Inspection evidence for removal; KEEP_INDEXABLE is not search-value proof.,REPO_EVIDENCE; NEEDS_EVIDENCE
https://familyboard.win/zh-tw/templates/printable-home-inventory-template/,zh-TW,true,YES,YES,UNKNOWN,NO_CHANGE_PENDING_SEARCH_EVIDENCE,UNKNOWN,No current GSC or URL Inspection evidence for removal; KEEP_INDEXABLE is not search-value proof.,REPO_EVIDENCE; NEEDS_EVIDENCE
https://familyboard.win/zh-tw/templates/printable-household-contacts/,en,true,YES,YES,UNKNOWN,NO_CHANGE_PENDING_SEARCH_EVIDENCE,UNKNOWN,No current GSC or URL Inspection evidence for removal; KEEP_INDEXABLE is not search-value proof.,REPO_EVIDENCE; NEEDS_EVIDENCE
https://familyboard.win/zh-tw/templates/printable-household-contacts/,zh-TW,true,YES,YES,UNKNOWN,NO_CHANGE_PENDING_SEARCH_EVIDENCE,UNKNOWN,No current GSC or URL Inspection evidence for removal; KEEP_INDEXABLE is not search-value proof.,REPO_EVIDENCE; NEEDS_EVIDENCE
https://familyboard.win/zh-tw/templates/printable-household-handoff-sheet/,en,true,YES,YES,UNKNOWN,NO_CHANGE_PENDING_SEARCH_EVIDENCE,UNKNOWN,No current GSC or URL Inspection evidence for removal; KEEP_INDEXABLE is not search-value proof.,REPO_EVIDENCE; NEEDS_EVIDENCE
https://familyboard.win/zh-tw/templates/printable-household-handoff-sheet/,zh-TW,true,YES,YES,UNKNOWN,NO_CHANGE_PENDING_SEARCH_EVIDENCE,UNKNOWN,No current GSC or URL Inspection evidence for removal; KEEP_INDEXABLE is not search-value proof.,REPO_EVIDENCE; NEEDS_EVIDENCE
https://familyboard.win/zh-tw/templates/printable-repair-log/,en,true,YES,YES,UNKNOWN,NO_CHANGE_PENDING_SEARCH_EVIDENCE,UNKNOWN,No current GSC or URL Inspection evidence for removal; KEEP_INDEXABLE is not search-value proof.,REPO_EVIDENCE; NEEDS_EVIDENCE
https://familyboard.win/zh-tw/templates/printable-repair-log/,zh-TW,true,YES,YES,UNKNOWN,NO_CHANGE_PENDING_SEARCH_EVIDENCE,UNKNOWN,No current GSC or URL Inspection evidence for removal; KEEP_INDEXABLE is not search-value proof.,REPO_EVIDENCE; NEEDS_EVIDENCE
https://familyboard.win/zh-tw/templates/printable-service-provider-list/,en,true,YES,YES,UNKNOWN,NO_CHANGE_PENDING_SEARCH_EVIDENCE,UNKNOWN,No current GSC or URL Inspection evidence for removal; KEEP_INDEXABLE is not search-value proof.,REPO_EVIDENCE; NEEDS_EVIDENCE
https://familyboard.win/zh-tw/templates/printable-service-provider-list/,zh-TW,true,YES,YES,UNKNOWN,NO_CHANGE_PENDING_SEARCH_EVIDENCE,UNKNOWN,No current GSC or URL Inspection evidence for removal; KEEP_INDEXABLE is not search-value proof.,REPO_EVIDENCE; NEEDS_EVIDENCE
https://familyboard.win/zh-tw/templates/printable-subscription-tracker/,en,true,YES,YES,UNKNOWN,NO_CHANGE_PENDING_SEARCH_EVIDENCE,UNKNOWN,No current GSC or URL Inspection evidence for removal; KEEP_INDEXABLE is not search-value proof.,REPO_EVIDENCE; NEEDS_EVIDENCE
https://familyboard.win/zh-tw/templates/printable-subscription-tracker/,zh-TW,true,YES,YES,UNKNOWN,NO_CHANGE_PENDING_SEARCH_EVIDENCE,UNKNOWN,No current GSC or URL Inspection evidence for removal; KEEP_INDEXABLE is not search-value proof.,REPO_EVIDENCE; NEEDS_EVIDENCE
https://familyboard.win/zh-tw/templates/printable-warranty-tracker/,en,true,YES,YES,UNKNOWN,NO_CHANGE_PENDING_SEARCH_EVIDENCE,UNKNOWN,No current GSC or URL Inspection evidence for removal; KEEP_INDEXABLE is not search-value proof.,REPO_EVIDENCE; NEEDS_EVIDENCE
https://familyboard.win/zh-tw/templates/printable-warranty-tracker/,zh-TW,true,YES,YES,UNKNOWN,NO_CHANGE_PENDING_SEARCH_EVIDENCE,UNKNOWN,No current GSC or URL Inspection evidence for removal; KEEP_INDEXABLE is not search-value proof.,REPO_EVIDENCE; NEEDS_EVIDENCE
https://familyboard.win/zh-tw/terms/,zh-TW,true,YES,YES,UNKNOWN,NO_CHANGE_PENDING_SEARCH_EVIDENCE,UNKNOWN,No current GSC or URL Inspection evidence for removal; KEEP_INDEXABLE is not search-value proof.,REPO_EVIDENCE; NEEDS_EVIDENCE
https://familyboard.win/zh-tw/tools/,en,true,YES,YES,UNKNOWN,NO_CHANGE_PENDING_SEARCH_EVIDENCE,UNKNOWN,No current GSC or URL Inspection evidence for removal; KEEP_INDEXABLE is not search-value proof.,REPO_EVIDENCE; NEEDS_EVIDENCE
https://familyboard.win/zh-tw/tools/,zh-TW,true,YES,YES,UNKNOWN,NO_CHANGE_PENDING_SEARCH_EVIDENCE,UNKNOWN,No current GSC or URL Inspection evidence for removal; KEEP_INDEXABLE is not search-value proof.,REPO_EVIDENCE; NEEDS_EVIDENCE
https://familyboard.win/zh-tw/tools/annual-subscription-cost-calculator/,zh-TW,true,YES,YES,UNKNOWN,NO_CHANGE_PENDING_SEARCH_EVIDENCE,UNKNOWN,No current GSC or URL Inspection evidence for removal; KEEP_INDEXABLE is not search-value proof.,REPO_EVIDENCE; NEEDS_EVIDENCE
https://familyboard.win/zh-tw/tools/appliance-age-calculator/,zh-TW,true,YES,YES,UNKNOWN,NO_CHANGE_PENDING_SEARCH_EVIDENCE,UNKNOWN,No current GSC or URL Inspection evidence for removal; KEEP_INDEXABLE is not search-value proof.,REPO_EVIDENCE; NEEDS_EVIDENCE
https://familyboard.win/zh-tw/tools/appliance-maintenance-checklist-generator/,zh-TW,true,YES,YES,UNKNOWN,NO_CHANGE_PENDING_SEARCH_EVIDENCE,UNKNOWN,No current GSC or URL Inspection evidence for removal; KEEP_INDEXABLE is not search-value proof.,REPO_EVIDENCE; NEEDS_EVIDENCE
https://familyboard.win/zh-tw/tools/appliance-manual-source-check-log/,zh-TW,true,YES,YES,UNKNOWN,NO_CHANGE_PENDING_SEARCH_EVIDENCE,UNKNOWN,No current GSC or URL Inspection evidence for removal; KEEP_INDEXABLE is not search-value proof.,REPO_EVIDENCE; NEEDS_EVIDENCE
https://familyboard.win/zh-tw/tools/appliance-purchase-installation-record/,zh-TW,true,YES,YES,UNKNOWN,NO_CHANGE_PENDING_SEARCH_EVIDENCE,UNKNOWN,No current GSC or URL Inspection evidence for removal; KEEP_INDEXABLE is not search-value proof.,REPO_EVIDENCE; NEEDS_EVIDENCE
https://familyboard.win/zh-tw/tools/appliance-repair-callback-log/,zh-TW,true,YES,YES,UNKNOWN,NO_CHANGE_PENDING_SEARCH_EVIDENCE,UNKNOWN,No current GSC or URL Inspection evidence for removal; KEEP_INDEXABLE is not search-value proof.,REPO_EVIDENCE; NEEDS_EVIDENCE
https://familyboard.win/zh-tw/tools/appliance-replacement-planner/,zh-TW,true,YES,YES,UNKNOWN,NO_CHANGE_PENDING_SEARCH_EVIDENCE,UNKNOWN,No current GSC or URL Inspection evidence for removal; KEEP_INDEXABLE is not search-value proof.,REPO_EVIDENCE; NEEDS_EVIDENCE
https://familyboard.win/zh-tw/tools/appliance-service-visit-log/,zh-TW,true,YES,YES,UNKNOWN,NO_CHANGE_PENDING_SEARCH_EVIDENCE,UNKNOWN,No current GSC or URL Inspection evidence for removal; KEEP_INDEXABLE is not search-value proof.,REPO_EVIDENCE; NEEDS_EVIDENCE
https://familyboard.win/zh-tw/tools/caregiver-handoff-source-authorization-log/,zh-TW,true,YES,YES,UNKNOWN,NO_CHANGE_PENDING_SEARCH_EVIDENCE,UNKNOWN,No current GSC or URL Inspection evidence for removal; KEEP_INDEXABLE is not search-value proof.,REPO_EVIDENCE; NEEDS_EVIDENCE
https://familyboard.win/zh-tw/tools/cleaning-schedule-generator/,zh-TW,true,YES,YES,UNKNOWN,NO_CHANGE_PENDING_SEARCH_EVIDENCE,UNKNOWN,No current GSC or URL Inspection evidence for removal; KEEP_INDEXABLE is not search-value proof.,REPO_EVIDENCE; NEEDS_EVIDENCE
https://familyboard.win/zh-tw/tools/emergency-binder-generator/,zh-TW,true,YES,YES,UNKNOWN,NO_CHANGE_PENDING_SEARCH_EVIDENCE,UNKNOWN,No current GSC or URL Inspection evidence for removal; KEEP_INDEXABLE is not search-value proof.,REPO_EVIDENCE; NEEDS_EVIDENCE
https://familyboard.win/zh-tw/tools/emergency-contact-sheet-generator/,zh-TW,true,YES,YES,UNKNOWN,NO_CHANGE_PENDING_SEARCH_EVIDENCE,UNKNOWN,No current GSC or URL Inspection evidence for removal; KEEP_INDEXABLE is not search-value proof.,REPO_EVIDENCE; NEEDS_EVIDENCE
https://familyboard.win/zh-tw/tools/emergency-contact-verification-log/,zh-TW,true,YES,YES,UNKNOWN,NO_CHANGE_PENDING_SEARCH_EVIDENCE,UNKNOWN,No current GSC or URL Inspection evidence for removal; KEEP_INDEXABLE is not search-value proof.,REPO_EVIDENCE; NEEDS_EVIDENCE
https://familyboard.win/zh-tw/tools/emergency-supply-inventory-audit/,zh-TW,true,YES,YES,UNKNOWN,NO_CHANGE_PENDING_SEARCH_EVIDENCE,UNKNOWN,No current GSC or URL Inspection evidence for removal; KEEP_INDEXABLE is not search-value proof.,REPO_EVIDENCE; NEEDS_EVIDENCE
https://familyboard.win/zh-tw/tools/home-care-charge-service-payment-discrepancy-log/,zh-TW,true,YES,YES,UNKNOWN,NO_CHANGE_PENDING_SEARCH_EVIDENCE,UNKNOWN,No current GSC or URL Inspection evidence for removal; KEEP_INDEXABLE is not search-value proof.,REPO_EVIDENCE; NEEDS_EVIDENCE
https://familyboard.win/zh-tw/tools/home-care-complaint-response-resolution-log/,zh-TW,true,YES,YES,UNKNOWN,NO_CHANGE_PENDING_SEARCH_EVIDENCE,UNKNOWN,No current GSC or URL Inspection evidence for removal; KEEP_INDEXABLE is not search-value proof.,REPO_EVIDENCE; NEEDS_EVIDENCE
https://familyboard.win/zh-tw/tools/home-care-payment-refund-collection-notice-log/,zh-TW,true,YES,YES,UNKNOWN,NO_CHANGE_PENDING_SEARCH_EVIDENCE,UNKNOWN,No current GSC or URL Inspection evidence for removal; KEEP_INDEXABLE is not search-value proof.,REPO_EVIDENCE; NEEDS_EVIDENCE
https://familyboard.win/zh-tw/tools/home-care-service-interruption-backup-continuity-log/,zh-TW,true,YES,YES,UNKNOWN,NO_CHANGE_PENDING_SEARCH_EVIDENCE,UNKNOWN,No current GSC or URL Inspection evidence for removal; KEEP_INDEXABLE is not search-value proof.,REPO_EVIDENCE; NEEDS_EVIDENCE
https://familyboard.win/zh-tw/tools/home-care-service-plan-change-notice-log/,zh-TW,true,YES,YES,UNKNOWN,NO_CHANGE_PENDING_SEARCH_EVIDENCE,UNKNOWN,No current GSC or URL Inspection evidence for removal; KEEP_INDEXABLE is not search-value proof.,REPO_EVIDENCE; NEEDS_EVIDENCE
https://familyboard.win/zh-tw/tools/home-care-visit-scope-service-result-log/,zh-TW,true,YES,YES,UNKNOWN,NO_CHANGE_PENDING_SEARCH_EVIDENCE,UNKNOWN,No current GSC or URL Inspection evidence for removal; KEEP_INDEXABLE is not search-value proof.,REPO_EVIDENCE; NEEDS_EVIDENCE
https://familyboard.win/zh-tw/tools/home-emergency-drill-record-generator/,zh-TW,true,YES,YES,UNKNOWN,NO_CHANGE_PENDING_SEARCH_EVIDENCE,UNKNOWN,No current GSC or URL Inspection evidence for removal; KEEP_INDEXABLE is not search-value proof.,REPO_EVIDENCE; NEEDS_EVIDENCE
https://familyboard.win/zh-tw/tools/home-handoff-summary-generator/,zh-TW,true,YES,YES,UNKNOWN,NO_CHANGE_PENDING_SEARCH_EVIDENCE,UNKNOWN,No current GSC or URL Inspection evidence for removal; KEEP_INDEXABLE is not search-value proof.,REPO_EVIDENCE; NEEDS_EVIDENCE
https://familyboard.win/zh-tw/tools/home-inventory-checklist-generator/,zh-TW,true,YES,YES,UNKNOWN,NO_CHANGE_PENDING_SEARCH_EVIDENCE,UNKNOWN,No current GSC or URL Inspection evidence for removal; KEEP_INDEXABLE is not search-value proof.,REPO_EVIDENCE; NEEDS_EVIDENCE
https://familyboard.win/zh-tw/tools/home-maintenance-cost-tracker/,zh-TW,true,YES,YES,UNKNOWN,NO_CHANGE_PENDING_SEARCH_EVIDENCE,UNKNOWN,No current GSC or URL Inspection evidence for removal; KEEP_INDEXABLE is not search-value proof.,REPO_EVIDENCE; NEEDS_EVIDENCE
https://familyboard.win/zh-tw/tools/home-maintenance-schedule-generator/,zh-TW,true,YES,YES,UNKNOWN,NO_CHANGE_PENDING_SEARCH_EVIDENCE,UNKNOWN,No current GSC or URL Inspection evidence for removal; KEEP_INDEXABLE is not search-value proof.,REPO_EVIDENCE; NEEDS_EVIDENCE
https://familyboard.win/zh-tw/tools/home-repair-change-order-log/,zh-TW,true,YES,YES,UNKNOWN,NO_CHANGE_PENDING_SEARCH_EVIDENCE,UNKNOWN,No current GSC or URL Inspection evidence for removal; KEEP_INDEXABLE is not search-value proof.,REPO_EVIDENCE; NEEDS_EVIDENCE
https://familyboard.win/zh-tw/tools/home-repair-closeout-checklist/,zh-TW,true,YES,YES,UNKNOWN,NO_CHANGE_PENDING_SEARCH_EVIDENCE,UNKNOWN,No current GSC or URL Inspection evidence for removal; KEEP_INDEXABLE is not search-value proof.,REPO_EVIDENCE; NEEDS_EVIDENCE
https://familyboard.win/zh-tw/tools/home-repair-cost-log/,zh-TW,true,YES,YES,UNKNOWN,NO_CHANGE_PENDING_SEARCH_EVIDENCE,UNKNOWN,No current GSC or URL Inspection evidence for removal; KEEP_INDEXABLE is not search-value proof.,REPO_EVIDENCE; NEEDS_EVIDENCE
https://familyboard.win/zh-tw/tools/home-repair-punch-list/,zh-TW,true,YES,YES,UNKNOWN,NO_CHANGE_PENDING_SEARCH_EVIDENCE,UNKNOWN,No current GSC or URL Inspection evidence for removal; KEEP_INDEXABLE is not search-value proof.,REPO_EVIDENCE; NEEDS_EVIDENCE
https://familyboard.win/zh-tw/tools/home-service-provider-verification-log/,zh-TW,true,YES,YES,UNKNOWN,NO_CHANGE_PENDING_SEARCH_EVIDENCE,UNKNOWN,No current GSC or URL Inspection evidence for removal; KEEP_INDEXABLE is not search-value proof.,REPO_EVIDENCE; NEEDS_EVIDENCE
https://familyboard.win/zh-tw/tools/home-service-reminder-generator/,zh-TW,true,YES,YES,UNKNOWN,NO_CHANGE_PENDING_SEARCH_EVIDENCE,UNKNOWN,No current GSC or URL Inspection evidence for removal; KEEP_INDEXABLE is not search-value proof.,REPO_EVIDENCE; NEEDS_EVIDENCE
https://familyboard.win/zh-tw/tools/house-sitter-instruction-generator/,zh-TW,true,YES,YES,UNKNOWN,NO_CHANGE_PENDING_SEARCH_EVIDENCE,UNKNOWN,No current GSC or URL Inspection evidence for removal; KEEP_INDEXABLE is not search-value proof.,REPO_EVIDENCE; NEEDS_EVIDENCE
https://familyboard.win/zh-tw/tools/household-accessibility-walkthrough-log/,zh-TW,true,YES,YES,UNKNOWN,NO_CHANGE_PENDING_SEARCH_EVIDENCE,UNKNOWN,No current GSC or URL Inspection evidence for removal; KEEP_INDEXABLE is not search-value proof.,REPO_EVIDENCE; NEEDS_EVIDENCE
https://familyboard.win/zh-tw/tools/household-account-list/,zh-TW,true,YES,YES,UNKNOWN,NO_CHANGE_PENDING_SEARCH_EVIDENCE,UNKNOWN,No current GSC or URL Inspection evidence for removal; KEEP_INDEXABLE is not search-value proof.,REPO_EVIDENCE; NEEDS_EVIDENCE
https://familyboard.win/zh-tw/tools/household-annual-review-generator/,zh-TW,true,YES,YES,UNKNOWN,NO_CHANGE_PENDING_SEARCH_EVIDENCE,UNKNOWN,No current GSC or URL Inspection evidence for removal; KEEP_INDEXABLE is not search-value proof.,REPO_EVIDENCE; NEEDS_EVIDENCE
https://familyboard.win/zh-tw/tools/household-backup-recovery-checker/,zh-TW,true,YES,YES,UNKNOWN,NO_CHANGE_PENDING_SEARCH_EVIDENCE,UNKNOWN,No current GSC or URL Inspection evidence for removal; KEEP_INDEXABLE is not search-value proof.,REPO_EVIDENCE; NEEDS_EVIDENCE
https://familyboard.win/zh-tw/tools/household-bill-source-status-log/,zh-TW,true,YES,YES,UNKNOWN,NO_CHANGE_PENDING_SEARCH_EVIDENCE,UNKNOWN,No current GSC or URL Inspection evidence for removal; KEEP_INDEXABLE is not search-value proof.,REPO_EVIDENCE; NEEDS_EVIDENCE
https://familyboard.win/zh-tw/tools/household-building-notice-response-log/,zh-TW,true,YES,YES,UNKNOWN,NO_CHANGE_PENDING_SEARCH_EVIDENCE,UNKNOWN,No current GSC or URL Inspection evidence for removal; KEEP_INDEXABLE is not search-value proof.,REPO_EVIDENCE; NEEDS_EVIDENCE
https://familyboard.win/zh-tw/tools/household-clothing-care-repair-log/,zh-TW,true,YES,YES,UNKNOWN,NO_CHANGE_PENDING_SEARCH_EVIDENCE,UNKNOWN,No current GSC or URL Inspection evidence for removal; KEEP_INDEXABLE is not search-value proof.,REPO_EVIDENCE; NEEDS_EVIDENCE
https://familyboard.win/zh-tw/tools/household-consumable-change-history-log/,zh-TW,true,YES,YES,UNKNOWN,NO_CHANGE_PENDING_SEARCH_EVIDENCE,UNKNOWN,No current GSC or URL Inspection evidence for removal; KEEP_INDEXABLE is not search-value proof.,REPO_EVIDENCE; NEEDS_EVIDENCE
https://familyboard.win/zh-tw/tools/household-date-offset-planner/,en,true,YES,YES,UNKNOWN,NO_CHANGE_PENDING_SEARCH_EVIDENCE,UNKNOWN,No current GSC or URL Inspection evidence for removal; KEEP_INDEXABLE is not search-value proof.,REPO_EVIDENCE; NEEDS_EVIDENCE
https://familyboard.win/zh-tw/tools/household-date-offset-planner/,zh-TW,true,YES,YES,UNKNOWN,NO_CHANGE_PENDING_SEARCH_EVIDENCE,UNKNOWN,No current GSC or URL Inspection evidence for removal; KEEP_INDEXABLE is not search-value proof.,REPO_EVIDENCE; NEEDS_EVIDENCE
https://familyboard.win/zh-tw/tools/household-decision-register/,zh-TW,true,YES,YES,UNKNOWN,NO_CHANGE_PENDING_SEARCH_EVIDENCE,UNKNOWN,No current GSC or URL Inspection evidence for removal; KEEP_INDEXABLE is not search-value proof.,REPO_EVIDENCE; NEEDS_EVIDENCE
https://familyboard.win/zh-tw/tools/household-device-retirement-handoff-log/,en,true,YES,YES,UNKNOWN,NO_CHANGE_PENDING_SEARCH_EVIDENCE,UNKNOWN,No current GSC or URL Inspection evidence for removal; KEEP_INDEXABLE is not search-value proof.,REPO_EVIDENCE; NEEDS_EVIDENCE
https://familyboard.win/zh-tw/tools/household-device-retirement-handoff-log/,zh-TW,true,YES,YES,UNKNOWN,NO_CHANGE_PENDING_SEARCH_EVIDENCE,UNKNOWN,No current GSC or URL Inspection evidence for removal; KEEP_INDEXABLE is not search-value proof.,REPO_EVIDENCE; NEEDS_EVIDENCE
https://familyboard.win/zh-tw/tools/household-document-index-generator/,zh-TW,true,YES,YES,UNKNOWN,NO_CHANGE_PENDING_SEARCH_EVIDENCE,UNKNOWN,No current GSC or URL Inspection evidence for removal; KEEP_INDEXABLE is not search-value proof.,REPO_EVIDENCE; NEEDS_EVIDENCE
https://familyboard.win/zh-tw/tools/household-document-renewal-review-log/,zh-TW,true,YES,YES,UNKNOWN,NO_CHANGE_PENDING_SEARCH_EVIDENCE,UNKNOWN,No current GSC or URL Inspection evidence for removal; KEEP_INDEXABLE is not search-value proof.,REPO_EVIDENCE; NEEDS_EVIDENCE
https://familyboard.win/zh-tw/tools/household-donation-handoff-log/,zh-TW,true,YES,YES,UNKNOWN,NO_CHANGE_PENDING_SEARCH_EVIDENCE,UNKNOWN,No current GSC or URL Inspection evidence for removal; KEEP_INDEXABLE is not search-value proof.,REPO_EVIDENCE; NEEDS_EVIDENCE
https://familyboard.win/zh-tw/tools/household-event-duration-calculator/,zh-TW,true,YES,YES,UNKNOWN,NO_CHANGE_PENDING_SEARCH_EVIDENCE,UNKNOWN,No current GSC or URL Inspection evidence for removal; KEEP_INDEXABLE is not search-value proof.,REPO_EVIDENCE; NEEDS_EVIDENCE
https://familyboard.win/zh-tw/tools/household-event-source-index-log/,zh-TW,true,YES,YES,UNKNOWN,NO_CHANGE_PENDING_SEARCH_EVIDENCE,UNKNOWN,No current GSC or URL Inspection evidence for removal; KEEP_INDEXABLE is not search-value proof.,REPO_EVIDENCE; NEEDS_EVIDENCE
https://familyboard.win/zh-tw/tools/household-guest-arrival-prep-log/,zh-TW,true,YES,YES,UNKNOWN,NO_CHANGE_PENDING_SEARCH_EVIDENCE,UNKNOWN,No current GSC or URL Inspection evidence for removal; KEEP_INDEXABLE is not search-value proof.,REPO_EVIDENCE; NEEDS_EVIDENCE
https://familyboard.win/zh-tw/tools/household-home-access-handoff-log/,en,true,YES,YES,UNKNOWN,NO_CHANGE_PENDING_SEARCH_EVIDENCE,UNKNOWN,No current GSC or URL Inspection evidence for removal; KEEP_INDEXABLE is not search-value proof.,REPO_EVIDENCE; NEEDS_EVIDENCE
https://familyboard.win/zh-tw/tools/household-home-access-handoff-log/,zh-TW,true,YES,YES,UNKNOWN,NO_CHANGE_PENDING_SEARCH_EVIDENCE,UNKNOWN,No current GSC or URL Inspection evidence for removal; KEEP_INDEXABLE is not search-value proof.,REPO_EVIDENCE; NEEDS_EVIDENCE
https://familyboard.win/zh-tw/tools/household-insurance-claim-timeline-log/,zh-TW,true,YES,YES,UNKNOWN,NO_CHANGE_PENDING_SEARCH_EVIDENCE,UNKNOWN,No current GSC or URL Inspection evidence for removal; KEEP_INDEXABLE is not search-value proof.,REPO_EVIDENCE; NEEDS_EVIDENCE
https://familyboard.win/zh-tw/tools/household-insurance-policy-source-version-log/,zh-TW,true,YES,YES,UNKNOWN,NO_CHANGE_PENDING_SEARCH_EVIDENCE,UNKNOWN,No current GSC or URL Inspection evidence for removal; KEEP_INDEXABLE is not search-value proof.,REPO_EVIDENCE; NEEDS_EVIDENCE
https://familyboard.win/zh-tw/tools/household-internet-incident-review-log/,zh-TW,true,YES,YES,UNKNOWN,NO_CHANGE_PENDING_SEARCH_EVIDENCE,UNKNOWN,No current GSC or URL Inspection evidence for removal; KEEP_INDEXABLE is not search-value proof.,REPO_EVIDENCE; NEEDS_EVIDENCE
https://familyboard.win/zh-tw/tools/household-inventory-photo-capture-log/,zh-TW,true,YES,YES,UNKNOWN,NO_CHANGE_PENDING_SEARCH_EVIDENCE,UNKNOWN,No current GSC or URL Inspection evidence for removal; KEEP_INDEXABLE is not search-value proof.,REPO_EVIDENCE; NEEDS_EVIDENCE
https://familyboard.win/zh-tw/tools/household-mail-package-handoff-log/,zh-TW,true,YES,YES,UNKNOWN,NO_CHANGE_PENDING_SEARCH_EVIDENCE,UNKNOWN,No current GSC or URL Inspection evidence for removal; KEEP_INDEXABLE is not search-value proof.,REPO_EVIDENCE; NEEDS_EVIDENCE
https://familyboard.win/zh-tw/tools/household-maintenance-delegation-map/,zh-TW,true,YES,YES,UNKNOWN,NO_CHANGE_PENDING_SEARCH_EVIDENCE,UNKNOWN,No current GSC or URL Inspection evidence for removal; KEEP_INDEXABLE is not search-value proof.,REPO_EVIDENCE; NEEDS_EVIDENCE
https://familyboard.win/zh-tw/tools/household-maintenance-priority-review-log/,en,true,YES,YES,UNKNOWN,NO_CHANGE_PENDING_SEARCH_EVIDENCE,UNKNOWN,No current GSC or URL Inspection evidence for removal; KEEP_INDEXABLE is not search-value proof.,REPO_EVIDENCE; NEEDS_EVIDENCE
https://familyboard.win/zh-tw/tools/household-maintenance-priority-review-log/,zh-TW,true,YES,YES,UNKNOWN,NO_CHANGE_PENDING_SEARCH_EVIDENCE,UNKNOWN,No current GSC or URL Inspection evidence for removal; KEEP_INDEXABLE is not search-value proof.,REPO_EVIDENCE; NEEDS_EVIDENCE
https://familyboard.win/zh-tw/tools/household-meal-prep-role-log/,zh-TW,true,YES,YES,UNKNOWN,NO_CHANGE_PENDING_SEARCH_EVIDENCE,UNKNOWN,No current GSC or URL Inspection evidence for removal; KEEP_INDEXABLE is not search-value proof.,REPO_EVIDENCE; NEEDS_EVIDENCE
https://familyboard.win/zh-tw/tools/household-medical-information-source-handoff-log/,zh-TW,true,YES,YES,UNKNOWN,NO_CHANGE_PENDING_SEARCH_EVIDENCE,UNKNOWN,No current GSC or URL Inspection evidence for removal; KEEP_INDEXABLE is not search-value proof.,REPO_EVIDENCE; NEEDS_EVIDENCE
https://familyboard.win/zh-tw/tools/household-meeting-agenda-action-log/,zh-TW,true,YES,YES,UNKNOWN,NO_CHANGE_PENDING_SEARCH_EVIDENCE,UNKNOWN,No current GSC or URL Inspection evidence for removal; KEEP_INDEXABLE is not search-value proof.,REPO_EVIDENCE; NEEDS_EVIDENCE
https://familyboard.win/zh-tw/tools/household-meter-reading-review-log/,zh-TW,true,YES,YES,UNKNOWN,NO_CHANGE_PENDING_SEARCH_EVIDENCE,UNKNOWN,No current GSC or URL Inspection evidence for removal; KEEP_INDEXABLE is not search-value proof.,REPO_EVIDENCE; NEEDS_EVIDENCE
https://familyboard.win/zh-tw/tools/household-monthly-review-action-log/,zh-TW,true,YES,YES,UNKNOWN,NO_CHANGE_PENDING_SEARCH_EVIDENCE,UNKNOWN,No current GSC or URL Inspection evidence for removal; KEEP_INDEXABLE is not search-value proof.,REPO_EVIDENCE; NEEDS_EVIDENCE
https://familyboard.win/zh-tw/tools/household-pantry-expiry-review-log/,zh-TW,true,YES,YES,UNKNOWN,NO_CHANGE_PENDING_SEARCH_EVIDENCE,UNKNOWN,No current GSC or URL Inspection evidence for removal; KEEP_INDEXABLE is not search-value proof.,REPO_EVIDENCE; NEEDS_EVIDENCE
https://familyboard.win/zh-tw/tools/household-pet-record-source-handoff-log/,zh-TW,true,YES,YES,UNKNOWN,NO_CHANGE_PENDING_SEARCH_EVIDENCE,UNKNOWN,No current GSC or URL Inspection evidence for removal; KEEP_INDEXABLE is not search-value proof.,REPO_EVIDENCE; NEEDS_EVIDENCE
https://familyboard.win/zh-tw/tools/household-plant-care-handoff-log/,zh-TW,true,YES,YES,UNKNOWN,NO_CHANGE_PENDING_SEARCH_EVIDENCE,UNKNOWN,No current GSC or URL Inspection evidence for removal; KEEP_INDEXABLE is not search-value proof.,REPO_EVIDENCE; NEEDS_EVIDENCE
https://familyboard.win/zh-tw/tools/household-power-outage-event-log/,zh-TW,true,YES,YES,UNKNOWN,NO_CHANGE_PENDING_SEARCH_EVIDENCE,UNKNOWN,No current GSC or URL Inspection evidence for removal; KEEP_INDEXABLE is not search-value proof.,REPO_EVIDENCE; NEEDS_EVIDENCE
https://familyboard.win/zh-tw/tools/household-record-retention-decision-log/,zh-TW,true,YES,YES,UNKNOWN,NO_CHANGE_PENDING_SEARCH_EVIDENCE,UNKNOWN,No current GSC or URL Inspection evidence for removal; KEEP_INDEXABLE is not search-value proof.,REPO_EVIDENCE; NEEDS_EVIDENCE
https://familyboard.win/zh-tw/tools/household-record-retrieval-drill-log/,zh-TW,true,YES,YES,UNKNOWN,NO_CHANGE_PENDING_SEARCH_EVIDENCE,UNKNOWN,No current GSC or URL Inspection evidence for removal; KEEP_INDEXABLE is not search-value proof.,REPO_EVIDENCE; NEEDS_EVIDENCE
https://familyboard.win/zh-tw/tools/household-recycling-handoff-log/,zh-TW,true,YES,YES,UNKNOWN,NO_CHANGE_PENDING_SEARCH_EVIDENCE,UNKNOWN,No current GSC or URL Inspection evidence for removal; KEEP_INDEXABLE is not search-value proof.,REPO_EVIDENCE; NEEDS_EVIDENCE
https://familyboard.win/zh-tw/tools/household-repair-evidence-timeline-log/,zh-TW,true,YES,YES,UNKNOWN,NO_CHANGE_PENDING_SEARCH_EVIDENCE,UNKNOWN,No current GSC or URL Inspection evidence for removal; KEEP_INDEXABLE is not search-value proof.,REPO_EVIDENCE; NEEDS_EVIDENCE
https://familyboard.win/zh-tw/tools/household-replacement-part-source-check-log/,zh-TW,true,YES,YES,UNKNOWN,NO_CHANGE_PENDING_SEARCH_EVIDENCE,UNKNOWN,No current GSC or URL Inspection evidence for removal; KEEP_INDEXABLE is not search-value proof.,REPO_EVIDENCE; NEEDS_EVIDENCE
https://familyboard.win/zh-tw/tools/household-responsibility-coverage-map/,zh-TW,true,YES,YES,UNKNOWN,NO_CHANGE_PENDING_SEARCH_EVIDENCE,UNKNOWN,No current GSC or URL Inspection evidence for removal; KEEP_INDEXABLE is not search-value proof.,REPO_EVIDENCE; NEEDS_EVIDENCE
https://familyboard.win/zh-tw/tools/household-return-handoff-log/,zh-TW,true,YES,YES,UNKNOWN,NO_CHANGE_PENDING_SEARCH_EVIDENCE,UNKNOWN,No current GSC or URL Inspection evidence for removal; KEEP_INDEXABLE is not search-value proof.,REPO_EVIDENCE; NEEDS_EVIDENCE
https://familyboard.win/zh-tw/tools/household-router-support-review-log/,en,true,YES,YES,UNKNOWN,NO_CHANGE_PENDING_SEARCH_EVIDENCE,UNKNOWN,No current GSC or URL Inspection evidence for removal; KEEP_INDEXABLE is not search-value proof.,REPO_EVIDENCE; NEEDS_EVIDENCE
https://familyboard.win/zh-tw/tools/household-router-support-review-log/,zh-TW,true,YES,YES,UNKNOWN,NO_CHANGE_PENDING_SEARCH_EVIDENCE,UNKNOWN,No current GSC or URL Inspection evidence for removal; KEEP_INDEXABLE is not search-value proof.,REPO_EVIDENCE; NEEDS_EVIDENCE
https://familyboard.win/zh-tw/tools/household-schedule-conflict-review-log/,en,true,YES,YES,UNKNOWN,NO_CHANGE_PENDING_SEARCH_EVIDENCE,UNKNOWN,No current GSC or URL Inspection evidence for removal; KEEP_INDEXABLE is not search-value proof.,REPO_EVIDENCE; NEEDS_EVIDENCE
https://familyboard.win/zh-tw/tools/household-schedule-conflict-review-log/,zh-TW,true,YES,YES,UNKNOWN,NO_CHANGE_PENDING_SEARCH_EVIDENCE,UNKNOWN,No current GSC or URL Inspection evidence for removal; KEEP_INDEXABLE is not search-value proof.,REPO_EVIDENCE; NEEDS_EVIDENCE
https://familyboard.win/zh-tw/tools/household-school-activity-handoff-log/,zh-TW,true,YES,YES,UNKNOWN,NO_CHANGE_PENDING_SEARCH_EVIDENCE,UNKNOWN,No current GSC or URL Inspection evidence for removal; KEEP_INDEXABLE is not search-value proof.,REPO_EVIDENCE; NEEDS_EVIDENCE
https://familyboard.win/zh-tw/tools/household-school-closure-continuity-log/,zh-TW,true,YES,YES,UNKNOWN,NO_CHANGE_PENDING_SEARCH_EVIDENCE,UNKNOWN,No current GSC or URL Inspection evidence for removal; KEEP_INDEXABLE is not search-value proof.,REPO_EVIDENCE; NEEDS_EVIDENCE
https://familyboard.win/zh-tw/tools/household-school-pickup-handoff-log/,zh-TW,true,YES,YES,UNKNOWN,NO_CHANGE_PENDING_SEARCH_EVIDENCE,UNKNOWN,No current GSC or URL Inspection evidence for removal; KEEP_INDEXABLE is not search-value proof.,REPO_EVIDENCE; NEEDS_EVIDENCE
https://familyboard.win/zh-tw/tools/household-school-record-source-handoff-log/,zh-TW,true,YES,YES,UNKNOWN,NO_CHANGE_PENDING_SEARCH_EVIDENCE,UNKNOWN,No current GSC or URL Inspection evidence for removal; KEEP_INDEXABLE is not search-value proof.,REPO_EVIDENCE; NEEDS_EVIDENCE
https://familyboard.win/zh-tw/tools/household-seasonal-reset-action-log/,en,true,YES,YES,UNKNOWN,NO_CHANGE_PENDING_SEARCH_EVIDENCE,UNKNOWN,No current GSC or URL Inspection evidence for removal; KEEP_INDEXABLE is not search-value proof.,REPO_EVIDENCE; NEEDS_EVIDENCE
https://familyboard.win/zh-tw/tools/household-seasonal-reset-action-log/,zh-TW,true,YES,YES,UNKNOWN,NO_CHANGE_PENDING_SEARCH_EVIDENCE,UNKNOWN,No current GSC or URL Inspection evidence for removal; KEEP_INDEXABLE is not search-value proof.,REPO_EVIDENCE; NEEDS_EVIDENCE
https://familyboard.win/zh-tw/tools/household-service-appointment-handoff-log/,zh-TW,true,YES,YES,UNKNOWN,NO_CHANGE_PENDING_SEARCH_EVIDENCE,UNKNOWN,No current GSC or URL Inspection evidence for removal; KEEP_INDEXABLE is not search-value proof.,REPO_EVIDENCE; NEEDS_EVIDENCE
https://familyboard.win/zh-tw/tools/household-service-quote-comparison-log/,en,true,YES,YES,UNKNOWN,NO_CHANGE_PENDING_SEARCH_EVIDENCE,UNKNOWN,No current GSC or URL Inspection evidence for removal; KEEP_INDEXABLE is not search-value proof.,REPO_EVIDENCE; NEEDS_EVIDENCE
https://familyboard.win/zh-tw/tools/household-service-quote-comparison-log/,zh-TW,true,YES,YES,UNKNOWN,NO_CHANGE_PENDING_SEARCH_EVIDENCE,UNKNOWN,No current GSC or URL Inspection evidence for removal; KEEP_INDEXABLE is not search-value proof.,REPO_EVIDENCE; NEEDS_EVIDENCE
https://familyboard.win/zh-tw/tools/household-share-access-review-log/,zh-TW,true,YES,YES,UNKNOWN,NO_CHANGE_PENDING_SEARCH_EVIDENCE,UNKNOWN,No current GSC or URL Inspection evidence for removal; KEEP_INDEXABLE is not search-value proof.,REPO_EVIDENCE; NEEDS_EVIDENCE
https://familyboard.win/zh-tw/tools/household-shopping-list-planner/,en,true,YES,YES,UNKNOWN,NO_CHANGE_PENDING_SEARCH_EVIDENCE,UNKNOWN,No current GSC or URL Inspection evidence for removal; KEEP_INDEXABLE is not search-value proof.,REPO_EVIDENCE; NEEDS_EVIDENCE
https://familyboard.win/zh-tw/tools/household-shopping-list-planner/,zh-TW,true,YES,YES,UNKNOWN,NO_CHANGE_PENDING_SEARCH_EVIDENCE,UNKNOWN,No current GSC or URL Inspection evidence for removal; KEEP_INDEXABLE is not search-value proof.,REPO_EVIDENCE; NEEDS_EVIDENCE
https://familyboard.win/zh-tw/tools/household-storm-readiness-review/,zh-TW,true,YES,YES,UNKNOWN,NO_CHANGE_PENDING_SEARCH_EVIDENCE,UNKNOWN,No current GSC or URL Inspection evidence for removal; KEEP_INDEXABLE is not search-value proof.,REPO_EVIDENCE; NEEDS_EVIDENCE
https://familyboard.win/zh-tw/tools/household-subscription-cancellation-handoff-log/,zh-TW,true,YES,YES,UNKNOWN,NO_CHANGE_PENDING_SEARCH_EVIDENCE,UNKNOWN,No current GSC or URL Inspection evidence for removal; KEEP_INDEXABLE is not search-value proof.,REPO_EVIDENCE; NEEDS_EVIDENCE
https://familyboard.win/zh-tw/tools/household-subscription-cost-calculator/,zh-TW,true,YES,YES,UNKNOWN,NO_CHANGE_PENDING_SEARCH_EVIDENCE,UNKNOWN,No current GSC or URL Inspection evidence for removal; KEEP_INDEXABLE is not search-value proof.,REPO_EVIDENCE; NEEDS_EVIDENCE
https://familyboard.win/zh-tw/tools/household-task-load-calculator/,en,true,YES,YES,UNKNOWN,NO_CHANGE_PENDING_SEARCH_EVIDENCE,UNKNOWN,No current GSC or URL Inspection evidence for removal; KEEP_INDEXABLE is not search-value proof.,REPO_EVIDENCE; NEEDS_EVIDENCE
https://familyboard.win/zh-tw/tools/household-task-load-calculator/,zh-TW,true,YES,YES,UNKNOWN,NO_CHANGE_PENDING_SEARCH_EVIDENCE,UNKNOWN,No current GSC or URL Inspection evidence for removal; KEEP_INDEXABLE is not search-value proof.,REPO_EVIDENCE; NEEDS_EVIDENCE
https://familyboard.win/zh-tw/tools/household-time-window-overlap-checker/,en,true,YES,YES,UNKNOWN,NO_CHANGE_PENDING_SEARCH_EVIDENCE,UNKNOWN,No current GSC or URL Inspection evidence for removal; KEEP_INDEXABLE is not search-value proof.,REPO_EVIDENCE; NEEDS_EVIDENCE
https://familyboard.win/zh-tw/tools/household-time-window-overlap-checker/,zh-TW,true,YES,YES,UNKNOWN,NO_CHANGE_PENDING_SEARCH_EVIDENCE,UNKNOWN,No current GSC or URL Inspection evidence for removal; KEEP_INDEXABLE is not search-value proof.,REPO_EVIDENCE; NEEDS_EVIDENCE
https://familyboard.win/zh-tw/tools/household-trip-packing-handoff-log/,zh-TW,true,YES,YES,UNKNOWN,NO_CHANGE_PENDING_SEARCH_EVIDENCE,UNKNOWN,No current GSC or URL Inspection evidence for removal; KEEP_INDEXABLE is not search-value proof.,REPO_EVIDENCE; NEEDS_EVIDENCE
https://familyboard.win/zh-tw/tools/household-utility-bill-anomaly-log/,zh-TW,true,YES,YES,UNKNOWN,NO_CHANGE_PENDING_SEARCH_EVIDENCE,UNKNOWN,No current GSC or URL Inspection evidence for removal; KEEP_INDEXABLE is not search-value proof.,REPO_EVIDENCE; NEEDS_EVIDENCE
https://familyboard.win/zh-tw/tools/household-utility-provider-service-handoff-log/,zh-TW,true,YES,YES,UNKNOWN,NO_CHANGE_PENDING_SEARCH_EVIDENCE,UNKNOWN,No current GSC or URL Inspection evidence for removal; KEEP_INDEXABLE is not search-value proof.,REPO_EVIDENCE; NEEDS_EVIDENCE
https://familyboard.win/zh-tw/tools/household-vehicle-document-source-status-log/,zh-TW,true,YES,YES,UNKNOWN,NO_CHANGE_PENDING_SEARCH_EVIDENCE,UNKNOWN,No current GSC or URL Inspection evidence for removal; KEEP_INDEXABLE is not search-value proof.,REPO_EVIDENCE; NEEDS_EVIDENCE
https://familyboard.win/zh-tw/tools/household-water-leak-event-log/,zh-TW,true,YES,YES,UNKNOWN,NO_CHANGE_PENDING_SEARCH_EVIDENCE,UNKNOWN,No current GSC or URL Inspection evidence for removal; KEEP_INDEXABLE is not search-value proof.,REPO_EVIDENCE; NEEDS_EVIDENCE
https://familyboard.win/zh-tw/tools/household-weekly-reset-action-log/,zh-TW,true,YES,YES,UNKNOWN,NO_CHANGE_PENDING_SEARCH_EVIDENCE,UNKNOWN,No current GSC or URL Inspection evidence for removal; KEEP_INDEXABLE is not search-value proof.,REPO_EVIDENCE; NEEDS_EVIDENCE
https://familyboard.win/zh-tw/tools/important-household-document-review/,zh-TW,true,YES,YES,UNKNOWN,NO_CHANGE_PENDING_SEARCH_EVIDENCE,UNKNOWN,No current GSC or URL Inspection evidence for removal; KEEP_INDEXABLE is not search-value proof.,REPO_EVIDENCE; NEEDS_EVIDENCE
https://familyboard.win/zh-tw/tools/move-in-checklist-generator/,zh-TW,true,YES,YES,UNKNOWN,NO_CHANGE_PENDING_SEARCH_EVIDENCE,UNKNOWN,No current GSC or URL Inspection evidence for removal; KEEP_INDEXABLE is not search-value proof.,REPO_EVIDENCE; NEEDS_EVIDENCE
https://familyboard.win/zh-tw/tools/move-out-condition-record-generator/,zh-TW,true,YES,YES,UNKNOWN,NO_CHANGE_PENDING_SEARCH_EVIDENCE,UNKNOWN,No current GSC or URL Inspection evidence for removal; KEEP_INDEXABLE is not search-value proof.,REPO_EVIDENCE; NEEDS_EVIDENCE
https://familyboard.win/zh-tw/tools/moving-box-handover-log/,zh-TW,true,YES,YES,UNKNOWN,NO_CHANGE_PENDING_SEARCH_EVIDENCE,UNKNOWN,No current GSC or URL Inspection evidence for removal; KEEP_INDEXABLE is not search-value proof.,REPO_EVIDENCE; NEEDS_EVIDENCE
https://familyboard.win/zh-tw/tools/pet-sitter-instruction-generator/,zh-TW,true,YES,YES,UNKNOWN,NO_CHANGE_PENDING_SEARCH_EVIDENCE,UNKNOWN,No current GSC or URL Inspection evidence for removal; KEEP_INDEXABLE is not search-value proof.,REPO_EVIDENCE; NEEDS_EVIDENCE
https://familyboard.win/zh-tw/tools/product-recall-action-log/,zh-TW,true,YES,YES,UNKNOWN,NO_CHANGE_PENDING_SEARCH_EVIDENCE,UNKNOWN,No current GSC or URL Inspection evidence for removal; KEEP_INDEXABLE is not search-value proof.,REPO_EVIDENCE; NEEDS_EVIDENCE
https://familyboard.win/zh-tw/tools/purchase-delivery-evidence-log/,zh-TW,true,YES,YES,UNKNOWN,NO_CHANGE_PENDING_SEARCH_EVIDENCE,UNKNOWN,No current GSC or URL Inspection evidence for removal; KEEP_INDEXABLE is not search-value proof.,REPO_EVIDENCE; NEEDS_EVIDENCE
https://familyboard.win/zh-tw/tools/receipt-retention-organizer/,zh-TW,true,YES,YES,UNKNOWN,NO_CHANGE_PENDING_SEARCH_EVIDENCE,UNKNOWN,No current GSC or URL Inspection evidence for removal; KEEP_INDEXABLE is not search-value proof.,REPO_EVIDENCE; NEEDS_EVIDENCE
https://familyboard.win/zh-tw/tools/recurring-chore-planner/,zh-TW,true,YES,YES,UNKNOWN,NO_CHANGE_PENDING_SEARCH_EVIDENCE,UNKNOWN,No current GSC or URL Inspection evidence for removal; KEEP_INDEXABLE is not search-value proof.,REPO_EVIDENCE; NEEDS_EVIDENCE
https://familyboard.win/zh-tw/tools/rental-repair-request-log/,zh-TW,true,YES,YES,UNKNOWN,NO_CHANGE_PENDING_SEARCH_EVIDENCE,UNKNOWN,No current GSC or URL Inspection evidence for removal; KEEP_INDEXABLE is not search-value proof.,REPO_EVIDENCE; NEEDS_EVIDENCE
https://familyboard.win/zh-tw/tools/rental-security-deposit-move-out-claim-log/,zh-TW,true,YES,YES,UNKNOWN,NO_CHANGE_PENDING_SEARCH_EVIDENCE,UNKNOWN,No current GSC or URL Inspection evidence for removal; KEEP_INDEXABLE is not search-value proof.,REPO_EVIDENCE; NEEDS_EVIDENCE
https://familyboard.win/zh-tw/tools/room-inventory-generator/,zh-TW,true,YES,YES,UNKNOWN,NO_CHANGE_PENDING_SEARCH_EVIDENCE,UNKNOWN,No current GSC or URL Inspection evidence for removal; KEEP_INDEXABLE is not search-value proof.,REPO_EVIDENCE; NEEDS_EVIDENCE
https://familyboard.win/zh-tw/tools/storage-unit-access-inventory-log/,zh-TW,true,YES,YES,UNKNOWN,NO_CHANGE_PENDING_SEARCH_EVIDENCE,UNKNOWN,No current GSC or URL Inspection evidence for removal; KEEP_INDEXABLE is not search-value proof.,REPO_EVIDENCE; NEEDS_EVIDENCE
https://familyboard.win/zh-tw/tools/vacation-shutdown-checklist-generator/,zh-TW,true,YES,YES,UNKNOWN,NO_CHANGE_PENDING_SEARCH_EVIDENCE,UNKNOWN,No current GSC or URL Inspection evidence for removal; KEEP_INDEXABLE is not search-value proof.,REPO_EVIDENCE; NEEDS_EVIDENCE
https://familyboard.win/zh-tw/tools/warranty-checklist-generator/,zh-TW,true,YES,YES,UNKNOWN,NO_CHANGE_PENDING_SEARCH_EVIDENCE,UNKNOWN,No current GSC or URL Inspection evidence for removal; KEEP_INDEXABLE is not search-value proof.,REPO_EVIDENCE; NEEDS_EVIDENCE
https://familyboard.win/zh-tw/tools/warranty-claim-evidence-log/,zh-TW,true,YES,YES,UNKNOWN,NO_CHANGE_PENDING_SEARCH_EVIDENCE,UNKNOWN,No current GSC or URL Inspection evidence for removal; KEEP_INDEXABLE is not search-value proof.,REPO_EVIDENCE; NEEDS_EVIDENCE
https://familyboard.win/zh-tw/tools/warranty-expiration-calculator/,zh-TW,true,YES,YES,UNKNOWN,NO_CHANGE_PENDING_SEARCH_EVIDENCE,UNKNOWN,No current GSC or URL Inspection evidence for removal; KEEP_INDEXABLE is not search-value proof.,REPO_EVIDENCE; NEEDS_EVIDENCE
