url,locale,cluster,page_type,main_words,shared_boilerplate_words,boilerplate_ratio,repeated_blocks,decision
https://familyboard.win/,en,product,content,377,0,0.000,0,PASS
https://familyboard.win/features/,en,product,content,757,0,0.000,0,PASS
https://familyboard.win/features/home-dashboard/,en,product,content,632,0,0.000,0,PASS
https://familyboard.win/features/home-inventory-tracker/,en,product,content,698,0,0.000,0,PASS
https://familyboard.win/features/maintenance-tracker/,en,product,content,775,0,0.000,0,PASS
https://familyboard.win/features/warranty-tracker/,en,product,content,722,0,0.000,0,PASS
https://familyboard.win/features/household-documents-organizer/,en,product,content,575,0,0.000,0,PASS
https://familyboard.win/features/household-subscription-tracker/,en,product,content,557,0,0.000,0,PASS
https://familyboard.win/features/family-task-manager/,en,product,content,578,0,0.000,0,PASS
https://familyboard.win/features/household-calendar/,en,product,content,533,0,0.000,0,PASS
https://familyboard.win/features/emergency-information-organizer/,en,product,content,551,0,0.000,0,PASS
https://familyboard.win/features/household-handoff/,en,product,content,516,0,0.000,0,PASS
https://familyboard.win/features/family-display-mode/,en,product,content,501,0,0.000,0,PASS
https://familyboard.win/features/local-first-home-organizer/,en,product,content,554,0,0.000,0,PASS
https://familyboard.win/features/private-family-organizer/,en,product,content,670,0,0.000,0,PASS
https://familyboard.win/features/offline-household-organizer/,en,product,content,811,0,0.000,0,PASS
https://familyboard.win/features/no-account-family-organizer/,en,product,content,641,0,0.000,0,PASS
https://familyboard.win/features/home-record-keeper/,en,inventory-warranty,content,631,0,0.000,0,PASS
https://familyboard.win/features/household-operations-system/,en,product,content,597,0,0.000,0,PASS
https://familyboard.win/features/free-home-management-app/,en,product,content,528,0,0.000,0,PASS
https://familyboard.win/guides/home-maintenance-schedule/,en,maintenance,content,856,0,0.000,0,PASS
https://familyboard.win/guides/monthly-home-maintenance-checklist/,en,maintenance,content,652,0,0.000,0,PASS
https://familyboard.win/guides/quarterly-home-maintenance-checklist/,en,maintenance,content,675,0,0.000,0,PASS
https://familyboard.win/guides/seasonal-home-maintenance-checklist/,en,maintenance,content,628,0,0.000,0,PASS
https://familyboard.win/guides/spring-home-maintenance-checklist/,en,maintenance,content,637,0,0.000,0,PASS
https://familyboard.win/guides/summer-home-maintenance-checklist/,en,maintenance,content,626,0,0.000,0,PASS
https://familyboard.win/guides/fall-home-maintenance-checklist/,en,maintenance,content,635,0,0.000,0,PASS
https://familyboard.win/guides/winter-home-maintenance-checklist/,en,maintenance,content,734,0,0.000,0,PASS
https://familyboard.win/guides/first-time-homeowner-maintenance-guide/,en,maintenance,content,715,0,0.000,0,PASS
https://familyboard.win/guides/apartment-maintenance-checklist/,en,maintenance,content,664,0,0.000,0,PASS
https://familyboard.win/guides/condo-maintenance-checklist/,en,maintenance,content,618,0,0.000,0,PASS
https://familyboard.win/guides/rental-home-maintenance-log/,en,maintenance,content,615,0,0.000,0,PASS
https://familyboard.win/guides/home-maintenance-records/,en,maintenance,content,613,0,0.000,0,PASS
https://familyboard.win/guides/home-repair-history/,en,maintenance,content,658,0,0.000,0,PASS
https://familyboard.win/guides/preventive-home-maintenance/,en,maintenance,content,565,0,0.000,0,PASS
https://familyboard.win/guides/maintenance-priorities/,en,maintenance,content,569,0,0.000,0,PASS
https://familyboard.win/guides/home-maintenance-calendar/,en,maintenance,content,599,0,0.000,0,PASS
https://familyboard.win/guides/home-maintenance-binder/,en,maintenance,content,596,0,0.000,0,PASS
https://familyboard.win/guides/home-maintenance-log/,en,maintenance,content,583,0,0.000,0,PASS
https://familyboard.win/guides/home-maintenance-budget/,en,maintenance,content,534,0,0.000,0,PASS
https://familyboard.win/guides/home-maintenance-reminders/,en,maintenance,content,658,0,0.000,0,PASS
https://familyboard.win/guides/home-maintenance-after-vacation/,en,maintenance,content,503,0,0.000,0,PASS
https://familyboard.win/guides/move-in-maintenance-checklist/,en,maintenance,content,558,0,0.000,0,PASS
https://familyboard.win/guides/move-out-home-records/,en,maintenance,content,622,0,0.000,0,PASS
https://familyboard.win/guides/annual-home-review/,en,maintenance,content,571,0,0.000,0,PASS
https://familyboard.win/guides/storm-preparation-home-checklist/,en,maintenance,content,2038,0,0.000,0,PASS
https://familyboard.win/guides/power-outage-home-preparedness/,en,maintenance,content,2275,0,0.000,0,PASS
https://familyboard.win/guides/water-leak-response-home-records/,en,maintenance,content,1876,0,0.000,0,PASS
https://familyboard.win/guides/home-service-provider-list/,en,maintenance,content,1505,0,0.000,0,PASS
https://familyboard.win/guides/home-maintenance-delegation/,en,maintenance,content,532,0,0.000,0,PASS
https://familyboard.win/guides/refrigerator-maintenance-checklist/,en,appliances,content,777,0,0.000,0,PASS
https://familyboard.win/guides/freezer-maintenance-checklist/,en,appliances,content,755,0,0.000,0,PASS
https://familyboard.win/guides/washing-machine-maintenance-checklist/,en,appliances,content,804,0,0.000,0,PASS
https://familyboard.win/guides/dryer-maintenance-checklist/,en,appliances,content,829,0,0.000,0,PASS
https://familyboard.win/guides/dishwasher-maintenance-checklist/,en,appliances,content,668,0,0.000,0,PASS
https://familyboard.win/guides/oven-maintenance-checklist/,en,appliances,content,661,0,0.000,0,PASS
https://familyboard.win/guides/microwave-maintenance-checklist/,en,appliances,content,638,0,0.000,0,PASS
https://familyboard.win/guides/range-hood-maintenance-checklist/,en,appliances,content,526,0,0.000,0,PASS
https://familyboard.win/guides/air-conditioner-maintenance-checklist/,en,appliances,content,632,0,0.000,0,PASS
https://familyboard.win/guides/hvac-filter-tracker/,en,appliances,content,792,0,0.000,0,PASS
https://familyboard.win/guides/furnace-maintenance-records/,en,appliances,content,594,0,0.000,0,PASS
https://familyboard.win/guides/heat-pump-maintenance-records/,en,appliances,content,625,0,0.000,0,PASS
https://familyboard.win/guides/water-heater-maintenance-records/,en,appliances,content,801,0,0.000,0,PASS
https://familyboard.win/guides/water-softener-maintenance-records/,en,appliances,content,641,0,0.000,0,PASS
https://familyboard.win/guides/water-filter-replacement-guide/,en,appliances,content,567,0,0.000,0,PASS
https://familyboard.win/guides/air-purifier-maintenance-guide/,en,appliances,content,562,0,0.000,0,PASS
https://familyboard.win/guides/dehumidifier-maintenance-guide/,en,appliances,content,629,0,0.000,0,PASS
https://familyboard.win/guides/humidifier-maintenance-guide/,en,appliances,content,601,0,0.000,0,PASS
https://familyboard.win/guides/ceiling-fan-maintenance-checklist/,en,appliances,content,541,0,0.000,0,PASS
https://familyboard.win/guides/bathroom-exhaust-fan-maintenance-checklist/,en,appliances,content,707,0,0.000,0,PASS
https://familyboard.win/guides/garbage-disposal-maintenance-guide/,en,appliances,content,670,0,0.000,0,PASS
https://familyboard.win/guides/coffee-maker-maintenance-guide/,en,appliances,content,630,0,0.000,0,PASS
https://familyboard.win/guides/robot-vacuum-maintenance-guide/,en,appliances,content,560,0,0.000,0,PASS
https://familyboard.win/guides/vacuum-cleaner-maintenance-guide/,en,appliances,content,587,0,0.000,0,PASS
https://familyboard.win/guides/computer-electronics-inventory/,en,appliances,content,589,0,0.000,0,PASS
https://familyboard.win/guides/wifi-router-maintenance-records/,en,appliances,content,537,0,0.000,0,PASS
https://familyboard.win/guides/ups-battery-backup-records/,en,appliances,content,648,0,0.000,0,PASS
https://familyboard.win/guides/smoke-alarm-records/,en,appliances,content,786,0,0.000,0,PASS
https://familyboard.win/guides/carbon-monoxide-alarm-records/,en,appliances,content,801,0,0.000,0,PASS
https://familyboard.win/guides/fire-extinguisher-records/,en,appliances,content,739,0,0.000,0,PASS
https://familyboard.win/guides/home-inventory-checklist/,en,inventory-warranty,content,799,0,0.000,0,PASS
https://familyboard.win/guides/home-inventory-for-insurance/,en,inventory-warranty,content,788,0,0.000,0,PASS
https://familyboard.win/guides/photo-home-inventory/,en,inventory-warranty,content,732,0,0.000,0,PASS
https://familyboard.win/guides/room-by-room-home-inventory/,en,inventory-warranty,content,769,0,0.000,0,PASS
https://familyboard.win/guides/appliance-inventory/,en,inventory-warranty,content,1179,0,0.000,0,PASS
https://familyboard.win/guides/electronics-inventory/,en,inventory-warranty,content,744,0,0.000,0,PASS
https://familyboard.win/guides/furniture-inventory/,en,inventory-warranty,content,780,0,0.000,0,PASS
https://familyboard.win/guides/valuable-item-inventory/,en,inventory-warranty,content,722,0,0.000,0,PASS
https://familyboard.win/guides/serial-number-tracker/,en,inventory-warranty,content,735,0,0.000,0,PASS
https://familyboard.win/guides/purchase-receipt-organizer/,en,inventory-warranty,content,1270,0,0.000,0,PASS
https://familyboard.win/guides/how-to-track-product-warranties/,en,inventory-warranty,content,1384,0,0.000,0,PASS
https://familyboard.win/guides/warranty-expiration/,en,inventory-warranty,content,810,0,0.000,0,PASS
https://familyboard.win/guides/product-registration-tracker/,en,inventory-warranty,content,1532,0,0.000,0,PASS
https://familyboard.win/guides/repair-history/,en,inventory-warranty,content,1252,0,0.000,0,PASS
https://familyboard.win/guides/service-history/,en,inventory-warranty,content,1330,0,0.000,0,PASS
https://familyboard.win/guides/appliance-replacement-planning/,en,inventory-warranty,content,717,0,0.000,0,PASS
https://familyboard.win/guides/appliance-lifespan-planning/,en,inventory-warranty,content,825,0,0.000,0,PASS
https://familyboard.win/guides/household-replacement-reserve/,en,inventory-warranty,content,732,0,0.000,0,PASS
https://familyboard.win/guides/home-purchase-records/,en,inventory-warranty,content,787,0,0.000,0,PASS
https://familyboard.win/guides/renovation-records/,en,inventory-warranty,content,1408,0,0.000,0,PASS
https://familyboard.win/guides/contractor-records/,en,inventory-warranty,content,1607,0,0.000,0,PASS
https://familyboard.win/guides/home-improvement-receipts/,en,inventory-warranty,content,1227,0,0.000,0,PASS
https://familyboard.win/guides/moving-inventory/,en,inventory-warranty,content,1481,0,0.000,0,PASS
https://familyboard.win/guides/storage-unit-inventory/,en,inventory-warranty,content,1586,0,0.000,0,PASS
https://familyboard.win/guides/digital-home-inventory-backup/,en,inventory-warranty,content,728,0,0.000,0,PASS
https://familyboard.win/guides/household-documents-organizer/,en,records-emergency,content,601,0,0.000,0,PASS
https://familyboard.win/guides/digital-home-binder/,en,records-emergency,content,1555,0,0.000,0,PASS
https://familyboard.win/guides/important-household-documents/,en,records-emergency,content,1509,0,0.000,0,PASS
https://familyboard.win/guides/how-long-to-keep-household-records/,en,records-emergency,content,1409,0,0.000,0,PASS
https://familyboard.win/guides/organize-appliance-manuals/,en,records-emergency,content,1556,0,0.000,0,PASS
https://familyboard.win/guides/organize-insurance-documents/,en,records-emergency,content,1463,0,0.000,0,PASS
https://familyboard.win/guides/organize-utility-account-information/,en,records-emergency,content,1486,0,0.000,0,PASS
https://familyboard.win/guides/organize-vehicle-documents-at-home/,en,records-emergency,content,1334,0,0.000,0,PASS
https://familyboard.win/guides/organize-pet-records/,en,records-emergency,content,1518,0,0.000,0,PASS
https://familyboard.win/guides/organize-school-records-at-home/,en,records-emergency,content,1505,0,0.000,0,PASS
https://familyboard.win/guides/emergency-binder/,en,records-emergency,content,633,0,0.000,0,PASS
https://familyboard.win/guides/family-emergency-contacts/,en,records-emergency,content,724,0,0.000,0,PASS
https://familyboard.win/guides/emergency-information-sheet/,en,records-emergency,content,1763,0,0.000,0,PASS
https://familyboard.win/guides/home-evacuation-information/,en,records-emergency,content,635,0,0.000,0,PASS
https://familyboard.win/guides/utility-shutoff-information/,en,records-emergency,content,654,0,0.000,0,PASS
https://familyboard.win/guides/emergency-supply-inventory/,en,records-emergency,content,1723,0,0.000,0,PASS
https://familyboard.win/guides/household-medical-information-organization/,en,records-emergency,content,1431,0,0.000,0,PASS
https://familyboard.win/guides/caregiver-handoff-checklist/,en,records-emergency,content,1432,0,0.000,0,PASS
https://familyboard.win/guides/household-handoff/,en,records-emergency,content,695,0,0.000,0,PASS
https://familyboard.win/guides/travel-household-handoff/,en,records-emergency,content,641,0,0.000,0,PASS
https://familyboard.win/guides/house-sitter-information/,en,records-emergency,content,661,0,0.000,0,PASS
https://familyboard.win/guides/pet-sitter-information/,en,records-emergency,content,639,0,0.000,0,PASS
https://familyboard.win/guides/family-continuity-plan/,en,records-emergency,content,676,0,0.000,0,PASS
https://familyboard.win/guides/what-spouse-needs-to-know/,en,household-operations,content,680,0,0.000,0,PASS
https://familyboard.win/guides/household-admin-backup-person/,en,records-emergency,content,702,0,0.000,0,PASS
https://familyboard.win/guides/household-management-checklist/,en,household-operations,content,744,0,0.000,0,PASS
https://familyboard.win/guides/divide-household-responsibilities/,en,household-operations,content,760,0,0.000,0,PASS
https://familyboard.win/guides/recurring-household-tasks/,en,household-operations,content,743,0,0.000,0,PASS
https://familyboard.win/guides/family-chore-system/,en,household-operations,content,821,0,0.000,0,PASS
https://familyboard.win/guides/chore-chart-for-adults/,en,household-operations,content,583,0,0.000,0,PASS
https://familyboard.win/guides/household-weekly-reset/,en,household-operations,content,789,0,0.000,0,PASS
https://familyboard.win/guides/household-monthly-review/,en,household-operations,content,805,0,0.000,0,PASS
https://familyboard.win/guides/household-admin-day/,en,household-operations,content,615,0,0.000,0,PASS
https://familyboard.win/guides/organize-household-subscriptions/,en,household-operations,content,784,0,0.000,0,PASS
https://familyboard.win/guides/subscription-renewal-tracker/,en,household-operations,content,553,0,0.000,0,PASS
https://familyboard.win/guides/recurring-bills-tracker/,en,household-operations,content,805,0,0.000,0,PASS
https://familyboard.win/guides/annual-renewal-calendar/,en,household-operations,content,794,0,0.000,0,PASS
https://familyboard.win/guides/household-account-list/,en,household-operations,content,812,0,0.000,0,PASS
https://familyboard.win/guides/home-contact-list/,en,household-operations,content,730,0,0.000,0,PASS
https://familyboard.win/guides/service-provider-contact-list/,en,household-operations,content,583,0,0.000,0,PASS
https://familyboard.win/guides/household-shopping-staples/,en,household-operations,content,545,0,0.000,0,PASS
https://familyboard.win/guides/pantry-restock-system/,en,household-operations,content,733,0,0.000,0,PASS
https://familyboard.win/guides/household-supplies-inventory/,en,household-operations,content,747,0,0.000,0,PASS
https://familyboard.win/guides/cleaning-schedule/,en,household-operations,content,726,0,0.000,0,PASS
https://familyboard.win/guides/deep-cleaning-tracker/,en,household-operations,content,779,0,0.000,0,PASS
https://familyboard.win/guides/guest-preparation-checklist/,en,household-operations,content,721,0,0.000,0,PASS
https://familyboard.win/guides/vacation-home-shutdown-checklist/,en,household-operations,content,783,0,0.000,0,PASS
https://familyboard.win/guides/returning-home-after-travel-checklist/,en,household-operations,content,743,0,0.000,0,PASS
https://familyboard.win/guides/moving-house-organizer/,en,household-operations,content,802,0,0.000,0,PASS
https://familyboard.win/guides/new-home-setup-checklist/,en,household-operations,content,739,0,0.000,0,PASS
https://familyboard.win/tools/home-maintenance-schedule-generator/,en,tools,tool,540,0,0.000,0,PASS
https://familyboard.win/tools/warranty-expiration-calculator/,en,tools,tool,655,0,0.000,0,PASS
https://familyboard.win/tools/appliance-age-calculator/,en,tools,tool,541,0,0.000,0,PASS
https://familyboard.win/tools/appliance-replacement-planner/,en,tools,tool,537,0,0.000,0,PASS
https://familyboard.win/tools/household-subscription-cost-calculator/,en,tools,tool,503,0,0.000,0,PASS
https://familyboard.win/tools/annual-subscription-cost-calculator/,en,tools,tool,539,0,0.000,0,PASS
https://familyboard.win/tools/home-maintenance-cost-tracker/,en,tools,tool,555,0,0.000,0,PASS
https://familyboard.win/tools/home-repair-cost-log/,en,tools,tool,530,0,0.000,0,PASS
https://familyboard.win/tools/emergency-binder-generator/,en,tools,tool,565,0,0.000,0,PASS
https://familyboard.win/tools/home-inventory-checklist-generator/,en,tools,tool,556,0,0.000,0,PASS
https://familyboard.win/tools/room-inventory-generator/,en,tools,tool,540,0,0.000,0,PASS
https://familyboard.win/tools/recurring-chore-planner/,en,tools,tool,523,0,0.000,0,PASS
https://familyboard.win/tools/cleaning-schedule-generator/,en,tools,tool,512,0,0.000,0,PASS
https://familyboard.win/tools/home-service-reminder-generator/,en,tools,tool,538,0,0.000,0,PASS
https://familyboard.win/tools/household-annual-review-generator/,en,tools,tool,582,0,0.000,0,PASS
https://familyboard.win/tools/move-in-checklist-generator/,en,tools,tool,511,0,0.000,0,PASS
https://familyboard.win/tools/vacation-shutdown-checklist-generator/,en,tools,tool,555,0,0.000,0,PASS
https://familyboard.win/tools/house-sitter-instruction-generator/,en,tools,tool,513,0,0.000,0,PASS
https://familyboard.win/tools/pet-sitter-instruction-generator/,en,tools,tool,569,0,0.000,0,PASS
https://familyboard.win/tools/warranty-checklist-generator/,en,tools,tool,508,0,0.000,0,PASS
https://familyboard.win/tools/receipt-retention-organizer/,en,tools,tool,508,0,0.000,0,PASS
https://familyboard.win/tools/household-document-index-generator/,en,tools,tool,503,0,0.000,0,PASS
https://familyboard.win/tools/emergency-contact-sheet-generator/,en,tools,tool,542,0,0.000,0,PASS
https://familyboard.win/tools/appliance-maintenance-checklist-generator/,en,tools,tool,521,0,0.000,0,PASS
https://familyboard.win/tools/home-handoff-summary-generator/,en,tools,tool,550,0,0.000,0,PASS
https://familyboard.win/checklists/printable-home-maintenance-checklist/,en,printables,printable,212,0,0.000,0,PASS
https://familyboard.win/checklists/printable-monthly-home-checklist/,en,printables,printable,137,0,0.000,0,PASS
https://familyboard.win/checklists/printable-seasonal-home-checklist/,en,printables,printable,109,0,0.000,0,PASS
https://familyboard.win/templates/printable-home-inventory-template/,en,printables,printable,84,0,0.000,0,PASS
https://familyboard.win/templates/printable-appliance-inventory/,en,printables,printable,59,0,0.000,0,PASS
https://familyboard.win/templates/printable-warranty-tracker/,en,printables,printable,65,0,0.000,0,PASS
https://familyboard.win/templates/printable-repair-log/,en,printables,printable,45,0,0.000,0,PASS
https://familyboard.win/templates/printable-service-provider-list/,en,printables,printable,55,0,0.000,0,PASS
https://familyboard.win/templates/printable-household-contacts/,en,printables,printable,51,0,0.000,0,PASS
https://familyboard.win/templates/printable-emergency-contacts/,en,printables,printable,56,0,0.000,0,PASS
https://familyboard.win/checklists/printable-emergency-binder-checklist/,en,printables,printable,81,0,0.000,0,PASS
https://familyboard.win/checklists/printable-house-sitter-checklist/,en,printables,printable,46,0,0.000,0,PASS
https://familyboard.win/checklists/printable-pet-sitter-checklist/,en,printables,printable,50,0,0.000,0,PASS
https://familyboard.win/templates/printable-cleaning-schedule/,en,printables,printable,47,0,0.000,0,PASS
https://familyboard.win/templates/printable-chore-chart/,en,printables,printable,61,0,0.000,0,PASS
https://familyboard.win/templates/printable-subscription-tracker/,en,printables,printable,53,0,0.000,0,PASS
https://familyboard.win/templates/printable-annual-renewals/,en,printables,printable,50,0,0.000,0,PASS
https://familyboard.win/checklists/printable-moving-checklist/,en,printables,printable,97,0,0.000,0,PASS
https://familyboard.win/checklists/printable-new-home-checklist/,en,printables,printable,84,0,0.000,0,PASS
https://familyboard.win/templates/printable-household-handoff-sheet/,en,printables,printable,113,0,0.000,0,PASS
https://familyboard.win/tools/move-out-condition-record-generator/,en,tools,tool,1731,0,0.000,0,PASS
https://familyboard.win/tools/home-emergency-drill-record-generator/,en,tools,tool,2146,0,0.000,0,PASS
https://familyboard.win/tools/emergency-supply-inventory-audit/,en,tools,tool,2034,0,0.000,0,PASS
https://familyboard.win/tools/emergency-contact-verification-log/,en,tools,tool,1969,0,0.000,0,PASS
https://familyboard.win/tools/household-power-outage-event-log/,en,tools,tool,2093,0,0.000,0,PASS
https://familyboard.win/tools/household-water-leak-event-log/,en,tools,tool,1951,0,0.000,0,PASS
https://familyboard.win/tools/household-storm-readiness-review/,en,tools,tool,1714,0,0.000,0,PASS
https://familyboard.win/tools/home-service-provider-verification-log/,en,tools,tool,1642,0,0.000,0,PASS
https://familyboard.win/tools/home-repair-change-order-log/,en,tools,tool,1344,0,0.000,0,PASS
https://familyboard.win/tools/home-repair-punch-list/,en,tools,tool,1348,0,0.000,0,PASS
https://familyboard.win/tools/home-repair-closeout-checklist/,en,tools,tool,1137,0,0.000,0,PASS
https://familyboard.win/tools/warranty-claim-evidence-log/,en,tools,tool,1373,0,0.000,0,PASS
https://familyboard.win/tools/product-recall-action-log/,en,tools,tool,1638,0,0.000,0,PASS
https://familyboard.win/tools/appliance-service-visit-log/,en,tools,tool,1508,0,0.000,0,PASS
https://familyboard.win/tools/appliance-repair-callback-log/,en,tools,tool,1400,0,0.000,0,PASS
https://familyboard.win/tools/appliance-purchase-installation-record/,en,tools,tool,1302,0,0.000,0,PASS
https://familyboard.win/tools/purchase-delivery-evidence-log/,en,tools,tool,1301,0,0.000,0,PASS
https://familyboard.win/tools/moving-box-handover-log/,en,tools,tool,1182,0,0.000,0,PASS
https://familyboard.win/tools/storage-unit-access-inventory-log/,en,tools,tool,1585,0,0.000,0,PASS
https://familyboard.win/tools/household-record-retrieval-drill-log/,en,tools,tool,1436,0,0.000,0,PASS
https://familyboard.win/tools/important-household-document-review/,en,tools,tool,1450,0,0.000,0,PASS
https://familyboard.win/tools/household-record-retention-decision-log/,en,tools,tool,1229,0,0.000,0,PASS
https://familyboard.win/tools/appliance-manual-source-check-log/,en,tools,tool,1449,0,0.000,0,PASS
https://familyboard.win/tools/household-insurance-policy-source-version-log/,en,tools,tool,1428,0,0.000,0,PASS
https://familyboard.win/tools/household-utility-provider-service-handoff-log/,en,tools,tool,1736,0,0.000,0,PASS
https://familyboard.win/tools/household-vehicle-document-source-status-log/,en,tools,tool,1746,0,0.000,0,PASS
https://familyboard.win/tools/household-pet-record-source-handoff-log/,en,tools,tool,1680,0,0.000,0,PASS
https://familyboard.win/tools/household-school-record-source-handoff-log/,en,tools,tool,1732,0,0.000,0,PASS
https://familyboard.win/tools/household-medical-information-source-handoff-log/,en,tools,tool,1734,0,0.000,0,PASS
https://familyboard.win/tools/caregiver-handoff-source-authorization-log/,en,tools,tool,2020,0,0.000,0,PASS
https://familyboard.win/tools/home-care-visit-scope-service-result-log/,en,tools,tool,2210,0,0.000,0,PASS
https://familyboard.win/tools/home-care-service-plan-change-notice-log/,en,tools,tool,2294,0,0.000,0,PASS
https://familyboard.win/tools/home-care-service-interruption-backup-continuity-log/,en,tools,tool,2457,0,0.000,0,PASS
https://familyboard.win/tools/home-care-complaint-response-resolution-log/,en,tools,tool,2897,0,0.000,0,PASS
https://familyboard.win/tools/home-care-charge-service-payment-discrepancy-log/,en,tools,tool,3234,0,0.000,0,PASS
https://familyboard.win/tools/home-care-payment-refund-collection-notice-log/,en,tools,tool,812,0,0.000,0,PASS
https://familyboard.win/tools/rental-security-deposit-move-out-claim-log/,en,records-emergency,tool,820,0,0.000,0,PASS
https://familyboard.win/guides/subscription-cancellation-refund-records/,en,household-operations,content,783,0,0.000,0,PASS
https://familyboard.win/guides/familyboard-offline-backup-restore/,en,product,content,639,0,0.000,0,PASS
https://familyboard.win/tools/household-meeting-agenda-action-log/,en,household-operations,tool,282,0,0.000,0,PASS
https://familyboard.win/tools/household-pantry-expiry-review-log/,en,household-operations,tool,363,0,0.000,0,PASS
https://familyboard.win/tools/household-clothing-care-repair-log/,en,household-operations,tool,323,0,0.000,0,PASS
https://familyboard.win/tools/household-meal-prep-role-log/,en,household-operations,tool,300,0,0.000,0,PASS
https://familyboard.win/tools/household-trip-packing-handoff-log/,en,household-operations,tool,232,0,0.000,0,PASS
https://familyboard.win/tools/household-bill-source-status-log/,en,household-operations,tool,256,0,0.000,0,PASS
https://familyboard.win/tools/household-share-access-review-log/,en,household-operations,tool,312,0,0.000,0,PASS
https://familyboard.win/tools/household-inventory-photo-capture-log/,en,inventory-warranty,tool,316,0,0.000,0,PASS
https://familyboard.win/tools/household-document-renewal-review-log/,en,records-emergency,tool,306,0,0.000,0,PASS
https://familyboard.win/tools/household-internet-incident-review-log/,en,household-operations,tool,270,0,0.000,0,PASS
https://familyboard.win/tools/household-meter-reading-review-log/,en,household-operations,tool,277,0,0.000,0,PASS
https://familyboard.win/tools/household-accessibility-walkthrough-log/,en,household-operations,tool,196,0,0.000,0,PASS
https://familyboard.win/tools/household-recycling-handoff-log/,en,household-operations,tool,175,0,0.000,0,PASS
https://familyboard.win/tools/household-donation-handoff-log/,en,household-operations,tool,169,0,0.000,0,PASS
https://familyboard.win/tools/household-mail-package-handoff-log/,en,household-operations,tool,155,0,0.000,0,PASS
https://familyboard.win/tools/household-plant-care-handoff-log/,en,household-operations,tool,215,0,0.000,0,PASS
https://familyboard.win/tools/household-guest-arrival-prep-log/,en,household-operations,tool,181,0,0.000,0,PASS
https://familyboard.win/tools/household-school-pickup-handoff-log/,en,household-operations,tool,181,0,0.000,0,PASS
https://familyboard.win/tools/household-return-handoff-log/,en,household-operations,tool,268,0,0.000,0,PASS
https://familyboard.win/tools/household-subscription-cancellation-handoff-log/,en,household-operations,tool,191,0,0.000,0,PASS
https://familyboard.win/tools/household-service-appointment-handoff-log/,en,household-operations,tool,214,0,0.000,0,PASS
https://familyboard.win/tools/household-weekly-reset-action-log/,en,household-operations,tool,204,0,0.000,0,PASS
https://familyboard.win/tools/household-monthly-review-action-log/,en,household-operations,tool,191,0,0.000,0,PASS
https://familyboard.win/tools/household-school-activity-handoff-log/,en,household-operations,tool,176,0,0.000,0,PASS
https://familyboard.win/tools/household-home-access-handoff-log/,en,household-operations,tool,296,0,0.000,0,PASS
https://familyboard.win/zh-tw/guides/familyboard-home-access-handoff-tutorial/,zh-TW,household-operations,content,12,0,0.000,0,PASS
https://familyboard.win/zh-tw/tools/household-home-access-handoff-log/,zh-TW,household-operations,tool,5,0,0.000,0,PASS
https://familyboard.win/tools/household-schedule-conflict-review-log/,en,household-operations,tool,239,0,0.000,0,PASS
https://familyboard.win/zh-tw/tools/household-schedule-conflict-review-log/,zh-TW,household-operations,tool,5,0,0.000,0,PASS
https://familyboard.win/zh-tw/guides/familyboard-schedule-conflict-review-tutorial/,zh-TW,product,content,9,0,0.000,0,PASS
https://familyboard.win/tools/household-maintenance-priority-review-log/,en,maintenance,tool,202,0,0.000,0,PASS
https://familyboard.win/zh-tw/tools/household-maintenance-priority-review-log/,zh-TW,maintenance,tool,5,0,0.000,0,PASS
https://familyboard.win/zh-tw/guides/familyboard-maintenance-priority-review-tutorial/,zh-TW,product,content,17,0,0.000,0,PASS
https://familyboard.win/tools/household-service-quote-comparison-log/,en,maintenance,tool,337,0,0.000,0,PASS
https://familyboard.win/zh-tw/tools/household-service-quote-comparison-log/,zh-TW,maintenance,tool,3,0,0.000,0,PASS
https://familyboard.win/zh-tw/guides/familyboard-service-quote-comparison-tutorial/,zh-TW,product,content,11,0,0.000,0,PASS
https://familyboard.win/guides/familyboard-family-display-mode-setup/,en,product,content,510,0,0.000,0,PASS
https://familyboard.win/zh-tw/guides/familyboard-family-display-mode-setup/,zh-TW,product,content,11,0,0.000,0,PASS
https://familyboard.win/zh-tw/guides/familyboard-old-tablet-display-tutorial/,zh-TW,product,content,4,0,0.000,0,PASS
https://familyboard.win/guides/familyboard-browser-storage-maintenance/,en,product,content,781,0,0.000,0,PASS
https://familyboard.win/zh-tw/guides/familyboard-browser-storage-maintenance/,zh-TW,product,content,12,0,0.000,0,PASS
https://familyboard.win/zh-tw/guides/familyboard-browser-storage-cleanup-tutorial/,zh-TW,product,content,5,0,0.000,0,PASS
https://familyboard.win/tools/household-seasonal-reset-action-log/,en,household-operations,tool,687,0,0.000,0,PASS
https://familyboard.win/zh-tw/tools/household-seasonal-reset-action-log/,zh-TW,household-operations,tool,9,0,0.000,0,PASS
https://familyboard.win/zh-tw/guides/familyboard-seasonal-reset-tutorial/,zh-TW,household-operations,content,14,0,0.000,0,PASS
https://familyboard.win/tools/household-device-retirement-handoff-log/,en,records-emergency,tool,703,0,0.000,0,PASS
https://familyboard.win/zh-tw/tools/household-device-retirement-handoff-log/,zh-TW,records-emergency,tool,12,0,0.000,0,PASS
https://familyboard.win/zh-tw/guides/familyboard-device-retirement-tutorial/,zh-TW,records-emergency,content,32,0,0.000,0,PASS
https://familyboard.win/tools/household-router-support-review-log/,en,records-emergency,tool,773,0,0.000,0,PASS
https://familyboard.win/zh-tw/tools/household-router-support-review-log/,zh-TW,records-emergency,tool,33,0,0.000,0,PASS
https://familyboard.win/zh-tw/guides/familyboard-router-support-review-tutorial/,zh-TW,records-emergency,content,39,0,0.000,0,PASS
https://familyboard.win/tools/household-shopping-list-planner/,en,household-operations,tool,983,0,0.000,0,PASS
https://familyboard.win/zh-tw/tools/household-shopping-list-planner/,zh-TW,household-operations,tool,19,0,0.000,0,PASS
https://familyboard.win/zh-tw/guides/familyboard-shopping-list-planner-tutorial/,zh-TW,household-operations,content,18,0,0.000,0,PASS
https://familyboard.win/tools/household-account-list/,en,household-operations,tool,958,0,0.000,0,PASS
https://familyboard.win/tools/household-responsibility-coverage-map/,en,household-operations,tool,1006,0,0.000,0,PASS
https://familyboard.win/tools/household-replacement-part-source-check-log/,en,inventory-warranty,tool,937,0,0.000,0,PASS
https://familyboard.win/tools/household-consumable-change-history-log/,en,maintenance,tool,752,0,0.000,0,PASS
https://familyboard.win/tools/household-repair-evidence-timeline-log/,en,records-emergency,tool,759,0,0.000,0,PASS
https://familyboard.win/tools/household-insurance-claim-timeline-log/,en,records-emergency,tool,623,0,0.000,0,PASS
https://familyboard.win/tools/household-building-notice-response-log/,en,records-emergency,tool,749,0,0.000,0,PASS
https://familyboard.win/tools/rental-repair-request-log/,en,records-emergency,tool,679,0,0.000,0,PASS
https://familyboard.win/tools/household-school-closure-continuity-log/,en,records-emergency,tool,729,0,0.000,0,PASS
https://familyboard.win/guides/familyboard-power-outage-event-log-tutorial/,en,product,content,977,0,0.000,0,PASS
https://familyboard.win/guides/familyboard-water-leak-event-log-tutorial/,en,product,content,783,0,0.000,0,PASS
https://familyboard.win/tools/household-event-duration-calculator/,en,tools,tool,493,0,0.000,0,PASS
https://familyboard.win/tools/household-event-source-index-log/,en,tools,tool,546,0,0.000,0,PASS
https://familyboard.win/guides/familyboard-event-source-index-tutorial/,en,household-operations,content,730,0,0.000,0,PASS
https://familyboard.win/guides/familyboard-bill-review-tutorial/,en,product,content,893,0,0.000,0,PASS
https://familyboard.win/guides/familyboard-internet-incident-tutorial/,en,product,content,828,0,0.000,0,PASS
https://familyboard.win/guides/familyboard-meter-reading-tutorial/,en,product,content,672,0,0.000,0,PASS
https://familyboard.win/guides/familyboard-share-access-tutorial/,en,product,content,625,0,0.000,0,PASS
https://familyboard.win/guides/familyboard-photo-inventory-tutorial/,en,product,content,547,0,0.000,0,PASS
https://familyboard.win/guides/familyboard-document-renewal-tutorial/,en,product,content,585,0,0.000,0,PASS
https://familyboard.win/guides/familyboard-building-notice-response-tutorial/,en,records-emergency,content,587,0,0.000,0,PASS
https://familyboard.win/guides/familyboard-rental-repair-request-tutorial/,en,records-emergency,content,548,0,0.000,0,PASS
https://familyboard.win/guides/familyboard-repair-evidence-timeline-tutorial/,en,records-emergency,content,558,0,0.000,0,PASS
https://familyboard.win/guides/familyboard-consumable-change-history-tutorial/,en,maintenance,content,630,0,0.000,0,PASS
https://familyboard.win/guides/familyboard-clothing-care-tutorial/,en,product,content,576,0,0.000,0,PASS
https://familyboard.win/guides/familyboard-pantry-review-tutorial/,en,product,content,539,0,0.000,0,PASS
https://familyboard.win/guides/familyboard-home-access-handoff-tutorial/,en,product,content,660,0,0.000,0,PASS
https://familyboard.win/guides/familyboard-schedule-conflict-review-tutorial/,en,product,content,627,0,0.000,0,PASS
https://familyboard.win/guides/familyboard-maintenance-priority-review-tutorial/,en,maintenance,content,618,0,0.000,0,PASS
https://familyboard.win/guides/familyboard-service-quote-comparison-tutorial/,en,product,content,661,0,0.000,0,PASS
https://familyboard.win/guides/familyboard-old-tablet-display-tutorial/,en,product,content,656,0,0.000,0,PASS
https://familyboard.win/guides/familyboard-browser-storage-cleanup-tutorial/,en,product,content,624,0,0.000,0,PASS
https://familyboard.win/guides/familyboard-shopping-list-planner-tutorial/,en,household-operations,content,595,0,0.000,0,PASS
https://familyboard.win/guides/familyboard-seasonal-reset-tutorial/,en,household-operations,content,563,0,0.000,0,PASS
https://familyboard.win/guides/familyboard-device-retirement-tutorial/,en,records-emergency,content,592,0,0.000,0,PASS
https://familyboard.win/guides/familyboard-household-meeting-tutorial/,en,product,content,573,0,0.000,0,PASS
https://familyboard.win/guides/familyboard-weekly-reset-action-tutorial/,en,product,content,515,0,0.000,0,PASS
https://familyboard.win/guides/familyboard-school-closure-continuity-tutorial/,en,records-emergency,content,522,0,0.000,0,PASS
https://familyboard.win/guides/familyboard-household-account-list-tutorial/,en,household-operations,content,603,0,0.000,0,PASS
https://familyboard.win/guides/familyboard-household-responsibility-coverage-tutorial/,en,household-operations,content,510,0,0.000,0,PASS
https://familyboard.win/guides/familyboard-replacement-part-source-check-tutorial/,en,inventory-warranty,content,570,0,0.000,0,PASS
https://familyboard.win/guides/familyboard-guest-arrival-prep-tutorial/,en,product,content,654,0,0.000,0,PASS
https://familyboard.win/guides/familyboard-donation-handoff-tutorial/,en,product,content,594,0,0.000,0,PASS
https://familyboard.win/guides/familyboard-household-admin-backup-tutorial/,en,records-emergency,content,672,0,0.000,0,PASS
https://familyboard.win/guides/familyboard-mail-package-handoff-tutorial/,en,product,content,649,0,0.000,0,PASS
https://familyboard.win/guides/familyboard-plant-care-handoff-tutorial/,en,product,content,599,0,0.000,0,PASS
https://familyboard.win/guides/familyboard-recycling-handoff-tutorial/,en,product,content,613,0,0.000,0,PASS
https://familyboard.win/guides/familyboard-household-return-handoff-tutorial/,en,product,content,669,0,0.000,0,PASS
https://familyboard.win/guides/familyboard-school-pickup-handoff-tutorial/,en,product,content,600,0,0.000,0,PASS
https://familyboard.win/guides/familyboard-service-appointment-handoff-tutorial/,en,product,content,645,0,0.000,0,PASS
https://familyboard.win/guides/familyboard-subscription-cancellation-handoff-tutorial/,en,product,content,516,0,0.000,0,PASS
https://familyboard.win/guides/familyboard-school-activity-handoff-tutorial/,en,product,content,713,0,0.000,0,PASS
https://familyboard.win/guides/familyboard-monthly-review-action-tutorial/,en,product,content,515,0,0.000,0,PASS
https://familyboard.win/guides/familyboard-router-support-review-tutorial/,en,records-emergency,content,738,0,0.000,0,PASS
https://familyboard.win/guides/familyboard-trip-handoff-tutorial/,en,product,content,686,0,0.000,0,PASS
https://familyboard.win/guides/familyboard-meal-prep-tutorial/,en,product,content,706,0,0.000,0,PASS
https://familyboard.win/guides/familyboard-accessibility-walkthrough-tutorial/,en,product,content,631,0,0.000,0,PASS
https://familyboard.win/guides/familyboard-household-handoff-tutorial/,en,product,content,666,0,0.000,0,PASS
https://familyboard.win/guides/familyboard-insurance-claim-timeline-tutorial/,en,records-emergency,content,657,0,0.000,0,PASS
https://familyboard.win/guides/familyboard-record-retrieval-drill-tutorial/,en,records-emergency,content,645,0,0.000,0,PASS
https://familyboard.win/guides/familyboard-utility-provider-handoff-tutorial/,en,records-emergency,content,649,0,0.000,0,PASS
https://familyboard.win/guides/familyboard-vehicle-document-source-status-tutorial/,en,records-emergency,content,664,0,0.000,0,PASS
https://familyboard.win/tools/household-decision-register/,en,household-operations,tool,581,0,0.000,0,PASS
https://familyboard.win/guides/familyboard-emergency-contact-verification-tutorial/,en,records-emergency,content,921,0,0.000,0,PASS
https://familyboard.win/guides/familyboard-repair-punch-list-tutorial/,en,maintenance,content,850,0,0.000,0,PASS
https://familyboard.win/guides/familyboard-product-recall-action-tutorial/,en,product,content,900,0,0.000,0,PASS
https://familyboard.win/guides/familyboard-home-maintenance-schedule-generator-tutorial/,en,maintenance,content,718,0,0.000,0,PASS
https://familyboard.win/guides/familyboard-warranty-expiration-calculator-tutorial/,en,inventory-warranty,content,627,0,0.000,0,PASS
https://familyboard.win/guides/familyboard-household-subscription-cost-calculator-tutorial/,en,household-operations,content,632,0,0.000,0,PASS
https://familyboard.win/guides/familyboard-free-home-management-app-tutorial/,en,product,content,789,0,0.000,0,PASS
https://familyboard.win/guides/familyboard-private-family-organizer-tutorial/,en,product,content,681,0,0.000,0,PASS
https://familyboard.win/guides/familyboard-home-dashboard-weekly-review-tutorial/,en,household-operations,content,652,0,0.000,0,PASS
https://familyboard.win/guides/familyboard-master-csv-edit-import/,en,product,content,808,0,0.000,0,PASS
https://familyboard.win/guides/familyboard-maintenance-history-review/,en,maintenance,content,748,0,0.000,0,PASS
https://familyboard.win/guides/familyboard-subscription-renewal-review/,en,household-operations,content,644,0,0.000,0,PASS
https://familyboard.win/guides/familyboard-household-members-responsibilities-tutorial/,en,product,content,771,0,0.000,0,PASS
https://familyboard.win/tools/household-maintenance-delegation-map/,en,tools,tool,438,0,0.000,0,PASS
https://familyboard.win/guides/familyboard-documents-source-review-tutorial/,en,product,content,719,0,0.000,0,PASS
https://familyboard.win/guides/familyboard-emergency-information-privacy-tutorial/,en,product,content,721,0,0.000,0,PASS
https://familyboard.win/tools/household-backup-recovery-checker/,en,product,tool,486,0,0.000,0,PASS
https://familyboard.win/guides/familyboard-backup-recovery-checker-tutorial/,en,product,content,649,0,0.000,0,PASS
https://familyboard.win/guides/familyboard-event-duration-calculator-tutorial/,en,household-operations,content,665,0,0.000,0,PASS
https://familyboard.win/guides/familyboard-household-decision-register-tutorial/,en,household-operations,content,794,0,0.000,0,PASS
https://familyboard.win/tools/household-utility-bill-anomaly-log/,en,tools,tool,781,0,0.000,0,PASS
https://familyboard.win/guides/familyboard-record-linking-tutorial/,en,product,content,572,0,0.000,0,PASS
https://familyboard.win/guides/familyboard-utility-bill-difference-tutorial/,en,tools,content,644,0,0.000,0,PASS
https://familyboard.win/zh-tw/guides/familyboard-service-appointment-handoff-tutorial/,zh-TW,product,content,15,0,0.000,0,PASS
https://familyboard.win/tools/household-time-window-overlap-checker/,en,tools,tool,554,0,0.000,0,PASS
https://familyboard.win/zh-tw/tools/household-time-window-overlap-checker/,zh-TW,tools,tool,12,0,0.000,0,PASS
https://familyboard.win/guides/familyboard-time-window-overlap-checker-tutorial/,en,product,content,706,0,0.000,0,PASS
https://familyboard.win/zh-tw/guides/familyboard-time-window-overlap-checker-tutorial/,zh-TW,product,content,23,0,0.000,0,PASS
https://familyboard.win/tools/household-date-offset-planner/,en,tools,tool,665,0,0.000,0,PASS
https://familyboard.win/zh-tw/tools/household-date-offset-planner/,zh-TW,tools,tool,19,0,0.000,0,PASS
https://familyboard.win/guides/familyboard-date-offset-planner-tutorial/,en,product,content,649,0,0.000,0,PASS
https://familyboard.win/zh-tw/guides/familyboard-date-offset-planner-tutorial/,zh-TW,product,content,12,0,0.000,0,PASS
https://familyboard.win/tools/household-task-load-calculator/,en,tools,tool,834,0,0.000,0,PASS
https://familyboard.win/zh-tw/tools/household-task-load-calculator/,zh-TW,tools,tool,29,0,0.000,0,PASS
https://familyboard.win/guides/familyboard-task-load-calculator-tutorial/,en,product,content,966,0,0.000,0,PASS
https://familyboard.win/zh-tw/guides/familyboard-task-load-calculator-tutorial/,zh-TW,product,content,32,0,0.000,0,PASS
https://familyboard.win/zh-tw/editorial-policy/,zh-TW,support,support,19,0,0.000,0,PASS
https://familyboard.win/zh-tw/disclaimer/,zh-TW,support,support,12,0,0.000,0,PASS
https://familyboard.win/zh-tw/about/,zh-TW,support,support,27,0,0.000,0,PASS
https://familyboard.win/zh-tw/checklists/printable-home-maintenance-checklist/,zh-TW,printables,printable,15,0,0.000,0,PASS
https://familyboard.win/zh-tw/templates/printable-home-inventory-template/,zh-TW,printables,printable,17,0,0.000,0,PASS
https://familyboard.win/zh-tw/templates/printable-household-handoff-sheet/,zh-TW,printables,printable,13,0,0.000,0,PASS
https://familyboard.win/zh-tw/features/,zh-TW,product,content,3,0,0.000,0,PASS
https://familyboard.win/zh-tw/checklists/printable-monthly-home-checklist/,zh-TW,printables,printable,4,0,0.000,0,PASS
https://familyboard.win/zh-tw/checklists/printable-seasonal-home-checklist/,zh-TW,printables,printable,1,0,0.000,0,PASS
https://familyboard.win/zh-tw/templates/printable-appliance-inventory/,zh-TW,printables,printable,2,0,0.000,0,PASS
https://familyboard.win/zh-tw/templates/printable-warranty-tracker/,zh-TW,printables,printable,1,0,0.000,0,PASS
https://familyboard.win/zh-tw/templates/printable-repair-log/,zh-TW,printables,printable,2,0,0.000,0,PASS
https://familyboard.win/zh-tw/guides/,zh-TW,support,support,1,0,0.000,0,PASS
https://familyboard.win/zh-tw/tools/,zh-TW,support,support,1,0,0.000,0,PASS
https://familyboard.win/zh-tw/checklists/,zh-TW,support,support,2,0,0.000,0,PASS
https://familyboard.win/zh-tw/checklists/printable-emergency-binder-checklist/,zh-TW,printables,printable,1,0,0.000,0,PASS
https://familyboard.win/zh-tw/checklists/printable-moving-checklist/,zh-TW,printables,printable,2,0,0.000,0,PASS
https://familyboard.win/zh-tw/checklists/printable-pet-sitter-checklist/,zh-TW,printables,printable,2,0,0.000,0,PASS
https://familyboard.win/zh-tw/templates/,zh-TW,support,support,3,0,0.000,0,PASS
https://familyboard.win/zh-tw/templates/printable-service-provider-list/,zh-TW,printables,printable,2,0,0.000,0,PASS
https://familyboard.win/zh-tw/templates/printable-emergency-contacts/,zh-TW,printables,printable,1,0,0.000,0,PASS
https://familyboard.win/zh-tw/templates/printable-household-contacts/,zh-TW,printables,printable,2,0,0.000,0,PASS
https://familyboard.win/zh-tw/templates/printable-cleaning-schedule/,zh-TW,printables,printable,2,0,0.000,0,PASS
https://familyboard.win/zh-tw/templates/printable-chore-chart/,zh-TW,printables,printable,2,0,0.000,0,PASS
https://familyboard.win/zh-tw/checklists/printable-house-sitter-checklist/,zh-TW,printables,printable,3,0,0.000,0,PASS
https://familyboard.win/zh-tw/templates/printable-subscription-tracker/,zh-TW,printables,printable,1,0,0.000,0,PASS
https://familyboard.win/zh-tw/templates/printable-annual-renewals/,zh-TW,printables,printable,1,0,0.000,0,PASS
https://familyboard.win/guides/familyboard-appliance-age-calculator-tutorial/,en,tools,content,618,0,0.000,0,PASS
https://familyboard.win/guides/familyboard-appliance-replacement-planner-tutorial/,en,tools,content,592,0,0.000,0,PASS
https://familyboard.win/guides/familyboard-cleaning-schedule-generator-tutorial/,en,tools,content,582,0,0.000,0,PASS
https://familyboard.win/guides/familyboard-utility-bill-anomaly-log-tutorial/,en,tools,content,512,0,0.000,0,PASS
https://familyboard.win/guides/familyboard-maintenance-delegation-map-tutorial/,en,tools,content,546,0,0.000,0,PASS
https://familyboard.win/guides/familyboard-record-retention-decision-log-tutorial/,en,tools,content,545,0,0.000,0,PASS
https://familyboard.win/guides/familyboard-home-repair-closeout-checklist-tutorial/,en,tools,content,551,0,0.000,0,PASS
https://familyboard.win/guides/familyboard-pet-record-source-handoff-tutorial/,en,tools,content,527,0,0.000,0,PASS
https://familyboard.win/guides/familyboard-home-accessibility-walkthrough-log-tutorial/,en,household-operations,content,594,0,0.000,0,PASS
https://familyboard.win/guides/familyboard-household-annual-review-generator-tutorial/,en,household-operations,content,546,0,0.000,0,PASS
https://familyboard.win/guides/familyboard-household-document-index-generator-tutorial/,en,records-emergency,content,531,0,0.000,0,PASS
https://familyboard.win/guides/familyboard-emergency-binder-generator-tutorial/,en,records-emergency,content,545,0,0.000,0,PASS
https://familyboard.win/guides/familyboard-home-maintenance-cost-tracker-tutorial/,en,inventory-warranty,content,549,0,0.000,0,PASS
https://familyboard.win/guides/familyboard-home-service-reminder-generator-tutorial/,en,household-operations,content,520,0,0.000,0,PASS
https://familyboard.win/guides/familyboard-recurring-chore-planner-tutorial/,en,household-operations,content,545,0,0.000,0,PASS
https://familyboard.win/guides/familyboard-home-inventory-checklist-generator-tutorial/,en,inventory-warranty,content,507,0,0.000,0,PASS
https://familyboard.win/guides/familyboard-room-inventory-generator-tutorial/,en,inventory-warranty,content,506,0,0.000,0,PASS
https://familyboard.win/guides/familyboard-warranty-checklist-generator-tutorial/,en,inventory-warranty,content,502,0,0.000,0,PASS
https://familyboard.win/guides/familyboard-home-care-service-plan-change-notice-tutorial/,en,records-emergency,content,786,0,0.000,0,PASS
https://familyboard.win/guides/familyboard-home-care-service-interruption-backup-continuity-tutorial/,en,records-emergency,content,619,0,0.000,0,PASS
https://familyboard.win/guides/familyboard-home-care-complaint-response-resolution-tutorial/,en,records-emergency,content,737,0,0.000,0,PASS
https://familyboard.win/guides/familyboard-home-care-billing-discrepancy-tutorial/,en,records-emergency,content,662,0,0.000,0,PASS
https://familyboard.win/guides/familyboard-home-care-payment-refund-collection-notice-tutorial/,en,records-emergency,content,605,0,0.000,0,PASS
https://familyboard.win/guides/familyboard-rental-security-deposit-move-out-tutorial/,en,records-emergency,content,610,0,0.000,0,PASS
https://familyboard.win/guides/familyboard-calendar-tutorial/,en,household-operations,content,820,0,0.000,0,PASS
https://familyboard.win/guides/familyboard-warranty-tracker-tutorial/,en,inventory-warranty,content,670,0,0.000,0,PASS
https://familyboard.win/guides/familyboard-maintenance-tracker-tutorial/,en,maintenance,content,626,0,0.000,0,PASS
https://familyboard.win/guides/familyboard-emergency-supply-inventory-audit-tutorial/,en,records-emergency,content,573,0,0.000,0,PASS
https://familyboard.win/guides/familyboard-home-service-provider-verification-tutorial/,en,household-operations,content,538,0,0.000,0,PASS
https://familyboard.win/guides/familyboard-home-repair-change-order-tutorial/,en,maintenance,content,597,0,0.000,0,PASS
https://familyboard.win/guides/familyboard-emergency-contact-sheet-generator-tutorial/,en,records-emergency,content,554,0,0.000,0,PASS
https://familyboard.win/guides/familyboard-home-emergency-drill-record-tutorial/,en,records-emergency,content,584,0,0.000,0,PASS
https://familyboard.win/guides/familyboard-storm-readiness-review-tutorial/,en,records-emergency,content,562,0,0.000,0,PASS
https://familyboard.win/guides/familyboard-appliance-manual-source-check-tutorial/,en,appliances,content,774,0,0.000,0,PASS
https://familyboard.win/guides/familyboard-appliance-service-visit-tutorial/,en,appliances,content,665,0,0.000,0,PASS
https://familyboard.win/guides/familyboard-appliance-repair-callback-tutorial/,en,appliances,content,672,0,0.000,0,PASS
https://familyboard.win/guides/familyboard-appliance-purchase-installation-tutorial/,en,appliances,content,737,0,0.000,0,PASS
https://familyboard.win/guides/familyboard-home-handoff-summary-generator-tutorial/,en,household-operations,content,644,0,0.000,0,PASS
https://familyboard.win/guides/familyboard-house-sitter-instruction-generator-tutorial/,en,household-operations,content,646,0,0.000,0,PASS
https://familyboard.win/guides/familyboard-annual-subscription-cost-calculator-tutorial/,en,household-operations,content,609,0,0.000,0,PASS
https://familyboard.win/guides/familyboard-storage-unit-access-inventory-log-tutorial/,en,household-operations,content,683,0,0.000,0,PASS
https://familyboard.win/guides/familyboard-moving-box-handover-log-tutorial/,en,household-operations,content,633,0,0.000,0,PASS
https://familyboard.win/guides/familyboard-medical-information-source-handoff-tutorial/,en,records-emergency,content,639,0,0.000,0,PASS
https://familyboard.win/guides/familyboard-caregiver-handoff-source-authorization-tutorial/,en,records-emergency,content,661,0,0.000,0,PASS
https://familyboard.win/guides/familyboard-insurance-policy-source-version-tutorial/,en,inventory-warranty,content,609,0,0.000,0,PASS
https://familyboard.win/guides/familyboard-school-record-source-handoff-tutorial/,en,records-emergency,content,576,0,0.000,0,PASS
https://familyboard.win/guides/familyboard-mail-package-handoff-log-tutorial/,en,household-operations,content,565,0,0.000,0,PASS
https://familyboard.win/guides/familyboard-plant-care-handoff-log-tutorial/,en,household-operations,content,604,0,0.000,0,PASS
https://familyboard.win/guides/familyboard-household-meeting-agenda-action-log-tutorial/,en,household-operations,content,563,0,0.000,0,PASS
https://familyboard.win/guides/familyboard-pantry-expiry-review-log-tutorial/,en,household-operations,content,548,0,0.000,0,PASS
https://familyboard.win/guides/familyboard-trip-packing-handoff-log-tutorial/,en,household-operations,content,599,0,0.000,0,PASS
https://familyboard.win/guides/familyboard-move-in-checklist-generator-tutorial/,en,household-operations,content,652,0,0.000,0,PASS
https://familyboard.win/guides/familyboard-move-out-condition-report-generator-tutorial/,en,household-operations,content,608,0,0.000,0,PASS
https://familyboard.win/guides/familyboard-vacation-shutdown-checklist-generator-tutorial/,en,household-operations,content,514,0,0.000,0,PASS
https://familyboard.win/guides/familyboard-important-household-document-review-tutorial/,en,household-operations,content,690,0,0.000,0,PASS
https://familyboard.win/guides/familyboard-appliance-maintenance-checklist-generator-tutorial/,en,appliances,content,584,0,0.000,0,PASS
https://familyboard.win/guides/familyboard-receipt-retention-organizer-tutorial/,en,inventory-warranty,content,586,0,0.000,0,PASS
https://familyboard.win/guides/familyboard-household-backup-recovery-checker-tutorial/,en,product,content,512,0,0.000,0,PASS
https://familyboard.win/guides/familyboard-household-time-window-overlap-checker-tutorial/,en,household-operations,content,514,0,0.000,0,PASS
https://familyboard.win/guides/familyboard-household-shopping-list-planner-tutorial/,en,household-operations,content,620,0,0.000,0,PASS
https://familyboard.win/guides/familyboard-household-responsibility-coverage-map-tutorial/,en,household-operations,content,595,0,0.000,0,PASS
https://familyboard.win/guides/familyboard-replacement-part-source-check-log-tutorial/,en,inventory-warranty,content,577,0,0.000,0,PASS
https://familyboard.win/guides/familyboard-purchase-delivery-evidence-tutorial/,en,inventory-warranty,content,528,0,0.000,0,PASS
https://familyboard.win/guides/familyboard-warranty-claim-evidence-log-tutorial/,en,inventory-warranty,content,502,0,0.000,0,PASS
https://familyboard.win/guides/familyboard-pet-sitter-instruction-generator-tutorial/,en,records-emergency,content,533,0,0.000,0,PASS
https://familyboard.win/guides/familyboard-home-repair-cost-log-tutorial/,en,inventory-warranty,content,529,0,0.000,0,PASS
https://familyboard.win/guides/familyboard-home-care-visit-scope-service-result-tutorial/,en,records-emergency,content,536,0,0.000,0,PASS
https://familyboard.win/guides/familyboard-shared-device-privacy-review-tutorial/,en,product,content,548,0,0.000,0,PASS
https://familyboard.win/guides/familyboard-household-document-redaction-tutorial/,en,records-emergency,content,524,0,0.000,0,PASS
https://familyboard.win/guides/familyboard-rental-home-maintenance-handoff-tutorial/,en,maintenance,content,614,0,0.000,0,PASS
https://familyboard.win/guides/familyboard-clothing-care-repair-log-tutorial/,en,household-operations,content,576,0,0.000,0,PASS
https://familyboard.win/guides/familyboard-meal-prep-role-log-tutorial/,en,household-operations,content,532,0,0.000,0,PASS
https://familyboard.win/guides/familyboard-household-bill-source-status-tutorial/,en,household-operations,content,537,0,0.000,0,PASS
https://familyboard.win/guides/familyboard-household-export-scope-review-tutorial/,en,product,content,510,0,0.000,0,PASS
https://familyboard.win/guides/familyboard-printout-download-retention-tutorial/,en,product,content,594,0,0.000,0,PASS
https://familyboard.win/guides/familyboard-household-role-change-audit-tutorial/,en,household-operations,content,569,0,0.000,0,PASS
https://familyboard.win/guides/familyboard-guest-service-visit-reset-tutorial/,en,household-operations,content,546,0,0.000,0,PASS
https://familyboard.win/guides/familyboard-subscription-cancellation-result-review-tutorial/,en,household-operations,content,599,0,0.000,0,PASS
https://familyboard.win/guides/familyboard-weekly-household-decision-review-tutorial/,en,household-operations,content,514,0,0.000,0,PASS
https://familyboard.win/guides/familyboard-restore-merge-replace-tutorial/,en,product,content,630,0,0.000,0,PASS
https://familyboard.win/guides/familyboard-storage-health-warning-tutorial/,en,product,content,600,0,0.000,0,PASS
https://familyboard.win/guides/familyboard-attachment-metadata-tutorial/,en,product,content,596,0,0.000,0,PASS
https://familyboard.win/guides/familyboard-encrypted-backup-password-tutorial/,en,product,content,538,0,0.000,0,PASS
https://familyboard.win/guides/familyboard-master-csv-edit-import-tutorial/,en,product,content,565,0,0.000,0,PASS
https://familyboard.win/guides/familyboard-app-first-run-restore-tutorial/,en,product,content,502,0,0.000,0,PASS
https://familyboard.win/guides/familyboard-pwa-update-tutorial/,en,product,content,566,0,0.000,0,PASS
https://familyboard.win/guides/familyboard-shared-display-privacy-tutorial/,en,product,content,581,0,0.000,0,PASS
https://familyboard.win/guides/familyboard-reset-local-household-tutorial/,en,product,content,612,0,0.000,0,PASS
https://familyboard.win/guides/familyboard-storage-open-error-tutorial/,en,product,content,596,0,0.000,0,PASS
https://familyboard.win/guides/familyboard-task-completion-tutorial/,en,product,content,530,0,0.000,0,PASS
https://familyboard.win/guides/familyboard-member-archive-tutorial/,en,product,content,555,0,0.000,0,PASS
https://familyboard.win/guides/familyboard-maintenance-event-cost-tutorial/,en,maintenance,content,578,0,0.000,0,PASS
https://familyboard.win/guides/familyboard-calendar-timezone-tutorial/,en,product,content,564,0,0.000,0,PASS
https://familyboard.win/guides/familyboard-contact-sensitivity-tutorial/,en,product,content,568,0,0.000,0,PASS
https://familyboard.win/guides/familyboard-move-out-condition-tutorial/,en,product,content,556,0,0.000,0,PASS
https://familyboard.win/guides/familyboard-emergency-drill-tutorial/,en,records-emergency,content,543,0,0.000,0,PASS
https://familyboard.win/guides/familyboard-product-recall-action-log-tutorial/,en,appliances,content,535,0,0.000,0,PASS
https://familyboard.win/guides/familyboard-service-provider-verification-tutorial/,en,maintenance,content,552,0,0.000,0,PASS
https://familyboard.win/guides/familyboard-repair-change-order-tutorial/,en,maintenance,content,529,0,0.000,0,PASS
https://familyboard.win/guides/familyboard-repair-punch-list-review-tutorial/,en,maintenance,content,510,0,0.000,0,PASS
https://familyboard.win/guides/familyboard-record-retrieval-practice-tutorial/,en,records-emergency,content,526,0,0.000,0,PASS
https://familyboard.win/guides/familyboard-record-retention-decision-tutorial/,en,records-emergency,content,545,0,0.000,0,PASS
https://familyboard.win/guides/familyboard-appliance-manual-source-tutorial/,en,appliances,content,517,0,0.000,0,PASS
https://familyboard.win/guides/familyboard-handoff-acceptance-tutorial/,en,household-operations,content,534,0,0.000,0,PASS
https://familyboard.win/guides/familyboard-backup-restore-rehearsal-tutorial/,en,product,content,524,0,0.000,0,PASS
https://familyboard.win/guides/familyboard-household-decision-log-tutorial/,en,household-operations,content,561,0,0.000,0,PASS
https://familyboard.win/guides/familyboard-household-admin-escalation-tutorial/,en,household-operations,content,511,0,0.000,0,PASS
https://familyboard.win/guides/familyboard-purchase-comparison-tutorial/,en,household-operations,content,554,0,0.000,0,PASS
https://familyboard.win/guides/familyboard-privacy-review-handoff-tutorial/,en,records-emergency,content,581,0,0.000,0,PASS
https://familyboard.win/guides/familyboard-vendor-onboarding-tutorial/,en,maintenance,content,512,0,0.000,0,PASS
https://familyboard.win/guides/familyboard-home-closure-reopening-tutorial/,en,maintenance,content,511,0,0.000,0,PASS
https://familyboard.win/guides/familyboard-data-export-redaction-tutorial/,en,records-emergency,content,512,0,0.000,0,PASS
https://familyboard.win/guides/familyboard-household-availability-window-tutorial/,en,household-operations,content,554,0,0.000,0,PASS
https://familyboard.win/guides/familyboard-document-source-handoff-tutorial/,en,records-emergency,content,530,0,0.000,0,PASS
https://familyboard.win/guides/familyboard-maintenance-evidence-confidence-tutorial/,en,maintenance,content,519,0,0.000,0,PASS
https://familyboard.win/guides/familyboard-household-notification-routing-tutorial/,en,household-operations,content,647,0,0.000,0,PASS
https://familyboard.win/guides/familyboard-attachment-expiry-review-tutorial/,en,records-emergency,content,586,0,0.000,0,PASS
https://familyboard.win/guides/familyboard-household-quiet-hours-tutorial/,en,household-operations,content,586,0,0.000,0,PASS
https://familyboard.win/guides/familyboard-household-task-dependency-map-tutorial/,en,household-operations,content,565,0,0.000,0,PASS
https://familyboard.win/guides/familyboard-receipt-source-verification-tutorial/,en,inventory-warranty,content,546,0,0.000,0,PASS
https://familyboard.win/guides/familyboard-household-language-preference-handoff-tutorial/,en,support,content,599,0,0.000,0,PASS
https://familyboard.win/guides/dehumidifier-maintenance-records/,en,appliances,content,521,0,0.000,0,PASS
https://familyboard.win/about/,en,support,support,185,0,0.000,0,PASS
https://familyboard.win/affiliate-disclosure/,en,support,support,475,0,0.000,0,PASS
https://familyboard.win/changelog/,en,support,support,448,0,0.000,0,PASS
https://familyboard.win/checklists/,en,support,support,79,0,0.000,0,PASS
https://familyboard.win/contact/,en,support,support,159,0,0.000,0,PASS
https://familyboard.win/disclaimer/,en,support,support,134,0,0.000,0,PASS
https://familyboard.win/editorial-policy/,en,support,support,150,0,0.000,0,PASS
https://familyboard.win/guides/,en,support,support,120,0,0.000,0,PASS
https://familyboard.win/pricing/,en,support,support,144,0,0.000,0,PASS
https://familyboard.win/privacy/,en,support,support,741,0,0.000,0,PASS
https://familyboard.win/roadmap/,en,support,support,119,0,0.000,0,PASS
https://familyboard.win/security/,en,support,support,594,0,0.000,0,PASS
https://familyboard.win/templates/,en,support,support,140,0,0.000,0,PASS
https://familyboard.win/terms/,en,support,support,546,0,0.000,0,PASS
https://familyboard.win/tools/,en,support,support,57,0,0.000,0,PASS
https://familyboard.win/zh-tw/about/,zh-TW,support,support,27,0,0.000,0,PASS
https://familyboard.win/zh-tw/affiliate-disclosure/,zh-TW,support,support,81,0,0.000,0,PASS
https://familyboard.win/zh-tw/guides/air-conditioner-maintenance-checklist/,zh-TW,appliances,content,2,0,0.000,0,PASS
https://familyboard.win/zh-tw/guides/air-purifier-filter-log/,zh-TW,appliances,content,13,0,0.000,0,PASS
https://familyboard.win/zh-tw/guides/air-purifier-maintenance-guide/,zh-TW,appliances,content,33,0,0.000,0,PASS
https://familyboard.win/zh-tw/guides/annual-home-review/,zh-TW,maintenance,content,4,0,0.000,0,PASS
https://familyboard.win/zh-tw/guides/annual-renewal-calendar/,zh-TW,household-operations,content,26,0,0.000,0,PASS
https://familyboard.win/zh-tw/tools/annual-subscription-cost-calculator/,zh-TW,tools,tool,116,0,0.000,0,PASS
https://familyboard.win/zh-tw/guides/apartment-maintenance-checklist/,zh-TW,maintenance,content,11,0,0.000,0,PASS
https://familyboard.win/zh-tw/guides/familyboard-appliance-age-calculator-tutorial/,zh-TW,tools,content,16,0,0.000,0,PASS
https://familyboard.win/zh-tw/tools/appliance-age-calculator/,zh-TW,tools,tool,49,0,0.000,0,PASS
https://familyboard.win/zh-tw/guides/appliance-inventory/,zh-TW,inventory-warranty,content,64,0,0.000,0,PASS
https://familyboard.win/zh-tw/guides/appliance-lifespan-planning/,zh-TW,inventory-warranty,content,41,0,0.000,0,PASS
https://familyboard.win/zh-tw/tools/appliance-maintenance-checklist-generator/,zh-TW,tools,tool,44,0,0.000,0,PASS
https://familyboard.win/zh-tw/tools/appliance-manual-source-check-log/,zh-TW,tools,tool,28,0,0.000,0,PASS
https://familyboard.win/zh-tw/tools/appliance-purchase-installation-record/,zh-TW,tools,tool,48,0,0.000,0,PASS
https://familyboard.win/zh-tw/tools/appliance-repair-callback-log/,zh-TW,tools,tool,65,0,0.000,0,PASS
https://familyboard.win/zh-tw/guides/familyboard-appliance-replacement-planner-tutorial/,zh-TW,tools,content,23,0,0.000,0,PASS
https://familyboard.win/zh-tw/tools/appliance-replacement-planner/,zh-TW,tools,tool,71,0,0.000,0,PASS
https://familyboard.win/zh-tw/guides/appliance-replacement-planning/,zh-TW,inventory-warranty,content,82,0,0.000,0,PASS
https://familyboard.win/zh-tw/tools/appliance-service-visit-log/,zh-TW,tools,tool,46,0,0.000,0,PASS
https://familyboard.win/zh-tw/guides/automatic-renewal-charge-dispute-taiwan/,zh-TW,household-operations,content,14,0,0.000,0,PASS
https://familyboard.win/zh-tw/guides/bathroom-exhaust-fan-maintenance-checklist/,zh-TW,maintenance,content,5,0,0.000,0,PASS
https://familyboard.win/zh-tw/guides/carbon-monoxide-alarm-records/,zh-TW,records-emergency,content,15,0,0.000,0,PASS
https://familyboard.win/zh-tw/guides/caregiver-handoff-checklist/,zh-TW,records-emergency,content,41,0,0.000,0,PASS
https://familyboard.win/zh-tw/tools/caregiver-handoff-source-authorization-log/,zh-TW,tools,tool,39,0,0.000,0,PASS
https://familyboard.win/zh-tw/guides/ceiling-fan-maintenance-checklist/,zh-TW,maintenance,content,5,0,0.000,0,PASS
https://familyboard.win/zh-tw/changelog/,zh-TW,support,support,80,0,0.000,0,PASS
https://familyboard.win/zh-tw/checklists/,zh-TW,support,support,51,0,0.000,0,PASS
https://familyboard.win/zh-tw/guides/chore-chart-for-adults/,zh-TW,household-operations,content,2,0,0.000,0,PASS
https://familyboard.win/zh-tw/guides/familyboard-cleaning-schedule-generator-tutorial/,zh-TW,tools,content,21,0,0.000,0,PASS
https://familyboard.win/zh-tw/tools/cleaning-schedule-generator/,zh-TW,tools,tool,93,0,0.000,0,PASS
https://familyboard.win/zh-tw/guides/cleaning-schedule/,zh-TW,household-operations,content,45,0,0.000,0,PASS
https://familyboard.win/zh-tw/guides/coffee-maker-maintenance-guide/,zh-TW,appliances,content,6,0,0.000,0,PASS
https://familyboard.win/zh-tw/guides/computer-electronics-inventory/,zh-TW,appliances,content,20,0,0.000,0,PASS
https://familyboard.win/zh-tw/guides/condo-maintenance-checklist/,zh-TW,maintenance,content,3,0,0.000,0,PASS
https://familyboard.win/zh-tw/contact/,zh-TW,support,support,92,0,0.000,0,PASS
https://familyboard.win/zh-tw/guides/contractor-records/,zh-TW,inventory-warranty,content,92,0,0.000,0,PASS
https://familyboard.win/zh-tw/guides/deep-cleaning-tracker/,zh-TW,maintenance,content,15,0,0.000,0,PASS
https://familyboard.win/zh-tw/guides/dehumidifier-maintenance-guide/,zh-TW,appliances,content,18,0,0.000,0,PASS
https://familyboard.win/zh-tw/guides/dehumidifier-maintenance-records/,zh-TW,appliances,content,12,0,0.000,0,PASS
https://familyboard.win/zh-tw/guides/digital-home-binder/,zh-TW,records-emergency,content,55,0,0.000,0,PASS
https://familyboard.win/zh-tw/guides/digital-home-inventory-backup/,zh-TW,inventory-warranty,content,86,0,0.000,0,PASS
https://familyboard.win/zh-tw/disclaimer/,zh-TW,support,support,12,0,0.000,0,PASS
https://familyboard.win/zh-tw/guides/dishwasher-maintenance-checklist/,zh-TW,appliances,content,3,0,0.000,0,PASS
https://familyboard.win/zh-tw/guides/divide-household-responsibilities/,zh-TW,household-operations,content,11,0,0.000,0,PASS
https://familyboard.win/zh-tw/guides/dryer-maintenance-checklist/,zh-TW,appliances,content,6,0,0.000,0,PASS
https://familyboard.win/zh-tw/editorial-policy/,zh-TW,support,support,19,0,0.000,0,PASS
https://familyboard.win/zh-tw/guides/electronics-inventory/,zh-TW,inventory-warranty,content,25,0,0.000,0,PASS
https://familyboard.win/zh-tw/tools/emergency-binder-generator/,zh-TW,tools,tool,122,0,0.000,0,PASS
https://familyboard.win/zh-tw/guides/emergency-binder/,zh-TW,household-operations,content,21,0,0.000,0,PASS
https://familyboard.win/zh-tw/tools/emergency-contact-sheet-generator/,zh-TW,tools,tool,84,0,0.000,0,PASS
https://familyboard.win/zh-tw/tools/emergency-contact-verification-log/,zh-TW,tools,tool,92,0,0.000,0,PASS
https://familyboard.win/zh-tw/features/emergency-information-organizer/,zh-TW,product,content,40,0,0.000,0,PASS
https://familyboard.win/zh-tw/guides/emergency-information-sheet/,zh-TW,records-emergency,content,91,0,0.000,0,PASS
https://familyboard.win/zh-tw/tools/emergency-supply-inventory-audit/,zh-TW,tools,tool,42,0,0.000,0,PASS
https://familyboard.win/zh-tw/guides/emergency-supply-inventory/,zh-TW,records-emergency,content,42,0,0.000,0,PASS
https://familyboard.win/zh-tw/guides/fall-home-maintenance-checklist/,zh-TW,maintenance,content,16,0,0.000,0,PASS
https://familyboard.win/zh-tw/guides/family-chore-system/,zh-TW,household-operations,content,8,0,0.000,0,PASS
https://familyboard.win/zh-tw/guides/family-continuity-plan/,zh-TW,household-operations,content,10,0,0.000,0,PASS
https://familyboard.win/zh-tw/features/family-display-mode/,zh-TW,product,content,53,0,0.000,0,PASS
https://familyboard.win/zh-tw/guides/family-emergency-contacts/,zh-TW,records-emergency,content,49,0,0.000,0,PASS
https://familyboard.win/zh-tw/features/family-task-manager/,zh-TW,product,content,32,0,0.000,0,PASS
https://familyboard.win/zh-tw/guides/familyboard-accessibility-walkthrough-tutorial/,zh-TW,product,content,12,0,0.000,0,PASS
https://familyboard.win/zh-tw/guides/familyboard-annual-subscription-cost-calculator-tutorial/,zh-TW,household-operations,content,20,0,0.000,0,PASS
https://familyboard.win/zh-tw/guides/familyboard-app-first-run-restore-tutorial/,zh-TW,product,content,17,0,0.000,0,PASS
https://familyboard.win/zh-tw/features/free-home-management-app/,zh-TW,product,content,53,0,0.000,0,PASS
https://familyboard.win/zh-tw/guides/familyboard-appliance-maintenance-checklist-generator-tutorial/,zh-TW,appliances,content,6,0,0.000,0,PASS
https://familyboard.win/zh-tw/guides/familyboard-appliance-manual-source-check-tutorial/,zh-TW,appliances,content,27,0,0.000,0,PASS
https://familyboard.win/zh-tw/guides/familyboard-appliance-manual-source-tutorial/,zh-TW,appliances,content,12,0,0.000,0,PASS
https://familyboard.win/zh-tw/guides/familyboard-appliance-purchase-installation-tutorial/,zh-TW,appliances,content,23,0,0.000,0,PASS
https://familyboard.win/zh-tw/guides/familyboard-appliance-repair-callback-tutorial/,zh-TW,appliances,content,21,0,0.000,0,PASS
https://familyboard.win/zh-tw/guides/familyboard-appliance-service-visit-tutorial/,zh-TW,appliances,content,25,0,0.000,0,PASS
https://familyboard.win/zh-tw/guides/familyboard-attachment-expiry-review-tutorial/,zh-TW,records-emergency,content,5,0,0.000,0,PASS
https://familyboard.win/zh-tw/guides/familyboard-attachment-metadata-tutorial/,zh-TW,product,content,32,0,0.000,0,PASS
https://familyboard.win/zh-tw/guides/familyboard-backup-recovery-checker-tutorial/,zh-TW,product,content,12,0,0.000,0,PASS
https://familyboard.win/zh-tw/guides/familyboard-backup-restore-rehearsal-tutorial/,zh-TW,product,content,9,0,0.000,0,PASS
https://familyboard.win/zh-tw/guides/familyboard-bill-review-tutorial/,zh-TW,product,content,10,0,0.000,0,PASS
https://familyboard.win/zh-tw/guides/familyboard-browser-storage-cleanup-tutorial/,zh-TW,product,content,8,0,0.000,0,PASS
https://familyboard.win/zh-tw/guides/familyboard-browser-storage-maintenance/,zh-TW,product,content,14,0,0.000,0,PASS
https://familyboard.win/zh-tw/guides/familyboard-building-notice-response-tutorial/,zh-TW,records-emergency,content,12,0,0.000,0,PASS
https://familyboard.win/zh-tw/guides/familyboard-calendar-timezone-tutorial/,zh-TW,product,content,7,0,0.000,0,PASS
https://familyboard.win/zh-tw/guides/familyboard-calendar-tutorial/,zh-TW,household-operations,content,18,0,0.000,0,PASS
https://familyboard.win/zh-tw/guides/familyboard-caregiver-handoff-source-authorization-tutorial/,zh-TW,records-emergency,content,8,0,0.000,0,PASS
https://familyboard.win/zh-tw/guides/familyboard-clothing-care-repair-log-tutorial/,zh-TW,household-operations,content,7,0,0.000,0,PASS
https://familyboard.win/zh-tw/guides/familyboard-clothing-care-tutorial/,zh-TW,product,content,13,0,0.000,0,PASS
https://familyboard.win/zh-tw/guides/familyboard-consumable-change-history-tutorial/,zh-TW,maintenance,content,28,0,0.000,0,PASS
https://familyboard.win/zh-tw/guides/familyboard-contact-sensitivity-tutorial/,zh-TW,product,content,14,0,0.000,0,PASS
https://familyboard.win/zh-tw/guides/familyboard-data-export-redaction-tutorial/,zh-TW,records-emergency,content,5,0,0.000,0,PASS
https://familyboard.win/zh-tw/guides/familyboard-date-offset-planner-tutorial/,zh-TW,product,content,18,0,0.000,0,PASS
https://familyboard.win/zh-tw/guides/familyboard-device-retirement-tutorial/,zh-TW,records-emergency,content,32,0,0.000,0,PASS
https://familyboard.win/zh-tw/guides/familyboard-document-renewal-tutorial/,zh-TW,product,content,21,0,0.000,0,PASS
https://familyboard.win/zh-tw/guides/familyboard-document-source-handoff-tutorial/,zh-TW,records-emergency,content,8,0,0.000,0,PASS
https://familyboard.win/zh-tw/guides/familyboard-documents-source-review-tutorial/,zh-TW,product,content,19,0,0.000,0,PASS
https://familyboard.win/zh-tw/guides/familyboard-donation-handoff-tutorial/,zh-TW,product,content,13,0,0.000,0,PASS
https://familyboard.win/zh-tw/guides/familyboard-emergency-binder-generator-tutorial/,zh-TW,records-emergency,content,18,0,0.000,0,PASS
https://familyboard.win/zh-tw/guides/familyboard-emergency-contact-sheet-generator-tutorial/,zh-TW,records-emergency,content,5,0,0.000,0,PASS
https://familyboard.win/zh-tw/guides/familyboard-emergency-contact-verification-tutorial/,zh-TW,records-emergency,content,32,0,0.000,0,PASS
https://familyboard.win/zh-tw/guides/familyboard-emergency-drill-tutorial/,zh-TW,records-emergency,content,3,0,0.000,0,PASS
https://familyboard.win/zh-tw/guides/familyboard-emergency-information-privacy-tutorial/,zh-TW,product,content,17,0,0.000,0,PASS
https://familyboard.win/zh-tw/guides/familyboard-emergency-supply-inventory-audit-tutorial/,zh-TW,records-emergency,content,17,0,0.000,0,PASS
https://familyboard.win/zh-tw/guides/familyboard-encrypted-backup-password-tutorial/,zh-TW,product,content,18,0,0.000,0,PASS
https://familyboard.win/zh-tw/guides/familyboard-event-duration-calculator-tutorial/,zh-TW,household-operations,content,23,0,0.000,0,PASS
https://familyboard.win/zh-tw/guides/familyboard-event-source-index-tutorial/,zh-TW,household-operations,content,22,0,0.000,0,PASS
https://familyboard.win/zh-tw/guides/familyboard-family-display-mode-setup/,zh-TW,product,content,11,0,0.000,0,PASS
https://familyboard.win/zh-tw/guides/familyboard-free-home-management-app-tutorial/,zh-TW,product,content,30,0,0.000,0,PASS
https://familyboard.win/zh-tw/guides/familyboard-guest-arrival-prep-tutorial/,zh-TW,product,content,13,0,0.000,0,PASS
https://familyboard.win/zh-tw/guides/familyboard-guest-service-visit-reset-tutorial/,zh-TW,household-operations,content,7,0,0.000,0,PASS
https://familyboard.win/zh-tw/guides/familyboard-handoff-acceptance-tutorial/,zh-TW,household-operations,content,5,0,0.000,0,PASS
https://familyboard.win/zh-tw/guides/familyboard-home-access-handoff-tutorial/,zh-TW,product,content,17,0,0.000,0,PASS
https://familyboard.win/zh-tw/guides/familyboard-home-accessibility-walkthrough-log-tutorial/,zh-TW,household-operations,content,8,0,0.000,0,PASS
https://familyboard.win/zh-tw/guides/familyboard-home-care-billing-discrepancy-tutorial/,zh-TW,records-emergency,content,41,0,0.000,0,PASS
https://familyboard.win/zh-tw/guides/familyboard-home-care-complaint-response-resolution-tutorial/,zh-TW,records-emergency,content,19,0,0.000,0,PASS
https://familyboard.win/zh-tw/guides/familyboard-home-care-payment-refund-collection-notice-tutorial/,zh-TW,records-emergency,content,33,0,0.000,0,PASS
https://familyboard.win/zh-tw/guides/familyboard-home-care-service-interruption-backup-continuity-tutorial/,zh-TW,records-emergency,content,25,0,0.000,0,PASS
https://familyboard.win/zh-tw/guides/familyboard-home-care-service-plan-change-notice-tutorial/,zh-TW,records-emergency,content,31,0,0.000,0,PASS
https://familyboard.win/zh-tw/guides/familyboard-home-care-visit-scope-service-result-tutorial/,zh-TW,records-emergency,content,9,0,0.000,0,PASS
https://familyboard.win/zh-tw/guides/familyboard-home-closure-reopening-tutorial/,zh-TW,maintenance,content,4,0,0.000,0,PASS
https://familyboard.win/zh-tw/guides/familyboard-home-dashboard-weekly-review-tutorial/,zh-TW,household-operations,content,27,0,0.000,0,PASS
https://familyboard.win/zh-tw/guides/familyboard-home-emergency-drill-record-tutorial/,zh-TW,records-emergency,content,18,0,0.000,0,PASS
https://familyboard.win/zh-tw/guides/familyboard-home-handoff-summary-generator-tutorial/,zh-TW,household-operations,content,22,0,0.000,0,PASS
https://familyboard.win/zh-tw/guides/familyboard-home-inventory-checklist-generator-tutorial/,zh-TW,inventory-warranty,content,16,0,0.000,0,PASS
https://familyboard.win/zh-tw/guides/familyboard-home-maintenance-cost-tracker-tutorial/,zh-TW,inventory-warranty,content,21,0,0.000,0,PASS
https://familyboard.win/zh-tw/guides/familyboard-home-maintenance-schedule-generator-tutorial/,zh-TW,maintenance,content,13,0,0.000,0,PASS
https://familyboard.win/zh-tw/guides/familyboard-home-repair-change-order-tutorial/,zh-TW,maintenance,content,15,0,0.000,0,PASS
https://familyboard.win/zh-tw/guides/familyboard-home-repair-closeout-checklist-tutorial/,zh-TW,tools,content,18,0,0.000,0,PASS
https://familyboard.win/zh-tw/guides/familyboard-home-repair-cost-log-tutorial/,zh-TW,inventory-warranty,content,8,0,0.000,0,PASS
https://familyboard.win/zh-tw/guides/familyboard-home-service-provider-verification-tutorial/,zh-TW,household-operations,content,13,0,0.000,0,PASS
https://familyboard.win/zh-tw/guides/familyboard-home-service-reminder-generator-tutorial/,zh-TW,maintenance,content,5,0,0.000,0,PASS
https://familyboard.win/zh-tw/guides/familyboard-house-sitter-instruction-generator-tutorial/,zh-TW,household-operations,content,22,0,0.000,0,PASS
https://familyboard.win/zh-tw/guides/familyboard-household-account-list-tutorial/,zh-TW,household-operations,content,20,0,0.000,0,PASS
https://familyboard.win/zh-tw/guides/familyboard-household-admin-backup-tutorial/,zh-TW,records-emergency,content,13,0,0.000,0,PASS
https://familyboard.win/zh-tw/guides/familyboard-household-admin-escalation-tutorial/,zh-TW,household-operations,content,7,0,0.000,0,PASS
https://familyboard.win/zh-tw/guides/familyboard-household-annual-review-generator-tutorial/,zh-TW,household-operations,content,22,0,0.000,0,PASS
https://familyboard.win/zh-tw/guides/familyboard-household-availability-window-tutorial/,zh-TW,household-operations,content,5,0,0.000,0,PASS
https://familyboard.win/zh-tw/guides/familyboard-household-backup-recovery-checker-tutorial/,zh-TW,product,content,8,0,0.000,0,PASS
https://familyboard.win/zh-tw/guides/familyboard-household-bill-source-status-tutorial/,zh-TW,household-operations,content,7,0,0.000,0,PASS
https://familyboard.win/zh-tw/guides/familyboard-household-decision-log-tutorial/,zh-TW,household-operations,content,4,0,0.000,0,PASS
https://familyboard.win/zh-tw/guides/familyboard-household-decision-register-tutorial/,zh-TW,household-operations,content,14,0,0.000,0,PASS
https://familyboard.win/zh-tw/guides/familyboard-household-document-index-generator-tutorial/,zh-TW,household-operations,content,4,0,0.000,0,PASS
https://familyboard.win/zh-tw/guides/familyboard-household-document-redaction-tutorial/,zh-TW,records-emergency,content,13,0,0.000,0,PASS
https://familyboard.win/zh-tw/guides/familyboard-household-export-scope-review-tutorial/,zh-TW,product,content,15,0,0.000,0,PASS
https://familyboard.win/zh-tw/guides/familyboard-household-handoff-tutorial/,zh-TW,product,content,8,0,0.000,0,PASS
https://familyboard.win/zh-tw/guides/familyboard-household-language-preference-handoff-tutorial/,zh-TW,support,content,4,0,0.000,0,PASS
https://familyboard.win/zh-tw/guides/familyboard-household-meeting-agenda-action-log-tutorial/,zh-TW,household-operations,content,10,0,0.000,0,PASS
https://familyboard.win/zh-tw/guides/familyboard-household-meeting-tutorial/,zh-TW,product,content,7,0,0.000,0,PASS
https://familyboard.win/zh-tw/guides/familyboard-household-members-responsibilities-tutorial/,zh-TW,product,content,22,0,0.000,0,PASS
https://familyboard.win/zh-tw/guides/familyboard-household-notification-routing-tutorial/,zh-TW,household-operations,content,6,0,0.000,0,PASS
https://familyboard.win/zh-tw/guides/familyboard-household-quiet-hours-tutorial/,zh-TW,household-operations,content,8,0,0.000,0,PASS
https://familyboard.win/zh-tw/guides/familyboard-household-responsibility-coverage-map-tutorial/,zh-TW,household-operations,content,9,0,0.000,0,PASS
https://familyboard.win/zh-tw/guides/familyboard-household-responsibility-coverage-tutorial/,zh-TW,household-operations,content,29,0,0.000,0,PASS
https://familyboard.win/zh-tw/guides/familyboard-household-return-handoff-tutorial/,zh-TW,product,content,12,0,0.000,0,PASS
https://familyboard.win/zh-tw/guides/familyboard-household-role-change-audit-tutorial/,zh-TW,household-operations,content,8,0,0.000,0,PASS
https://familyboard.win/zh-tw/guides/familyboard-household-shopping-list-planner-tutorial/,zh-TW,household-operations,content,8,0,0.000,0,PASS
https://familyboard.win/zh-tw/guides/familyboard-household-subscription-cost-calculator-tutorial/,zh-TW,household-operations,content,38,0,0.000,0,PASS
https://familyboard.win/zh-tw/guides/familyboard-household-task-dependency-map-tutorial/,zh-TW,household-operations,content,5,0,0.000,0,PASS
https://familyboard.win/zh-tw/guides/familyboard-household-time-window-overlap-checker-tutorial/,zh-TW,household-operations,content,7,0,0.000,0,PASS
https://familyboard.win/zh-tw/guides/familyboard-weekly-household-decision-review-tutorial/,zh-TW,household-operations,content,10,0,0.000,0,PASS
https://familyboard.win/zh-tw/guides/familyboard-important-household-document-review-tutorial/,zh-TW,household-operations,content,6,0,0.000,0,PASS
https://familyboard.win/zh-tw/guides/familyboard-insurance-claim-timeline-tutorial/,zh-TW,records-emergency,content,16,0,0.000,0,PASS
https://familyboard.win/zh-tw/guides/familyboard-insurance-policy-source-version-tutorial/,zh-TW,inventory-warranty,content,6,0,0.000,0,PASS
https://familyboard.win/zh-tw/guides/familyboard-internet-incident-tutorial/,zh-TW,product,content,20,0,0.000,0,PASS
https://familyboard.win/zh-tw/guides/familyboard-mail-package-handoff-log-tutorial/,zh-TW,household-operations,content,9,0,0.000,0,PASS
https://familyboard.win/zh-tw/guides/familyboard-mail-package-handoff-tutorial/,zh-TW,product,content,15,0,0.000,0,PASS
https://familyboard.win/zh-tw/guides/familyboard-maintenance-delegation-map-tutorial/,zh-TW,tools,content,12,0,0.000,0,PASS
https://familyboard.win/zh-tw/guides/familyboard-maintenance-event-cost-tutorial/,zh-TW,maintenance,content,7,0,0.000,0,PASS
https://familyboard.win/zh-tw/guides/familyboard-maintenance-evidence-confidence-tutorial/,zh-TW,maintenance,content,4,0,0.000,0,PASS
https://familyboard.win/zh-tw/guides/familyboard-maintenance-history-review/,zh-TW,maintenance,content,17,0,0.000,0,PASS
https://familyboard.win/zh-tw/guides/familyboard-maintenance-priority-review-tutorial/,zh-TW,product,content,20,0,0.000,0,PASS
https://familyboard.win/zh-tw/guides/familyboard-maintenance-tracker-tutorial/,zh-TW,maintenance,content,18,0,0.000,0,PASS
https://familyboard.win/zh-tw/guides/familyboard-master-csv-edit-import-tutorial/,zh-TW,product,content,35,0,0.000,0,PASS
https://familyboard.win/zh-tw/guides/familyboard-master-csv-edit-import/,zh-TW,product,content,30,0,0.000,0,PASS
https://familyboard.win/zh-tw/guides/familyboard-meal-prep-role-log-tutorial/,zh-TW,household-operations,content,8,0,0.000,0,PASS
https://familyboard.win/zh-tw/guides/familyboard-meal-prep-tutorial/,zh-TW,product,content,11,0,0.000,0,PASS
https://familyboard.win/zh-tw/guides/familyboard-medical-information-source-handoff-tutorial/,zh-TW,records-emergency,content,12,0,0.000,0,PASS
https://familyboard.win/zh-tw/guides/familyboard-member-archive-tutorial/,zh-TW,product,content,8,0,0.000,0,PASS
https://familyboard.win/zh-tw/guides/familyboard-meter-reading-tutorial/,zh-TW,product,content,13,0,0.000,0,PASS
https://familyboard.win/zh-tw/guides/familyboard-monthly-review-action-tutorial/,zh-TW,product,content,26,0,0.000,0,PASS
https://familyboard.win/zh-tw/guides/familyboard-move-in-checklist-generator-tutorial/,zh-TW,household-operations,content,8,0,0.000,0,PASS
https://familyboard.win/zh-tw/guides/familyboard-move-out-condition-report-generator-tutorial/,zh-TW,household-operations,content,7,0,0.000,0,PASS
https://familyboard.win/zh-tw/guides/familyboard-move-out-condition-tutorial/,zh-TW,product,content,7,0,0.000,0,PASS
https://familyboard.win/zh-tw/guides/familyboard-moving-box-handover-log-tutorial/,zh-TW,household-operations,content,12,0,0.000,0,PASS
https://familyboard.win/zh-tw/guides/familyboard-offline-backup-restore/,zh-TW,product,content,18,0,0.000,0,PASS
https://familyboard.win/zh-tw/guides/familyboard-old-tablet-display-tutorial/,zh-TW,product,content,4,0,0.000,0,PASS
https://familyboard.win/zh-tw/guides/familyboard-pantry-expiry-review-log-tutorial/,zh-TW,household-operations,content,6,0,0.000,0,PASS
https://familyboard.win/zh-tw/guides/familyboard-pantry-review-tutorial/,zh-TW,product,content,11,0,0.000,0,PASS
https://familyboard.win/zh-tw/guides/familyboard-pet-record-source-handoff-tutorial/,zh-TW,tools,content,14,0,0.000,0,PASS
https://familyboard.win/zh-tw/guides/familyboard-pet-sitter-instruction-generator-tutorial/,zh-TW,records-emergency,content,12,0,0.000,0,PASS
https://familyboard.win/zh-tw/guides/familyboard-photo-inventory-tutorial/,zh-TW,product,content,16,0,0.000,0,PASS
https://familyboard.win/zh-tw/guides/familyboard-plant-care-handoff-log-tutorial/,zh-TW,household-operations,content,8,0,0.000,0,PASS
https://familyboard.win/zh-tw/guides/familyboard-plant-care-handoff-tutorial/,zh-TW,product,content,12,0,0.000,0,PASS
https://familyboard.win/zh-tw/guides/familyboard-power-outage-event-log-tutorial/,zh-TW,records-emergency,content,17,0,0.000,0,PASS
https://familyboard.win/zh-tw/guides/familyboard-printout-download-retention-tutorial/,zh-TW,product,content,14,0,0.000,0,PASS
https://familyboard.win/zh-tw/guides/familyboard-privacy-review-handoff-tutorial/,zh-TW,records-emergency,content,6,0,0.000,0,PASS
https://familyboard.win/zh-tw/guides/familyboard-private-family-organizer-tutorial/,zh-TW,product,content,14,0,0.000,0,PASS
https://familyboard.win/zh-tw/guides/familyboard-product-recall-action-log-tutorial/,zh-TW,appliances,content,9,0,0.000,0,PASS
https://familyboard.win/zh-tw/guides/familyboard-product-recall-action-tutorial/,zh-TW,product,content,8,0,0.000,0,PASS
https://familyboard.win/zh-tw/guides/familyboard-purchase-comparison-tutorial/,zh-TW,household-operations,content,4,0,0.000,0,PASS
https://familyboard.win/zh-tw/guides/familyboard-purchase-delivery-evidence-tutorial/,zh-TW,inventory-warranty,content,10,0,0.000,0,PASS
https://familyboard.win/zh-tw/guides/familyboard-pwa-update-tutorial/,zh-TW,product,content,25,0,0.000,0,PASS
https://familyboard.win/zh-tw/guides/familyboard-receipt-retention-organizer-tutorial/,zh-TW,inventory-warranty,content,6,0,0.000,0,PASS
https://familyboard.win/zh-tw/guides/familyboard-receipt-source-verification-tutorial/,zh-TW,inventory-warranty,content,5,0,0.000,0,PASS
https://familyboard.win/zh-tw/guides/familyboard-record-linking-tutorial/,zh-TW,product,content,13,0,0.000,0,PASS
https://familyboard.win/zh-tw/guides/familyboard-record-retention-decision-log-tutorial/,zh-TW,tools,content,13,0,0.000,0,PASS
https://familyboard.win/zh-tw/guides/familyboard-record-retention-decision-tutorial/,zh-TW,records-emergency,content,9,0,0.000,0,PASS
https://familyboard.win/zh-tw/guides/familyboard-record-retrieval-drill-tutorial/,zh-TW,records-emergency,content,11,0,0.000,0,PASS
https://familyboard.win/zh-tw/guides/familyboard-record-retrieval-practice-tutorial/,zh-TW,records-emergency,content,11,0,0.000,0,PASS
https://familyboard.win/zh-tw/guides/familyboard-recurring-chore-planner-tutorial/,zh-TW,household-operations,content,17,0,0.000,0,PASS
https://familyboard.win/zh-tw/guides/familyboard-recycling-handoff-tutorial/,zh-TW,product,content,15,0,0.000,0,PASS
https://familyboard.win/zh-tw/guides/familyboard-rental-home-maintenance-handoff-tutorial/,zh-TW,maintenance,content,8,0,0.000,0,PASS
https://familyboard.win/zh-tw/guides/familyboard-rental-repair-request-tutorial/,zh-TW,records-emergency,content,16,0,0.000,0,PASS
https://familyboard.win/zh-tw/guides/familyboard-rental-security-deposit-move-out-tutorial/,zh-TW,records-emergency,content,18,0,0.000,0,PASS
https://familyboard.win/zh-tw/guides/familyboard-repair-change-order-tutorial/,zh-TW,maintenance,content,9,0,0.000,0,PASS
https://familyboard.win/zh-tw/guides/familyboard-repair-evidence-timeline-tutorial/,zh-TW,records-emergency,content,30,0,0.000,0,PASS
https://familyboard.win/zh-tw/guides/familyboard-repair-punch-list-tutorial/,zh-TW,maintenance,content,21,0,0.000,0,PASS
https://familyboard.win/zh-tw/guides/familyboard-repair-punch-list-review-tutorial/,zh-TW,maintenance,content,5,0,0.000,0,PASS
https://familyboard.win/zh-tw/guides/familyboard-replacement-part-source-check-log-tutorial/,zh-TW,inventory-warranty,content,9,0,0.000,0,PASS
https://familyboard.win/zh-tw/guides/familyboard-replacement-part-source-check-tutorial/,zh-TW,inventory-warranty,content,33,0,0.000,0,PASS
https://familyboard.win/zh-tw/guides/familyboard-reset-local-household-tutorial/,zh-TW,product,content,23,0,0.000,0,PASS
https://familyboard.win/zh-tw/guides/familyboard-restore-merge-replace-tutorial/,zh-TW,product,content,18,0,0.000,0,PASS
https://familyboard.win/zh-tw/guides/familyboard-room-inventory-generator-tutorial/,zh-TW,inventory-warranty,content,18,0,0.000,0,PASS
https://familyboard.win/zh-tw/guides/familyboard-router-support-review-tutorial/,zh-TW,records-emergency,content,39,0,0.000,0,PASS
https://familyboard.win/zh-tw/guides/familyboard-schedule-conflict-review-tutorial/,zh-TW,product,content,12,0,0.000,0,PASS
https://familyboard.win/zh-tw/guides/familyboard-school-activity-handoff-tutorial/,zh-TW,product,content,24,0,0.000,0,PASS
https://familyboard.win/zh-tw/guides/familyboard-school-closure-continuity-tutorial/,zh-TW,records-emergency,content,15,0,0.000,0,PASS
https://familyboard.win/zh-tw/guides/familyboard-school-pickup-handoff-tutorial/,zh-TW,product,content,12,0,0.000,0,PASS
https://familyboard.win/zh-tw/guides/familyboard-school-record-source-handoff-tutorial/,zh-TW,records-emergency,content,8,0,0.000,0,PASS
https://familyboard.win/zh-tw/guides/familyboard-seasonal-reset-tutorial/,zh-TW,household-operations,content,14,0,0.000,0,PASS
https://familyboard.win/zh-tw/guides/familyboard-service-appointment-handoff-tutorial/,zh-TW,product,content,15,0,0.000,0,PASS
https://familyboard.win/zh-tw/guides/familyboard-service-provider-verification-tutorial/,zh-TW,maintenance,content,7,0,0.000,0,PASS
https://familyboard.win/zh-tw/guides/familyboard-service-quote-comparison-tutorial/,zh-TW,product,content,11,0,0.000,0,PASS
https://familyboard.win/zh-tw/guides/familyboard-share-access-tutorial/,zh-TW,product,content,13,0,0.000,0,PASS
https://familyboard.win/zh-tw/guides/familyboard-shared-device-privacy-review-tutorial/,zh-TW,product,content,11,0,0.000,0,PASS
https://familyboard.win/zh-tw/guides/familyboard-shared-display-privacy-tutorial/,zh-TW,product,content,6,0,0.000,0,PASS
https://familyboard.win/zh-tw/guides/familyboard-shopping-list-planner-tutorial/,zh-TW,household-operations,content,18,0,0.000,0,PASS
https://familyboard.win/zh-tw/guides/familyboard-storage-health-warning-tutorial/,zh-TW,product,content,28,0,0.000,0,PASS
https://familyboard.win/zh-tw/guides/familyboard-storage-open-error-tutorial/,zh-TW,product,content,19,0,0.000,0,PASS
https://familyboard.win/zh-tw/guides/familyboard-storage-unit-access-inventory-log-tutorial/,zh-TW,household-operations,content,15,0,0.000,0,PASS
https://familyboard.win/zh-tw/guides/familyboard-storm-readiness-review-tutorial/,zh-TW,records-emergency,content,13,0,0.000,0,PASS
https://familyboard.win/zh-tw/guides/familyboard-subscription-cancellation-handoff-tutorial/,zh-TW,product,content,13,0,0.000,0,PASS
https://familyboard.win/zh-tw/guides/familyboard-subscription-cancellation-result-review-tutorial/,zh-TW,household-operations,content,8,0,0.000,0,PASS
https://familyboard.win/zh-tw/guides/familyboard-subscription-renewal-review/,zh-TW,household-operations,content,22,0,0.000,0,PASS
https://familyboard.win/zh-tw/guides/familyboard-task-completion-tutorial/,zh-TW,product,content,6,0,0.000,0,PASS
https://familyboard.win/zh-tw/guides/familyboard-task-load-calculator-tutorial/,zh-TW,product,content,32,0,0.000,0,PASS
https://familyboard.win/zh-tw/guides/familyboard-time-window-overlap-checker-tutorial/,zh-TW,product,content,27,0,0.000,0,PASS
https://familyboard.win/zh-tw/guides/familyboard-trip-handoff-tutorial/,zh-TW,product,content,10,0,0.000,0,PASS
https://familyboard.win/zh-tw/guides/familyboard-trip-packing-handoff-log-tutorial/,zh-TW,household-operations,content,10,0,0.000,0,PASS
https://familyboard.win/zh-tw/guides/familyboard-utility-bill-anomaly-log-tutorial/,zh-TW,tools,content,11,0,0.000,0,PASS
https://familyboard.win/zh-tw/guides/familyboard-utility-bill-difference-tutorial/,zh-TW,tools,content,10,0,0.000,0,PASS
https://familyboard.win/zh-tw/guides/familyboard-utility-provider-handoff-tutorial/,zh-TW,records-emergency,content,15,0,0.000,0,PASS
https://familyboard.win/zh-tw/guides/familyboard-vacation-shutdown-checklist-generator-tutorial/,zh-TW,household-operations,content,8,0,0.000,0,PASS
https://familyboard.win/zh-tw/guides/familyboard-vehicle-document-source-status-tutorial/,zh-TW,records-emergency,content,16,0,0.000,0,PASS
https://familyboard.win/zh-tw/guides/familyboard-vendor-onboarding-tutorial/,zh-TW,maintenance,content,5,0,0.000,0,PASS
https://familyboard.win/zh-tw/guides/familyboard-warranty-checklist-generator-tutorial/,zh-TW,inventory-warranty,content,16,0,0.000,0,PASS
https://familyboard.win/zh-tw/guides/familyboard-warranty-claim-evidence-log-tutorial/,zh-TW,inventory-warranty,content,9,0,0.000,0,PASS
https://familyboard.win/zh-tw/guides/familyboard-warranty-expiration-calculator-tutorial/,zh-TW,inventory-warranty,content,33,0,0.000,0,PASS
https://familyboard.win/zh-tw/guides/familyboard-warranty-tracker-tutorial/,zh-TW,inventory-warranty,content,16,0,0.000,0,PASS
https://familyboard.win/zh-tw/guides/familyboard-water-leak-event-log-tutorial/,zh-TW,product,content,17,0,0.000,0,PASS
https://familyboard.win/zh-tw/guides/familyboard-weekly-reset-action-tutorial/,zh-TW,product,content,22,0,0.000,0,PASS
https://familyboard.win/zh-tw/features/,zh-TW,product,content,60,0,0.000,0,PASS
https://familyboard.win/zh-tw/guides/fire-extinguisher-records/,zh-TW,records-emergency,content,9,0,0.000,0,PASS
https://familyboard.win/zh-tw/guides/first-time-homeowner-maintenance-guide/,zh-TW,maintenance,content,4,0,0.000,0,PASS
https://familyboard.win/zh-tw/guides/freezer-maintenance-checklist/,zh-TW,appliances,content,9,0,0.000,0,PASS
https://familyboard.win/zh-tw/guides/furnace-maintenance-records/,zh-TW,appliances,content,11,0,0.000,0,PASS
https://familyboard.win/zh-tw/guides/furniture-inventory/,zh-TW,inventory-warranty,content,16,0,0.000,0,PASS
https://familyboard.win/zh-tw/guides/garbage-disposal-maintenance-guide/,zh-TW,appliances,content,24,0,0.000,0,PASS
https://familyboard.win/zh-tw/guides/guest-preparation-checklist/,zh-TW,household-operations,content,22,0,0.000,0,PASS
https://familyboard.win/zh-tw/guides/,zh-TW,support,support,77,0,0.000,0,PASS
https://familyboard.win/zh-tw/guides/heat-pump-maintenance-records/,zh-TW,appliances,content,14,0,0.000,0,PASS
https://familyboard.win/zh-tw/tools/home-care-charge-service-payment-discrepancy-log/,zh-TW,tools,tool,107,0,0.000,0,PASS
https://familyboard.win/zh-tw/tools/home-care-complaint-response-resolution-log/,zh-TW,tools,tool,92,0,0.000,0,PASS
https://familyboard.win/zh-tw/tools/home-care-payment-refund-collection-notice-log/,zh-TW,tools,tool,77,0,0.000,0,PASS
https://familyboard.win/zh-tw/guides/home-care-refund-and-collection-notices/,zh-TW,records-emergency,content,48,0,0.000,0,PASS
https://familyboard.win/zh-tw/guides/home-care-service-complaint-resolution/,zh-TW,records-emergency,content,130,0,0.000,0,PASS
https://familyboard.win/zh-tw/guides/home-care-service-fees-and-billing/,zh-TW,records-emergency,content,67,0,0.000,0,PASS
https://familyboard.win/zh-tw/tools/home-care-service-interruption-backup-continuity-log/,zh-TW,tools,tool,66,0,0.000,0,PASS
https://familyboard.win/zh-tw/guides/home-care-service-interruption-backup-plan/,zh-TW,records-emergency,content,93,0,0.000,0,PASS
https://familyboard.win/zh-tw/tools/home-care-service-plan-change-notice-log/,zh-TW,tools,tool,70,0,0.000,0,PASS
https://familyboard.win/zh-tw/guides/home-care-service-plan-changes/,zh-TW,records-emergency,content,97,0,0.000,0,PASS
https://familyboard.win/zh-tw/guides/home-care-service-visit-records/,zh-TW,records-emergency,content,84,0,0.000,0,PASS
https://familyboard.win/zh-tw/tools/home-care-visit-scope-service-result-log/,zh-TW,tools,tool,56,0,0.000,0,PASS
https://familyboard.win/zh-tw/guides/home-contact-list/,zh-TW,records-emergency,content,3,0,0.000,0,PASS
https://familyboard.win/zh-tw/features/home-dashboard/,zh-TW,product,content,59,0,0.000,0,PASS
https://familyboard.win/zh-tw/tools/home-emergency-drill-record-generator/,zh-TW,tools,tool,62,0,0.000,0,PASS
https://familyboard.win/zh-tw/guides/home-evacuation-information/,zh-TW,records-emergency,content,98,0,0.000,0,PASS
https://familyboard.win/zh-tw/tools/home-handoff-summary-generator/,zh-TW,tools,tool,36,0,0.000,0,PASS
https://familyboard.win/zh-tw/guides/home-improvement-receipts/,zh-TW,inventory-warranty,content,82,0,0.000,0,PASS
https://familyboard.win/zh-tw/tools/home-inventory-checklist-generator/,zh-TW,tools,tool,51,0,0.000,0,PASS
https://familyboard.win/zh-tw/guides/home-inventory-checklist/,zh-TW,inventory-warranty,content,23,0,0.000,0,PASS
https://familyboard.win/zh-tw/guides/home-inventory-for-insurance/,zh-TW,inventory-warranty,content,25,0,0.000,0,PASS
https://familyboard.win/zh-tw/features/home-inventory-tracker/,zh-TW,product,content,38,0,0.000,0,PASS
https://familyboard.win/zh-tw/guides/home-maintenance-after-vacation/,zh-TW,maintenance,content,4,0,0.000,0,PASS
https://familyboard.win/zh-tw/guides/home-maintenance-binder/,zh-TW,maintenance,content,11,0,0.000,0,PASS
https://familyboard.win/zh-tw/guides/home-maintenance-budget/,zh-TW,maintenance,content,3,0,0.000,0,PASS
https://familyboard.win/zh-tw/guides/home-maintenance-calendar/,zh-TW,maintenance,content,24,0,0.000,0,PASS
https://familyboard.win/zh-tw/tools/home-maintenance-cost-tracker/,zh-TW,tools,tool,49,0,0.000,0,PASS
https://familyboard.win/zh-tw/guides/home-maintenance-delegation/,zh-TW,maintenance,content,5,0,0.000,0,PASS
https://familyboard.win/zh-tw/guides/home-maintenance-log/,zh-TW,maintenance,content,69,0,0.000,0,PASS
https://familyboard.win/zh-tw/guides/home-maintenance-records/,zh-TW,maintenance,content,9,0,0.000,0,PASS
https://familyboard.win/zh-tw/guides/home-maintenance-reminders/,zh-TW,maintenance,content,10,0,0.000,0,PASS
https://familyboard.win/zh-tw/tools/home-maintenance-schedule-generator/,zh-TW,tools,tool,45,0,0.000,0,PASS
https://familyboard.win/zh-tw/guides/home-maintenance-schedule/,zh-TW,maintenance,content,38,0,0.000,0,PASS
https://familyboard.win/zh-tw/guides/home-purchase-records/,zh-TW,inventory-warranty,content,17,0,0.000,0,PASS
https://familyboard.win/zh-tw/features/home-record-keeper/,zh-TW,inventory-warranty,content,19,0,0.000,0,PASS
https://familyboard.win/zh-tw/tools/home-repair-change-order-log/,zh-TW,tools,tool,71,0,0.000,0,PASS
https://familyboard.win/zh-tw/tools/home-repair-closeout-checklist/,zh-TW,tools,tool,43,0,0.000,0,PASS
https://familyboard.win/zh-tw/tools/home-repair-cost-log/,zh-TW,tools,tool,58,0,0.000,0,PASS
https://familyboard.win/zh-tw/guides/home-repair-history/,zh-TW,maintenance,content,5,0,0.000,0,PASS
https://familyboard.win/zh-tw/tools/home-repair-punch-list/,zh-TW,tools,tool,43,0,0.000,0,PASS
https://familyboard.win/zh-tw/guides/home-service-provider-list/,zh-TW,maintenance,content,80,0,0.000,0,PASS
https://familyboard.win/zh-tw/tools/home-service-provider-verification-log/,zh-TW,tools,tool,55,0,0.000,0,PASS
https://familyboard.win/zh-tw/tools/home-service-reminder-generator/,zh-TW,tools,tool,57,0,0.000,0,PASS
https://familyboard.win/zh-tw/,zh-TW,product,content,39,0,0.000,0,PASS
https://familyboard.win/zh-tw/guides/house-sitter-information/,zh-TW,household-operations,content,19,0,0.000,0,PASS
https://familyboard.win/zh-tw/tools/house-sitter-instruction-generator/,zh-TW,tools,tool,48,0,0.000,0,PASS
https://familyboard.win/zh-tw/tools/household-accessibility-walkthrough-log/,zh-TW,household-operations,tool,1,0,0.000,0,PASS
https://familyboard.win/zh-tw/tools/household-account-list/,zh-TW,household-operations,tool,14,0,0.000,0,PASS
https://familyboard.win/zh-tw/guides/household-account-list/,zh-TW,household-operations,content,29,0,0.000,0,PASS
https://familyboard.win/zh-tw/guides/household-admin-backup-person/,zh-TW,records-emergency,content,6,0,0.000,0,PASS
https://familyboard.win/zh-tw/guides/household-admin-day/,zh-TW,household-operations,content,9,0,0.000,0,PASS
https://familyboard.win/zh-tw/tools/household-annual-review-generator/,zh-TW,tools,tool,31,0,0.000,0,PASS
https://familyboard.win/zh-tw/tools/household-backup-recovery-checker/,zh-TW,product,tool,10,0,0.000,0,PASS
https://familyboard.win/zh-tw/tools/household-bill-source-status-log/,zh-TW,household-operations,tool,3,0,0.000,0,PASS
https://familyboard.win/zh-tw/tools/household-building-notice-response-log/,zh-TW,records-emergency,tool,10,0,0.000,0,PASS
https://familyboard.win/zh-tw/features/household-calendar/,zh-TW,product,content,62,0,0.000,0,PASS
https://familyboard.win/zh-tw/tools/household-clothing-care-repair-log/,zh-TW,household-operations,tool,5,0,0.000,0,PASS
https://familyboard.win/zh-tw/tools/household-consumable-change-history-log/,zh-TW,maintenance,tool,16,0,0.000,0,PASS
https://familyboard.win/zh-tw/tools/household-date-offset-planner/,zh-TW,tools,tool,19,0,0.000,0,PASS
https://familyboard.win/zh-tw/tools/household-decision-register/,zh-TW,household-operations,tool,5,0,0.000,0,PASS
https://familyboard.win/zh-tw/tools/household-device-retirement-handoff-log/,zh-TW,records-emergency,tool,12,0,0.000,0,PASS
https://familyboard.win/zh-tw/tools/household-document-index-generator/,zh-TW,tools,tool,40,0,0.000,0,PASS
https://familyboard.win/zh-tw/tools/household-document-renewal-review-log/,zh-TW,records-emergency,tool,1,0,0.000,0,PASS
https://familyboard.win/zh-tw/features/household-documents-organizer/,zh-TW,product,content,70,0,0.000,0,PASS
https://familyboard.win/zh-tw/guides/household-documents-organizer/,zh-TW,records-emergency,content,55,0,0.000,0,PASS
https://familyboard.win/zh-tw/tools/household-donation-handoff-log/,zh-TW,household-operations,tool,4,0,0.000,0,PASS
https://familyboard.win/zh-tw/tools/household-event-duration-calculator/,zh-TW,tools,tool,31,0,0.000,0,PASS
https://familyboard.win/zh-tw/guides/household-event-source-check-taiwan/,zh-TW,household-operations,content,15,0,0.000,0,PASS
https://familyboard.win/zh-tw/tools/household-event-source-index-log/,zh-TW,household-operations,tool,14,0,0.000,0,PASS
https://familyboard.win/zh-tw/tools/household-guest-arrival-prep-log/,zh-TW,household-operations,tool,2,0,0.000,0,PASS
https://familyboard.win/zh-tw/features/household-handoff/,zh-TW,product,content,10,0,0.000,0,PASS
https://familyboard.win/zh-tw/guides/household-handoff/,zh-TW,records-emergency,content,12,0,0.000,0,PASS
https://familyboard.win/zh-tw/tools/household-home-access-handoff-log/,zh-TW,household-operations,tool,11,0,0.000,0,PASS
https://familyboard.win/zh-tw/tools/household-insurance-claim-timeline-log/,zh-TW,records-emergency,tool,9,0,0.000,0,PASS
https://familyboard.win/zh-tw/tools/household-insurance-policy-source-version-log/,zh-TW,tools,tool,25,0,0.000,0,PASS
https://familyboard.win/zh-tw/tools/household-internet-incident-review-log/,zh-TW,household-operations,tool,2,0,0.000,0,PASS
https://familyboard.win/zh-tw/tools/household-inventory-photo-capture-log/,zh-TW,inventory-warranty,tool,2,0,0.000,0,PASS
https://familyboard.win/zh-tw/tools/household-mail-package-handoff-log/,zh-TW,household-operations,tool,3,0,0.000,0,PASS
https://familyboard.win/zh-tw/tools/household-maintenance-delegation-map/,zh-TW,tools,tool,5,0,0.000,0,PASS
https://familyboard.win/zh-tw/tools/household-maintenance-priority-review-log/,zh-TW,maintenance,tool,5,0,0.000,0,PASS
https://familyboard.win/zh-tw/guides/household-management-checklist/,zh-TW,household-operations,content,35,0,0.000,0,PASS
https://familyboard.win/zh-tw/tools/household-meal-prep-role-log/,zh-TW,household-operations,tool,4,0,0.000,0,PASS
https://familyboard.win/zh-tw/guides/household-medical-information-organization/,zh-TW,records-emergency,content,65,0,0.000,0,PASS
https://familyboard.win/zh-tw/tools/household-medical-information-source-handoff-log/,zh-TW,tools,tool,42,0,0.000,0,PASS
https://familyboard.win/zh-tw/tools/household-meeting-agenda-action-log/,zh-TW,household-operations,tool,2,0,0.000,0,PASS
https://familyboard.win/zh-tw/tools/household-meter-reading-review-log/,zh-TW,household-operations,tool,1,0,0.000,0,PASS
https://familyboard.win/zh-tw/tools/household-monthly-review-action-log/,zh-TW,household-operations,tool,12,0,0.000,0,PASS
https://familyboard.win/zh-tw/guides/household-monthly-review/,zh-TW,household-operations,content,38,0,0.000,0,PASS
https://familyboard.win/zh-tw/features/household-operations-system/,zh-TW,product,content,12,0,0.000,0,PASS
https://familyboard.win/zh-tw/tools/household-pantry-expiry-review-log/,zh-TW,household-operations,tool,7,0,0.000,0,PASS
https://familyboard.win/zh-tw/tools/household-pet-record-source-handoff-log/,zh-TW,tools,tool,65,0,0.000,0,PASS
https://familyboard.win/zh-tw/tools/household-plant-care-handoff-log/,zh-TW,household-operations,tool,1,0,0.000,0,PASS
https://familyboard.win/zh-tw/tools/household-power-outage-event-log/,zh-TW,tools,tool,91,0,0.000,0,PASS
https://familyboard.win/zh-tw/tools/household-record-retention-decision-log/,zh-TW,tools,tool,51,0,0.000,0,PASS
https://familyboard.win/zh-tw/tools/household-record-retrieval-drill-log/,zh-TW,tools,tool,49,0,0.000,0,PASS
https://familyboard.win/zh-tw/tools/household-recycling-handoff-log/,zh-TW,household-operations,tool,2,0,0.000,0,PASS
https://familyboard.win/zh-tw/tools/household-repair-evidence-timeline-log/,zh-TW,records-emergency,tool,22,0,0.000,0,PASS
https://familyboard.win/zh-tw/tools/household-replacement-part-source-check-log/,zh-TW,inventory-warranty,tool,19,0,0.000,0,PASS
https://familyboard.win/zh-tw/guides/household-replacement-reserve/,zh-TW,inventory-warranty,content,29,0,0.000,0,PASS
https://familyboard.win/zh-tw/tools/household-responsibility-coverage-map/,zh-TW,household-operations,tool,13,0,0.000,0,PASS
https://familyboard.win/zh-tw/tools/household-return-handoff-log/,zh-TW,household-operations,tool,2,0,0.000,0,PASS
https://familyboard.win/zh-tw/tools/household-router-support-review-log/,zh-TW,records-emergency,tool,32,0,0.000,0,PASS
https://familyboard.win/zh-tw/tools/household-schedule-conflict-review-log/,zh-TW,household-operations,tool,9,0,0.000,0,PASS
https://familyboard.win/zh-tw/tools/household-school-activity-handoff-log/,zh-TW,household-operations,tool,13,0,0.000,0,PASS
https://familyboard.win/zh-tw/tools/household-school-closure-continuity-log/,zh-TW,records-emergency,tool,9,0,0.000,0,PASS
https://familyboard.win/zh-tw/tools/household-school-pickup-handoff-log/,zh-TW,household-operations,tool,1,0,0.000,0,PASS
https://familyboard.win/zh-tw/tools/household-school-record-source-handoff-log/,zh-TW,tools,tool,79,0,0.000,0,PASS
https://familyboard.win/zh-tw/tools/household-seasonal-reset-action-log/,zh-TW,household-operations,tool,9,0,0.000,0,PASS
https://familyboard.win/zh-tw/tools/household-service-appointment-handoff-log/,zh-TW,household-operations,tool,11,0,0.000,0,PASS
https://familyboard.win/zh-tw/tools/household-service-quote-comparison-log/,zh-TW,maintenance,tool,3,0,0.000,0,PASS
https://familyboard.win/zh-tw/tools/household-share-access-review-log/,zh-TW,household-operations,tool,4,0,0.000,0,PASS
https://familyboard.win/zh-tw/tools/household-shopping-list-planner/,zh-TW,household-operations,tool,19,0,0.000,0,PASS
https://familyboard.win/zh-tw/guides/household-shopping-staples/,zh-TW,household-operations,content,4,0,0.000,0,PASS
https://familyboard.win/zh-tw/tools/household-storm-readiness-review/,zh-TW,tools,tool,80,0,0.000,0,PASS
https://familyboard.win/zh-tw/tools/household-subscription-cancellation-handoff-log/,zh-TW,household-operations,tool,2,0,0.000,0,PASS
https://familyboard.win/zh-tw/tools/household-subscription-cost-calculator/,zh-TW,tools,tool,33,0,0.000,0,PASS
https://familyboard.win/zh-tw/features/household-subscription-tracker/,zh-TW,product,content,112,0,0.000,0,PASS
https://familyboard.win/zh-tw/guides/household-supplies-inventory/,zh-TW,household-operations,content,17,0,0.000,0,PASS
https://familyboard.win/zh-tw/tools/household-task-load-calculator/,zh-TW,tools,tool,29,0,0.000,0,PASS
https://familyboard.win/zh-tw/tools/household-time-window-overlap-checker/,zh-TW,tools,tool,12,0,0.000,0,PASS
https://familyboard.win/zh-tw/tools/household-trip-packing-handoff-log/,zh-TW,household-operations,tool,2,0,0.000,0,PASS
https://familyboard.win/zh-tw/tools/household-utility-bill-anomaly-log/,zh-TW,tools,tool,9,0,0.000,0,PASS
https://familyboard.win/zh-tw/tools/household-utility-provider-service-handoff-log/,zh-TW,tools,tool,85,0,0.000,0,PASS
https://familyboard.win/zh-tw/tools/household-vehicle-document-source-status-log/,zh-TW,tools,tool,31,0,0.000,0,PASS
https://familyboard.win/zh-tw/tools/household-water-leak-event-log/,zh-TW,maintenance,tool,141,0,0.000,0,PASS
https://familyboard.win/zh-tw/tools/household-weekly-reset-action-log/,zh-TW,household-operations,tool,20,0,0.000,0,PASS
https://familyboard.win/zh-tw/guides/household-weekly-reset/,zh-TW,household-operations,content,11,0,0.000,0,PASS
https://familyboard.win/zh-tw/guides/how-long-to-keep-household-records/,zh-TW,records-emergency,content,54,0,0.000,0,PASS
https://familyboard.win/zh-tw/guides/how-to-track-product-warranties/,zh-TW,inventory-warranty,content,97,0,0.000,0,PASS
https://familyboard.win/zh-tw/guides/humidifier-maintenance-guide/,zh-TW,appliances,content,9,0,0.000,0,PASS
https://familyboard.win/zh-tw/guides/hvac-filter-tracker/,zh-TW,appliances,content,23,0,0.000,0,PASS
https://familyboard.win/zh-tw/tools/important-household-document-review/,zh-TW,tools,tool,58,0,0.000,0,PASS
https://familyboard.win/zh-tw/guides/important-household-documents/,zh-TW,records-emergency,content,62,0,0.000,0,PASS
https://familyboard.win/zh-tw/features/local-first-home-organizer/,zh-TW,product,content,23,0,0.000,0,PASS
https://familyboard.win/zh-tw/guides/maintenance-priorities/,zh-TW,maintenance,content,4,0,0.000,0,PASS
https://familyboard.win/zh-tw/features/maintenance-tracker/,zh-TW,product,content,68,0,0.000,0,PASS
https://familyboard.win/zh-tw/guides/microwave-maintenance-checklist/,zh-TW,appliances,content,12,0,0.000,0,PASS
https://familyboard.win/zh-tw/guides/monthly-home-maintenance-checklist/,zh-TW,maintenance,content,13,0,0.000,0,PASS
https://familyboard.win/zh-tw/tools/move-in-checklist-generator/,zh-TW,tools,tool,40,0,0.000,0,PASS
https://familyboard.win/zh-tw/guides/move-in-maintenance-checklist/,zh-TW,maintenance,content,3,0,0.000,0,PASS
https://familyboard.win/zh-tw/tools/move-out-condition-record-generator/,zh-TW,tools,tool,52,0,0.000,0,PASS
https://familyboard.win/zh-tw/guides/move-out-home-records/,zh-TW,maintenance,content,73,0,0.000,0,PASS
https://familyboard.win/zh-tw/tools/moving-box-handover-log/,zh-TW,tools,tool,32,0,0.000,0,PASS
https://familyboard.win/zh-tw/guides/moving-house-organizer/,zh-TW,household-operations,content,20,0,0.000,0,PASS
https://familyboard.win/zh-tw/guides/moving-inventory/,zh-TW,inventory-warranty,content,56,0,0.000,0,PASS
https://familyboard.win/zh-tw/guides/new-home-setup-checklist/,zh-TW,household-operations,content,10,0,0.000,0,PASS
https://familyboard.win/zh-tw/features/no-account-family-organizer/,zh-TW,product,content,15,0,0.000,0,PASS
https://familyboard.win/zh-tw/features/offline-household-organizer/,zh-TW,product,content,144,0,0.000,0,PASS
https://familyboard.win/zh-tw/guides/organize-appliance-manuals/,zh-TW,records-emergency,content,69,0,0.000,0,PASS
https://familyboard.win/zh-tw/guides/organize-household-subscriptions/,zh-TW,household-operations,content,90,0,0.000,0,PASS
https://familyboard.win/zh-tw/guides/organize-insurance-documents/,zh-TW,records-emergency,content,89,0,0.000,0,PASS
https://familyboard.win/zh-tw/guides/organize-pet-records/,zh-TW,records-emergency,content,81,0,0.000,0,PASS
https://familyboard.win/zh-tw/guides/organize-school-records-at-home/,zh-TW,records-emergency,content,124,0,0.000,0,PASS
https://familyboard.win/zh-tw/guides/organize-utility-account-information/,zh-TW,records-emergency,content,96,0,0.000,0,PASS
https://familyboard.win/zh-tw/guides/organize-vehicle-documents-at-home/,zh-TW,records-emergency,content,42,0,0.000,0,PASS
https://familyboard.win/zh-tw/guides/oven-maintenance-checklist/,zh-TW,appliances,content,3,0,0.000,0,PASS
https://familyboard.win/zh-tw/guides/pantry-restock-system/,zh-TW,household-operations,content,17,0,0.000,0,PASS
https://familyboard.win/zh-tw/guides/pet-sitter-information/,zh-TW,household-operations,content,22,0,0.000,0,PASS
https://familyboard.win/zh-tw/tools/pet-sitter-instruction-generator/,zh-TW,tools,tool,62,0,0.000,0,PASS
https://familyboard.win/zh-tw/guides/photo-home-inventory/,zh-TW,inventory-warranty,content,25,0,0.000,0,PASS
https://familyboard.win/zh-tw/guides/power-outage-home-preparedness/,zh-TW,records-emergency,content,103,0,0.000,0,PASS
https://familyboard.win/zh-tw/guides/power-outage-recovery-household-records/,zh-TW,records-emergency,content,26,0,0.000,0,PASS
https://familyboard.win/zh-tw/guides/preventive-home-maintenance/,zh-TW,maintenance,content,3,0,0.000,0,PASS
https://familyboard.win/zh-tw/pricing/,zh-TW,support,support,31,0,0.000,0,PASS
https://familyboard.win/zh-tw/templates/printable-annual-renewals/,zh-TW,printables,printable,7,0,0.000,0,PASS
https://familyboard.win/zh-tw/templates/printable-appliance-inventory/,zh-TW,printables,printable,11,0,0.000,0,PASS
https://familyboard.win/zh-tw/templates/printable-chore-chart/,zh-TW,printables,printable,11,0,0.000,0,PASS
https://familyboard.win/zh-tw/templates/printable-cleaning-schedule/,zh-TW,printables,printable,10,0,0.000,0,PASS
https://familyboard.win/zh-tw/checklists/printable-emergency-binder-checklist/,zh-TW,printables,printable,13,0,0.000,0,PASS
https://familyboard.win/zh-tw/templates/printable-emergency-contacts/,zh-TW,printables,printable,12,0,0.000,0,PASS
https://familyboard.win/zh-tw/templates/printable-home-inventory-template/,zh-TW,printables,printable,24,0,0.000,0,PASS
https://familyboard.win/zh-tw/checklists/printable-home-maintenance-checklist/,zh-TW,printables,printable,16,0,0.000,0,PASS
https://familyboard.win/zh-tw/checklists/printable-house-sitter-checklist/,zh-TW,printables,printable,5,0,0.000,0,PASS
https://familyboard.win/zh-tw/templates/printable-household-contacts/,zh-TW,printables,printable,11,0,0.000,0,PASS
https://familyboard.win/zh-tw/templates/printable-household-handoff-sheet/,zh-TW,printables,printable,14,0,0.000,0,PASS
https://familyboard.win/zh-tw/checklists/printable-monthly-home-checklist/,zh-TW,printables,printable,21,0,0.000,0,PASS
https://familyboard.win/zh-tw/checklists/printable-moving-checklist/,zh-TW,printables,printable,12,0,0.000,0,PASS
https://familyboard.win/zh-tw/checklists/printable-pet-sitter-checklist/,zh-TW,printables,printable,8,0,0.000,0,PASS
https://familyboard.win/zh-tw/templates/printable-repair-log/,zh-TW,printables,printable,16,0,0.000,0,PASS
https://familyboard.win/zh-tw/checklists/printable-seasonal-home-checklist/,zh-TW,printables,printable,8,0,0.000,0,PASS
https://familyboard.win/zh-tw/templates/printable-service-provider-list/,zh-TW,printables,printable,17,0,0.000,0,PASS
https://familyboard.win/zh-tw/templates/printable-subscription-tracker/,zh-TW,printables,printable,8,0,0.000,0,PASS
https://familyboard.win/zh-tw/templates/printable-warranty-tracker/,zh-TW,printables,printable,9,0,0.000,0,PASS
https://familyboard.win/zh-tw/privacy/,zh-TW,support,support,111,0,0.000,0,PASS
https://familyboard.win/zh-tw/features/private-family-organizer/,zh-TW,product,content,95,0,0.000,0,PASS
https://familyboard.win/zh-tw/tools/product-recall-action-log/,zh-TW,tools,tool,54,0,0.000,0,PASS
https://familyboard.win/zh-tw/guides/product-registration-tracker/,zh-TW,inventory-warranty,content,63,0,0.000,0,PASS
https://familyboard.win/zh-tw/tools/purchase-delivery-evidence-log/,zh-TW,tools,tool,65,0,0.000,0,PASS
https://familyboard.win/zh-tw/guides/purchase-receipt-organizer/,zh-TW,inventory-warranty,content,86,0,0.000,0,PASS
https://familyboard.win/zh-tw/guides/quarterly-home-maintenance-checklist/,zh-TW,maintenance,content,3,0,0.000,0,PASS
https://familyboard.win/zh-tw/guides/range-hood-maintenance-checklist/,zh-TW,appliances,content,3,0,0.000,0,PASS
https://familyboard.win/zh-tw/tools/receipt-retention-organizer/,zh-TW,tools,tool,52,0,0.000,0,PASS
https://familyboard.win/zh-tw/guides/recurring-bills-tracker/,zh-TW,household-operations,content,8,0,0.000,0,PASS
https://familyboard.win/zh-tw/tools/recurring-chore-planner/,zh-TW,tools,tool,30,0,0.000,0,PASS
https://familyboard.win/zh-tw/guides/recurring-household-tasks/,zh-TW,household-operations,content,6,0,0.000,0,PASS
https://familyboard.win/zh-tw/guides/refrigerator-maintenance-checklist/,zh-TW,appliances,content,8,0,0.000,0,PASS
https://familyboard.win/zh-tw/guides/renovation-records/,zh-TW,inventory-warranty,content,52,0,0.000,0,PASS
https://familyboard.win/zh-tw/guides/rental-home-maintenance-log/,zh-TW,maintenance,content,7,0,0.000,0,PASS
https://familyboard.win/zh-tw/tools/rental-repair-request-log/,zh-TW,records-emergency,tool,10,0,0.000,0,PASS
https://familyboard.win/zh-tw/tools/rental-security-deposit-move-out-claim-log/,zh-TW,records-emergency,tool,4,0,0.000,0,PASS
https://familyboard.win/zh-tw/guides/rental-security-deposit-move-out-claims/,zh-TW,records-emergency,content,13,0,0.000,0,PASS
https://familyboard.win/zh-tw/guides/repair-history/,zh-TW,inventory-warranty,content,88,0,0.000,0,PASS
https://familyboard.win/zh-tw/guides/returning-home-after-travel-checklist/,zh-TW,household-operations,content,8,0,0.000,0,PASS
https://familyboard.win/zh-tw/roadmap/,zh-TW,support,support,35,0,0.000,0,PASS
https://familyboard.win/zh-tw/guides/robot-vacuum-maintenance-guide/,zh-TW,appliances,content,7,0,0.000,0,PASS
https://familyboard.win/zh-tw/guides/room-by-room-home-inventory/,zh-TW,inventory-warranty,content,30,0,0.000,0,PASS
https://familyboard.win/zh-tw/tools/room-inventory-generator/,zh-TW,tools,tool,117,0,0.000,0,PASS
https://familyboard.win/zh-tw/guides/seasonal-home-maintenance-checklist/,zh-TW,maintenance,content,4,0,0.000,0,PASS
https://familyboard.win/zh-tw/security/,zh-TW,support,support,86,0,0.000,0,PASS
https://familyboard.win/zh-tw/guides/serial-number-tracker/,zh-TW,inventory-warranty,content,24,0,0.000,0,PASS
https://familyboard.win/zh-tw/guides/service-history/,zh-TW,inventory-warranty,content,73,0,0.000,0,PASS
https://familyboard.win/zh-tw/guides/service-provider-contact-list/,zh-TW,household-operations,content,9,0,0.000,0,PASS
https://familyboard.win/zh-tw/guides/smoke-alarm-records/,zh-TW,records-emergency,content,10,0,0.000,0,PASS
https://familyboard.win/zh-tw/guides/solar-panel-maintenance-records/,zh-TW,maintenance,content,12,0,0.000,0,PASS
https://familyboard.win/zh-tw/guides/spring-home-maintenance-checklist/,zh-TW,maintenance,content,19,0,0.000,0,PASS
https://familyboard.win/zh-tw/tools/storage-unit-access-inventory-log/,zh-TW,tools,tool,73,0,0.000,0,PASS
https://familyboard.win/zh-tw/guides/storage-unit-inventory/,zh-TW,inventory-warranty,content,81,0,0.000,0,PASS
https://familyboard.win/zh-tw/guides/storm-preparation-home-checklist/,zh-TW,maintenance,content,131,0,0.000,0,PASS
https://familyboard.win/zh-tw/guides/subscription-cancellation-refund-records/,zh-TW,household-operations,content,13,0,0.000,0,PASS
https://familyboard.win/zh-tw/guides/subscription-renewal-tracker/,zh-TW,household-operations,content,23,0,0.000,0,PASS
https://familyboard.win/zh-tw/guides/summer-home-maintenance-checklist/,zh-TW,maintenance,content,28,0,0.000,0,PASS
https://familyboard.win/zh-tw/templates/,zh-TW,support,support,38,0,0.000,0,PASS
https://familyboard.win/zh-tw/terms/,zh-TW,support,support,56,0,0.000,0,PASS
https://familyboard.win/zh-tw/tools/,zh-TW,support,support,57,0,0.000,0,PASS
https://familyboard.win/zh-tw/guides/travel-household-handoff/,zh-TW,household-operations,content,22,0,0.000,0,PASS
https://familyboard.win/zh-tw/guides/ups-battery-backup-records/,zh-TW,maintenance,content,24,0,0.000,0,PASS
https://familyboard.win/zh-tw/guides/utility-shutoff-information/,zh-TW,records-emergency,content,17,0,0.000,0,PASS
https://familyboard.win/zh-tw/guides/vacation-home-shutdown-checklist/,zh-TW,household-operations,content,17,0,0.000,0,PASS
https://familyboard.win/zh-tw/tools/vacation-shutdown-checklist-generator/,zh-TW,tools,tool,59,0,0.000,0,PASS
https://familyboard.win/zh-tw/guides/vacuum-cleaner-maintenance-guide/,zh-TW,appliances,content,14,0,0.000,0,PASS
https://familyboard.win/zh-tw/guides/valuable-item-inventory/,zh-TW,inventory-warranty,content,23,0,0.000,0,PASS
https://familyboard.win/zh-tw/tools/warranty-checklist-generator/,zh-TW,tools,tool,43,0,0.000,0,PASS
https://familyboard.win/zh-tw/tools/warranty-claim-evidence-log/,zh-TW,tools,tool,66,0,0.000,0,PASS
https://familyboard.win/zh-tw/tools/warranty-expiration-calculator/,zh-TW,tools,tool,30,0,0.000,0,PASS
https://familyboard.win/zh-tw/guides/warranty-expiration/,zh-TW,inventory-warranty,content,15,0,0.000,0,PASS
https://familyboard.win/zh-tw/features/warranty-tracker/,zh-TW,product,content,61,0,0.000,0,PASS
https://familyboard.win/zh-tw/guides/washing-machine-maintenance-checklist/,zh-TW,appliances,content,3,0,0.000,0,PASS
https://familyboard.win/zh-tw/guides/water-filter-replacement-guide/,zh-TW,appliances,content,8,0,0.000,0,PASS
https://familyboard.win/zh-tw/guides/water-heater-maintenance-records/,zh-TW,appliances,content,17,0,0.000,0,PASS
https://familyboard.win/zh-tw/guides/water-leak-photo-evidence-records/,zh-TW,maintenance,content,29,0,0.000,0,PASS
https://familyboard.win/zh-tw/guides/water-leak-response-home-records/,zh-TW,maintenance,content,151,0,0.000,0,PASS
https://familyboard.win/zh-tw/guides/water-softener-maintenance-records/,zh-TW,appliances,content,5,0,0.000,0,PASS
https://familyboard.win/zh-tw/guides/what-spouse-needs-to-know/,zh-TW,household-operations,content,9,0,0.000,0,PASS
https://familyboard.win/zh-tw/guides/wifi-router-maintenance-records/,zh-TW,maintenance,content,35,0,0.000,0,PASS
https://familyboard.win/zh-tw/guides/winter-home-maintenance-checklist/,zh-TW,maintenance,content,18,0,0.000,0,PASS
