url,http_status,indexable,meta_noindex,x_robots_noindex,canonical,canonical_http_status,redirect,soft_404,h1,body,server_rendered,in_sitemap,response_url,issue
https://familyboard.win/,200,YES,NO,NO,https://familyboard.win/,200,NO,NO,YES,YES,YES,YES,https://familyboard.win/,
https://familyboard.win/about/,200,YES,NO,NO,https://familyboard.win/about/,200,NO,NO,YES,YES,YES,YES,https://familyboard.win/about/,
https://familyboard.win/affiliate-disclosure/,200,YES,NO,NO,https://familyboard.win/affiliate-disclosure/,200,NO,NO,YES,YES,YES,YES,https://familyboard.win/affiliate-disclosure/,
https://familyboard.win/changelog/,200,YES,NO,NO,https://familyboard.win/changelog/,200,NO,NO,YES,YES,YES,YES,https://familyboard.win/changelog/,
https://familyboard.win/checklists/,200,YES,NO,NO,https://familyboard.win/checklists/,200,NO,NO,YES,YES,YES,YES,https://familyboard.win/checklists/,
https://familyboard.win/checklists/printable-emergency-binder-checklist/,200,YES,NO,NO,https://familyboard.win/checklists/printable-emergency-binder-checklist/,200,NO,NO,YES,YES,YES,YES,https://familyboard.win/checklists/printable-emergency-binder-checklist/,
https://familyboard.win/checklists/printable-home-maintenance-checklist/,200,YES,NO,NO,https://familyboard.win/checklists/printable-home-maintenance-checklist/,200,NO,NO,YES,YES,YES,YES,https://familyboard.win/checklists/printable-home-maintenance-checklist/,
https://familyboard.win/checklists/printable-house-sitter-checklist/,200,YES,NO,NO,https://familyboard.win/checklists/printable-house-sitter-checklist/,200,NO,NO,YES,YES,YES,YES,https://familyboard.win/checklists/printable-house-sitter-checklist/,
https://familyboard.win/checklists/printable-monthly-home-checklist/,200,YES,NO,NO,https://familyboard.win/checklists/printable-monthly-home-checklist/,200,NO,NO,YES,YES,YES,YES,https://familyboard.win/checklists/printable-monthly-home-checklist/,
https://familyboard.win/checklists/printable-moving-checklist/,200,YES,NO,NO,https://familyboard.win/checklists/printable-moving-checklist/,200,NO,NO,YES,YES,YES,YES,https://familyboard.win/checklists/printable-moving-checklist/,
https://familyboard.win/checklists/printable-new-home-checklist/,200,YES,NO,NO,https://familyboard.win/checklists/printable-new-home-checklist/,200,NO,NO,YES,YES,YES,YES,https://familyboard.win/checklists/printable-new-home-checklist/,
https://familyboard.win/checklists/printable-pet-sitter-checklist/,200,YES,NO,NO,https://familyboard.win/checklists/printable-pet-sitter-checklist/,200,NO,NO,YES,YES,YES,YES,https://familyboard.win/checklists/printable-pet-sitter-checklist/,
https://familyboard.win/checklists/printable-seasonal-home-checklist/,200,YES,NO,NO,https://familyboard.win/checklists/printable-seasonal-home-checklist/,200,NO,NO,YES,YES,YES,YES,https://familyboard.win/checklists/printable-seasonal-home-checklist/,
https://familyboard.win/contact/,200,YES,NO,NO,https://familyboard.win/contact/,200,NO,NO,YES,YES,YES,YES,https://familyboard.win/contact/,
https://familyboard.win/disclaimer/,200,YES,NO,NO,https://familyboard.win/disclaimer/,200,NO,NO,YES,YES,YES,YES,https://familyboard.win/disclaimer/,
https://familyboard.win/editorial-policy/,200,YES,NO,NO,https://familyboard.win/editorial-policy/,200,NO,NO,YES,YES,YES,YES,https://familyboard.win/editorial-policy/,
https://familyboard.win/features/,200,YES,NO,NO,https://familyboard.win/features/,200,NO,NO,YES,YES,YES,YES,https://familyboard.win/features/,
https://familyboard.win/features/emergency-information-organizer/,200,YES,NO,NO,https://familyboard.win/features/emergency-information-organizer/,200,NO,NO,YES,YES,YES,YES,https://familyboard.win/features/emergency-information-organizer/,
https://familyboard.win/features/family-display-mode/,200,YES,NO,NO,https://familyboard.win/features/family-display-mode/,200,NO,NO,YES,YES,YES,YES,https://familyboard.win/features/family-display-mode/,
https://familyboard.win/features/family-task-manager/,200,YES,NO,NO,https://familyboard.win/features/family-task-manager/,200,NO,NO,YES,YES,YES,YES,https://familyboard.win/features/family-task-manager/,
https://familyboard.win/features/free-home-management-app/,200,YES,NO,NO,https://familyboard.win/features/free-home-management-app/,200,NO,NO,YES,YES,YES,YES,https://familyboard.win/features/free-home-management-app/,
https://familyboard.win/features/home-dashboard/,200,YES,NO,NO,https://familyboard.win/features/home-dashboard/,200,NO,NO,YES,YES,YES,YES,https://familyboard.win/features/home-dashboard/,
https://familyboard.win/features/home-inventory-tracker/,200,YES,NO,NO,https://familyboard.win/features/home-inventory-tracker/,200,NO,NO,YES,YES,YES,YES,https://familyboard.win/features/home-inventory-tracker/,
https://familyboard.win/features/home-record-keeper/,200,YES,NO,NO,https://familyboard.win/features/home-record-keeper/,200,NO,NO,YES,YES,YES,YES,https://familyboard.win/features/home-record-keeper/,
https://familyboard.win/features/household-calendar/,200,YES,NO,NO,https://familyboard.win/features/household-calendar/,200,NO,NO,YES,YES,YES,YES,https://familyboard.win/features/household-calendar/,
https://familyboard.win/features/household-documents-organizer/,200,YES,NO,NO,https://familyboard.win/features/household-documents-organizer/,200,NO,NO,YES,YES,YES,YES,https://familyboard.win/features/household-documents-organizer/,
https://familyboard.win/features/household-handoff/,200,YES,NO,NO,https://familyboard.win/features/household-handoff/,200,NO,NO,YES,YES,YES,YES,https://familyboard.win/features/household-handoff/,
https://familyboard.win/features/household-operations-system/,200,YES,NO,NO,https://familyboard.win/features/household-operations-system/,200,NO,NO,YES,YES,YES,YES,https://familyboard.win/features/household-operations-system/,
https://familyboard.win/features/household-subscription-tracker/,200,YES,NO,NO,https://familyboard.win/features/household-subscription-tracker/,200,NO,NO,YES,YES,YES,YES,https://familyboard.win/features/household-subscription-tracker/,
https://familyboard.win/features/local-first-home-organizer/,200,YES,NO,NO,https://familyboard.win/features/local-first-home-organizer/,200,NO,NO,YES,YES,YES,YES,https://familyboard.win/features/local-first-home-organizer/,
https://familyboard.win/features/maintenance-tracker/,200,YES,NO,NO,https://familyboard.win/features/maintenance-tracker/,200,NO,NO,YES,YES,YES,YES,https://familyboard.win/features/maintenance-tracker/,
https://familyboard.win/features/no-account-family-organizer/,200,YES,NO,NO,https://familyboard.win/features/no-account-family-organizer/,200,NO,NO,YES,YES,YES,YES,https://familyboard.win/features/no-account-family-organizer/,
https://familyboard.win/features/offline-household-organizer/,200,YES,NO,NO,https://familyboard.win/features/offline-household-organizer/,200,NO,NO,YES,YES,YES,YES,https://familyboard.win/features/offline-household-organizer/,
https://familyboard.win/features/private-family-organizer/,200,YES,NO,NO,https://familyboard.win/features/private-family-organizer/,200,NO,NO,YES,YES,YES,YES,https://familyboard.win/features/private-family-organizer/,
https://familyboard.win/features/warranty-tracker/,200,YES,NO,NO,https://familyboard.win/features/warranty-tracker/,200,NO,NO,YES,YES,YES,YES,https://familyboard.win/features/warranty-tracker/,
https://familyboard.win/guides/,200,YES,NO,NO,https://familyboard.win/guides/,200,NO,NO,YES,YES,YES,YES,https://familyboard.win/guides/,
https://familyboard.win/guides/air-conditioner-maintenance-checklist/,200,YES,NO,NO,https://familyboard.win/guides/air-conditioner-maintenance-checklist/,200,NO,NO,YES,YES,YES,YES,https://familyboard.win/guides/air-conditioner-maintenance-checklist/,
https://familyboard.win/guides/air-purifier-maintenance-guide/,200,YES,NO,NO,https://familyboard.win/guides/air-purifier-maintenance-guide/,200,NO,NO,YES,YES,YES,YES,https://familyboard.win/guides/air-purifier-maintenance-guide/,
https://familyboard.win/guides/annual-home-review/,200,YES,NO,NO,https://familyboard.win/guides/annual-home-review/,200,NO,NO,YES,YES,YES,YES,https://familyboard.win/guides/annual-home-review/,
https://familyboard.win/guides/annual-renewal-calendar/,200,YES,NO,NO,https://familyboard.win/guides/annual-renewal-calendar/,200,NO,NO,YES,YES,YES,YES,https://familyboard.win/guides/annual-renewal-calendar/,
https://familyboard.win/guides/apartment-maintenance-checklist/,200,YES,NO,NO,https://familyboard.win/guides/apartment-maintenance-checklist/,200,NO,NO,YES,YES,YES,YES,https://familyboard.win/guides/apartment-maintenance-checklist/,
https://familyboard.win/guides/appliance-inventory/,200,YES,NO,NO,https://familyboard.win/guides/appliance-inventory/,200,NO,NO,YES,YES,YES,YES,https://familyboard.win/guides/appliance-inventory/,
https://familyboard.win/guides/appliance-lifespan-planning/,200,YES,NO,NO,https://familyboard.win/guides/appliance-lifespan-planning/,200,NO,NO,YES,YES,YES,YES,https://familyboard.win/guides/appliance-lifespan-planning/,
https://familyboard.win/guides/appliance-replacement-planning/,200,YES,NO,NO,https://familyboard.win/guides/appliance-replacement-planning/,200,NO,NO,YES,YES,YES,YES,https://familyboard.win/guides/appliance-replacement-planning/,
https://familyboard.win/guides/bathroom-exhaust-fan-maintenance-checklist/,200,YES,NO,NO,https://familyboard.win/guides/bathroom-exhaust-fan-maintenance-checklist/,200,NO,NO,YES,YES,YES,YES,https://familyboard.win/guides/bathroom-exhaust-fan-maintenance-checklist/,
https://familyboard.win/guides/carbon-monoxide-alarm-records/,200,YES,NO,NO,https://familyboard.win/guides/carbon-monoxide-alarm-records/,200,NO,NO,YES,YES,YES,YES,https://familyboard.win/guides/carbon-monoxide-alarm-records/,
https://familyboard.win/guides/caregiver-handoff-checklist/,200,YES,NO,NO,https://familyboard.win/guides/caregiver-handoff-checklist/,200,NO,NO,YES,YES,YES,YES,https://familyboard.win/guides/caregiver-handoff-checklist/,
https://familyboard.win/guides/ceiling-fan-maintenance-checklist/,200,YES,NO,NO,https://familyboard.win/guides/ceiling-fan-maintenance-checklist/,200,NO,NO,YES,YES,YES,YES,https://familyboard.win/guides/ceiling-fan-maintenance-checklist/,
https://familyboard.win/guides/chore-chart-for-adults/,200,YES,NO,NO,https://familyboard.win/guides/chore-chart-for-adults/,200,NO,NO,YES,YES,YES,YES,https://familyboard.win/guides/chore-chart-for-adults/,
https://familyboard.win/guides/cleaning-schedule/,200,YES,NO,NO,https://familyboard.win/guides/cleaning-schedule/,200,NO,NO,YES,YES,YES,YES,https://familyboard.win/guides/cleaning-schedule/,
https://familyboard.win/guides/coffee-maker-maintenance-guide/,200,YES,NO,NO,https://familyboard.win/guides/coffee-maker-maintenance-guide/,200,NO,NO,YES,YES,YES,YES,https://familyboard.win/guides/coffee-maker-maintenance-guide/,
https://familyboard.win/guides/computer-electronics-inventory/,200,YES,NO,NO,https://familyboard.win/guides/computer-electronics-inventory/,200,NO,NO,YES,YES,YES,YES,https://familyboard.win/guides/computer-electronics-inventory/,
https://familyboard.win/guides/condo-maintenance-checklist/,200,YES,NO,NO,https://familyboard.win/guides/condo-maintenance-checklist/,200,NO,NO,YES,YES,YES,YES,https://familyboard.win/guides/condo-maintenance-checklist/,
https://familyboard.win/guides/contractor-records/,200,YES,NO,NO,https://familyboard.win/guides/contractor-records/,200,NO,NO,YES,YES,YES,YES,https://familyboard.win/guides/contractor-records/,
https://familyboard.win/guides/deep-cleaning-tracker/,200,YES,NO,NO,https://familyboard.win/guides/deep-cleaning-tracker/,200,NO,NO,YES,YES,YES,YES,https://familyboard.win/guides/deep-cleaning-tracker/,
https://familyboard.win/guides/dehumidifier-maintenance-guide/,200,YES,NO,NO,https://familyboard.win/guides/dehumidifier-maintenance-guide/,200,NO,NO,YES,YES,YES,YES,https://familyboard.win/guides/dehumidifier-maintenance-guide/,
https://familyboard.win/guides/dehumidifier-maintenance-records/,200,YES,NO,NO,https://familyboard.win/guides/dehumidifier-maintenance-records/,200,NO,NO,YES,YES,YES,YES,https://familyboard.win/guides/dehumidifier-maintenance-records/,
https://familyboard.win/guides/digital-home-binder/,200,YES,NO,NO,https://familyboard.win/guides/digital-home-binder/,200,NO,NO,YES,YES,YES,YES,https://familyboard.win/guides/digital-home-binder/,
https://familyboard.win/guides/digital-home-inventory-backup/,200,YES,NO,NO,https://familyboard.win/guides/digital-home-inventory-backup/,200,NO,NO,YES,YES,YES,YES,https://familyboard.win/guides/digital-home-inventory-backup/,
https://familyboard.win/guides/dishwasher-maintenance-checklist/,200,YES,NO,NO,https://familyboard.win/guides/dishwasher-maintenance-checklist/,200,NO,NO,YES,YES,YES,YES,https://familyboard.win/guides/dishwasher-maintenance-checklist/,
https://familyboard.win/guides/divide-household-responsibilities/,200,YES,NO,NO,https://familyboard.win/guides/divide-household-responsibilities/,200,NO,NO,YES,YES,YES,YES,https://familyboard.win/guides/divide-household-responsibilities/,
https://familyboard.win/guides/dryer-maintenance-checklist/,200,YES,NO,NO,https://familyboard.win/guides/dryer-maintenance-checklist/,200,NO,NO,YES,YES,YES,YES,https://familyboard.win/guides/dryer-maintenance-checklist/,
https://familyboard.win/guides/electronics-inventory/,200,YES,NO,NO,https://familyboard.win/guides/electronics-inventory/,200,NO,NO,YES,YES,YES,YES,https://familyboard.win/guides/electronics-inventory/,
https://familyboard.win/guides/emergency-binder/,200,YES,NO,NO,https://familyboard.win/guides/emergency-binder/,200,NO,NO,YES,YES,YES,YES,https://familyboard.win/guides/emergency-binder/,
https://familyboard.win/guides/emergency-information-sheet/,200,YES,NO,NO,https://familyboard.win/guides/emergency-information-sheet/,200,NO,NO,YES,YES,YES,YES,https://familyboard.win/guides/emergency-information-sheet/,
https://familyboard.win/guides/emergency-supply-inventory/,200,YES,NO,NO,https://familyboard.win/guides/emergency-supply-inventory/,200,NO,NO,YES,YES,YES,YES,https://familyboard.win/guides/emergency-supply-inventory/,
https://familyboard.win/guides/fall-home-maintenance-checklist/,200,YES,NO,NO,https://familyboard.win/guides/fall-home-maintenance-checklist/,200,NO,NO,YES,YES,YES,YES,https://familyboard.win/guides/fall-home-maintenance-checklist/,
https://familyboard.win/guides/family-chore-system/,200,YES,NO,NO,https://familyboard.win/guides/family-chore-system/,200,NO,NO,YES,YES,YES,YES,https://familyboard.win/guides/family-chore-system/,
https://familyboard.win/guides/family-continuity-plan/,200,YES,NO,NO,https://familyboard.win/guides/family-continuity-plan/,200,NO,NO,YES,YES,YES,YES,https://familyboard.win/guides/family-continuity-plan/,
https://familyboard.win/guides/family-emergency-contacts/,200,YES,NO,NO,https://familyboard.win/guides/family-emergency-contacts/,200,NO,NO,YES,YES,YES,YES,https://familyboard.win/guides/family-emergency-contacts/,
https://familyboard.win/guides/familyboard-accessibility-walkthrough-tutorial/,200,YES,NO,NO,https://familyboard.win/guides/familyboard-accessibility-walkthrough-tutorial/,200,NO,NO,YES,YES,YES,YES,https://familyboard.win/guides/familyboard-accessibility-walkthrough-tutorial/,
https://familyboard.win/guides/familyboard-annual-subscription-cost-calculator-tutorial/,200,YES,NO,NO,https://familyboard.win/guides/familyboard-annual-subscription-cost-calculator-tutorial/,200,NO,NO,YES,YES,YES,YES,https://familyboard.win/guides/familyboard-annual-subscription-cost-calculator-tutorial/,
https://familyboard.win/guides/familyboard-app-first-run-restore-tutorial/,200,YES,NO,NO,https://familyboard.win/guides/familyboard-app-first-run-restore-tutorial/,200,NO,NO,YES,YES,YES,YES,https://familyboard.win/guides/familyboard-app-first-run-restore-tutorial/,
https://familyboard.win/guides/familyboard-appliance-age-calculator-tutorial/,200,YES,NO,NO,https://familyboard.win/guides/familyboard-appliance-age-calculator-tutorial/,200,NO,NO,YES,YES,YES,YES,https://familyboard.win/guides/familyboard-appliance-age-calculator-tutorial/,
https://familyboard.win/guides/familyboard-appliance-maintenance-checklist-generator-tutorial/,200,YES,NO,NO,https://familyboard.win/guides/familyboard-appliance-maintenance-checklist-generator-tutorial/,200,NO,NO,YES,YES,YES,YES,https://familyboard.win/guides/familyboard-appliance-maintenance-checklist-generator-tutorial/,
https://familyboard.win/guides/familyboard-appliance-manual-source-check-tutorial/,200,YES,NO,NO,https://familyboard.win/guides/familyboard-appliance-manual-source-check-tutorial/,200,NO,NO,YES,YES,YES,YES,https://familyboard.win/guides/familyboard-appliance-manual-source-check-tutorial/,
https://familyboard.win/guides/familyboard-appliance-manual-source-tutorial/,200,YES,NO,NO,https://familyboard.win/guides/familyboard-appliance-manual-source-tutorial/,200,NO,NO,YES,YES,YES,YES,https://familyboard.win/guides/familyboard-appliance-manual-source-tutorial/,
https://familyboard.win/guides/familyboard-appliance-purchase-installation-tutorial/,200,YES,NO,NO,https://familyboard.win/guides/familyboard-appliance-purchase-installation-tutorial/,200,NO,NO,YES,YES,YES,YES,https://familyboard.win/guides/familyboard-appliance-purchase-installation-tutorial/,
https://familyboard.win/guides/familyboard-appliance-repair-callback-tutorial/,200,YES,NO,NO,https://familyboard.win/guides/familyboard-appliance-repair-callback-tutorial/,200,NO,NO,YES,YES,YES,YES,https://familyboard.win/guides/familyboard-appliance-repair-callback-tutorial/,
https://familyboard.win/guides/familyboard-appliance-replacement-planner-tutorial/,200,YES,NO,NO,https://familyboard.win/guides/familyboard-appliance-replacement-planner-tutorial/,200,NO,NO,YES,YES,YES,YES,https://familyboard.win/guides/familyboard-appliance-replacement-planner-tutorial/,
https://familyboard.win/guides/familyboard-appliance-service-visit-tutorial/,200,YES,NO,NO,https://familyboard.win/guides/familyboard-appliance-service-visit-tutorial/,200,NO,NO,YES,YES,YES,YES,https://familyboard.win/guides/familyboard-appliance-service-visit-tutorial/,
https://familyboard.win/guides/familyboard-attachment-expiry-review-tutorial/,200,YES,NO,NO,https://familyboard.win/guides/familyboard-attachment-expiry-review-tutorial/,200,NO,NO,YES,YES,YES,YES,https://familyboard.win/guides/familyboard-attachment-expiry-review-tutorial/,
https://familyboard.win/guides/familyboard-attachment-metadata-tutorial/,200,YES,NO,NO,https://familyboard.win/guides/familyboard-attachment-metadata-tutorial/,200,NO,NO,YES,YES,YES,YES,https://familyboard.win/guides/familyboard-attachment-metadata-tutorial/,
https://familyboard.win/guides/familyboard-backup-recovery-checker-tutorial/,200,YES,NO,NO,https://familyboard.win/guides/familyboard-backup-recovery-checker-tutorial/,200,NO,NO,YES,YES,YES,YES,https://familyboard.win/guides/familyboard-backup-recovery-checker-tutorial/,
https://familyboard.win/guides/familyboard-backup-restore-rehearsal-tutorial/,200,YES,NO,NO,https://familyboard.win/guides/familyboard-backup-restore-rehearsal-tutorial/,200,NO,NO,YES,YES,YES,YES,https://familyboard.win/guides/familyboard-backup-restore-rehearsal-tutorial/,
https://familyboard.win/guides/familyboard-bill-review-tutorial/,200,YES,NO,NO,https://familyboard.win/guides/familyboard-bill-review-tutorial/,200,NO,NO,YES,YES,YES,YES,https://familyboard.win/guides/familyboard-bill-review-tutorial/,
https://familyboard.win/guides/familyboard-browser-storage-cleanup-tutorial/,200,YES,NO,NO,https://familyboard.win/guides/familyboard-browser-storage-cleanup-tutorial/,200,NO,NO,YES,YES,YES,YES,https://familyboard.win/guides/familyboard-browser-storage-cleanup-tutorial/,
https://familyboard.win/guides/familyboard-browser-storage-maintenance/,200,YES,NO,NO,https://familyboard.win/guides/familyboard-browser-storage-maintenance/,200,NO,NO,YES,YES,YES,YES,https://familyboard.win/guides/familyboard-browser-storage-maintenance/,
https://familyboard.win/guides/familyboard-building-notice-response-tutorial/,200,YES,NO,NO,https://familyboard.win/guides/familyboard-building-notice-response-tutorial/,200,NO,NO,YES,YES,YES,YES,https://familyboard.win/guides/familyboard-building-notice-response-tutorial/,
https://familyboard.win/guides/familyboard-calendar-timezone-tutorial/,200,YES,NO,NO,https://familyboard.win/guides/familyboard-calendar-timezone-tutorial/,200,NO,NO,YES,YES,YES,YES,https://familyboard.win/guides/familyboard-calendar-timezone-tutorial/,
https://familyboard.win/guides/familyboard-calendar-tutorial/,200,YES,NO,NO,https://familyboard.win/guides/familyboard-calendar-tutorial/,200,NO,NO,YES,YES,YES,YES,https://familyboard.win/guides/familyboard-calendar-tutorial/,
https://familyboard.win/guides/familyboard-caregiver-handoff-source-authorization-tutorial/,200,YES,NO,NO,https://familyboard.win/guides/familyboard-caregiver-handoff-source-authorization-tutorial/,200,NO,NO,YES,YES,YES,YES,https://familyboard.win/guides/familyboard-caregiver-handoff-source-authorization-tutorial/,
https://familyboard.win/guides/familyboard-cleaning-schedule-generator-tutorial/,200,YES,NO,NO,https://familyboard.win/guides/familyboard-cleaning-schedule-generator-tutorial/,200,NO,NO,YES,YES,YES,YES,https://familyboard.win/guides/familyboard-cleaning-schedule-generator-tutorial/,
https://familyboard.win/guides/familyboard-clothing-care-repair-log-tutorial/,200,YES,NO,NO,https://familyboard.win/guides/familyboard-clothing-care-repair-log-tutorial/,200,NO,NO,YES,YES,YES,YES,https://familyboard.win/guides/familyboard-clothing-care-repair-log-tutorial/,
https://familyboard.win/guides/familyboard-clothing-care-tutorial/,200,YES,NO,NO,https://familyboard.win/guides/familyboard-clothing-care-tutorial/,200,NO,NO,YES,YES,YES,YES,https://familyboard.win/guides/familyboard-clothing-care-tutorial/,
https://familyboard.win/guides/familyboard-consumable-change-history-tutorial/,200,YES,NO,NO,https://familyboard.win/guides/familyboard-consumable-change-history-tutorial/,200,NO,NO,YES,YES,YES,YES,https://familyboard.win/guides/familyboard-consumable-change-history-tutorial/,
https://familyboard.win/guides/familyboard-contact-sensitivity-tutorial/,200,YES,NO,NO,https://familyboard.win/guides/familyboard-contact-sensitivity-tutorial/,200,NO,NO,YES,YES,YES,YES,https://familyboard.win/guides/familyboard-contact-sensitivity-tutorial/,
https://familyboard.win/guides/familyboard-data-export-redaction-tutorial/,200,YES,NO,NO,https://familyboard.win/guides/familyboard-data-export-redaction-tutorial/,200,NO,NO,YES,YES,YES,YES,https://familyboard.win/guides/familyboard-data-export-redaction-tutorial/,
https://familyboard.win/guides/familyboard-date-offset-planner-tutorial/,200,YES,NO,NO,https://familyboard.win/guides/familyboard-date-offset-planner-tutorial/,200,NO,NO,YES,YES,YES,YES,https://familyboard.win/guides/familyboard-date-offset-planner-tutorial/,
https://familyboard.win/guides/familyboard-device-retirement-tutorial/,200,YES,NO,NO,https://familyboard.win/guides/familyboard-device-retirement-tutorial/,200,NO,NO,YES,YES,YES,YES,https://familyboard.win/guides/familyboard-device-retirement-tutorial/,
https://familyboard.win/guides/familyboard-document-renewal-tutorial/,200,YES,NO,NO,https://familyboard.win/guides/familyboard-document-renewal-tutorial/,200,NO,NO,YES,YES,YES,YES,https://familyboard.win/guides/familyboard-document-renewal-tutorial/,
https://familyboard.win/guides/familyboard-document-source-handoff-tutorial/,200,YES,NO,NO,https://familyboard.win/guides/familyboard-document-source-handoff-tutorial/,200,NO,NO,YES,YES,YES,YES,https://familyboard.win/guides/familyboard-document-source-handoff-tutorial/,
https://familyboard.win/guides/familyboard-documents-source-review-tutorial/,200,YES,NO,NO,https://familyboard.win/guides/familyboard-documents-source-review-tutorial/,200,NO,NO,YES,YES,YES,YES,https://familyboard.win/guides/familyboard-documents-source-review-tutorial/,
https://familyboard.win/guides/familyboard-donation-handoff-tutorial/,200,YES,NO,NO,https://familyboard.win/guides/familyboard-donation-handoff-tutorial/,200,NO,NO,YES,YES,YES,YES,https://familyboard.win/guides/familyboard-donation-handoff-tutorial/,
https://familyboard.win/guides/familyboard-emergency-binder-generator-tutorial/,200,YES,NO,NO,https://familyboard.win/guides/familyboard-emergency-binder-generator-tutorial/,200,NO,NO,YES,YES,YES,YES,https://familyboard.win/guides/familyboard-emergency-binder-generator-tutorial/,
https://familyboard.win/guides/familyboard-emergency-contact-sheet-generator-tutorial/,200,YES,NO,NO,https://familyboard.win/guides/familyboard-emergency-contact-sheet-generator-tutorial/,200,NO,NO,YES,YES,YES,YES,https://familyboard.win/guides/familyboard-emergency-contact-sheet-generator-tutorial/,
https://familyboard.win/guides/familyboard-emergency-contact-verification-tutorial/,200,YES,NO,NO,https://familyboard.win/guides/familyboard-emergency-contact-verification-tutorial/,200,NO,NO,YES,YES,YES,YES,https://familyboard.win/guides/familyboard-emergency-contact-verification-tutorial/,
https://familyboard.win/guides/familyboard-emergency-drill-tutorial/,200,YES,NO,NO,https://familyboard.win/guides/familyboard-emergency-drill-tutorial/,200,NO,NO,YES,YES,YES,YES,https://familyboard.win/guides/familyboard-emergency-drill-tutorial/,
https://familyboard.win/guides/familyboard-emergency-information-privacy-tutorial/,200,YES,NO,NO,https://familyboard.win/guides/familyboard-emergency-information-privacy-tutorial/,200,NO,NO,YES,YES,YES,YES,https://familyboard.win/guides/familyboard-emergency-information-privacy-tutorial/,
https://familyboard.win/guides/familyboard-emergency-supply-inventory-audit-tutorial/,200,YES,NO,NO,https://familyboard.win/guides/familyboard-emergency-supply-inventory-audit-tutorial/,200,NO,NO,YES,YES,YES,YES,https://familyboard.win/guides/familyboard-emergency-supply-inventory-audit-tutorial/,
https://familyboard.win/guides/familyboard-encrypted-backup-password-tutorial/,200,YES,NO,NO,https://familyboard.win/guides/familyboard-encrypted-backup-password-tutorial/,200,NO,NO,YES,YES,YES,YES,https://familyboard.win/guides/familyboard-encrypted-backup-password-tutorial/,
https://familyboard.win/guides/familyboard-event-duration-calculator-tutorial/,200,YES,NO,NO,https://familyboard.win/guides/familyboard-event-duration-calculator-tutorial/,200,NO,NO,YES,YES,YES,YES,https://familyboard.win/guides/familyboard-event-duration-calculator-tutorial/,
https://familyboard.win/guides/familyboard-event-source-index-tutorial/,200,YES,NO,NO,https://familyboard.win/guides/familyboard-event-source-index-tutorial/,200,NO,NO,YES,YES,YES,YES,https://familyboard.win/guides/familyboard-event-source-index-tutorial/,
https://familyboard.win/guides/familyboard-family-display-mode-setup/,200,YES,NO,NO,https://familyboard.win/guides/familyboard-family-display-mode-setup/,200,NO,NO,YES,YES,YES,YES,https://familyboard.win/guides/familyboard-family-display-mode-setup/,
https://familyboard.win/guides/familyboard-free-home-management-app-tutorial/,200,YES,NO,NO,https://familyboard.win/guides/familyboard-free-home-management-app-tutorial/,200,NO,NO,YES,YES,YES,YES,https://familyboard.win/guides/familyboard-free-home-management-app-tutorial/,
https://familyboard.win/guides/familyboard-guest-arrival-prep-tutorial/,200,YES,NO,NO,https://familyboard.win/guides/familyboard-guest-arrival-prep-tutorial/,200,NO,NO,YES,YES,YES,YES,https://familyboard.win/guides/familyboard-guest-arrival-prep-tutorial/,
https://familyboard.win/guides/familyboard-guest-service-visit-reset-tutorial/,200,YES,NO,NO,https://familyboard.win/guides/familyboard-guest-service-visit-reset-tutorial/,200,NO,NO,YES,YES,YES,YES,https://familyboard.win/guides/familyboard-guest-service-visit-reset-tutorial/,
https://familyboard.win/guides/familyboard-handoff-acceptance-tutorial/,200,YES,NO,NO,https://familyboard.win/guides/familyboard-handoff-acceptance-tutorial/,200,NO,NO,YES,YES,YES,YES,https://familyboard.win/guides/familyboard-handoff-acceptance-tutorial/,
https://familyboard.win/guides/familyboard-home-access-handoff-tutorial/,200,YES,NO,NO,https://familyboard.win/guides/familyboard-home-access-handoff-tutorial/,200,NO,NO,YES,YES,YES,YES,https://familyboard.win/guides/familyboard-home-access-handoff-tutorial/,
https://familyboard.win/guides/familyboard-home-accessibility-walkthrough-log-tutorial/,200,YES,NO,NO,https://familyboard.win/guides/familyboard-home-accessibility-walkthrough-log-tutorial/,200,NO,NO,YES,YES,YES,YES,https://familyboard.win/guides/familyboard-home-accessibility-walkthrough-log-tutorial/,
https://familyboard.win/guides/familyboard-home-care-billing-discrepancy-tutorial/,200,YES,NO,NO,https://familyboard.win/guides/familyboard-home-care-billing-discrepancy-tutorial/,200,NO,NO,YES,YES,YES,YES,https://familyboard.win/guides/familyboard-home-care-billing-discrepancy-tutorial/,
https://familyboard.win/guides/familyboard-home-care-complaint-response-resolution-tutorial/,200,YES,NO,NO,https://familyboard.win/guides/familyboard-home-care-complaint-response-resolution-tutorial/,200,NO,NO,YES,YES,YES,YES,https://familyboard.win/guides/familyboard-home-care-complaint-response-resolution-tutorial/,
https://familyboard.win/guides/familyboard-home-care-payment-refund-collection-notice-tutorial/,200,YES,NO,NO,https://familyboard.win/guides/familyboard-home-care-payment-refund-collection-notice-tutorial/,200,NO,NO,YES,YES,YES,YES,https://familyboard.win/guides/familyboard-home-care-payment-refund-collection-notice-tutorial/,
https://familyboard.win/guides/familyboard-home-care-service-interruption-backup-continuity-tutorial/,200,YES,NO,NO,https://familyboard.win/guides/familyboard-home-care-service-interruption-backup-continuity-tutorial/,200,NO,NO,YES,YES,YES,YES,https://familyboard.win/guides/familyboard-home-care-service-interruption-backup-continuity-tutorial/,
https://familyboard.win/guides/familyboard-home-care-service-plan-change-notice-tutorial/,200,YES,NO,NO,https://familyboard.win/guides/familyboard-home-care-service-plan-change-notice-tutorial/,200,NO,NO,YES,YES,YES,YES,https://familyboard.win/guides/familyboard-home-care-service-plan-change-notice-tutorial/,
https://familyboard.win/guides/familyboard-home-care-visit-scope-service-result-tutorial/,200,YES,NO,NO,https://familyboard.win/guides/familyboard-home-care-visit-scope-service-result-tutorial/,200,NO,NO,YES,YES,YES,YES,https://familyboard.win/guides/familyboard-home-care-visit-scope-service-result-tutorial/,
https://familyboard.win/guides/familyboard-home-closure-reopening-tutorial/,200,YES,NO,NO,https://familyboard.win/guides/familyboard-home-closure-reopening-tutorial/,200,NO,NO,YES,YES,YES,YES,https://familyboard.win/guides/familyboard-home-closure-reopening-tutorial/,
https://familyboard.win/guides/familyboard-home-dashboard-weekly-review-tutorial/,200,YES,NO,NO,https://familyboard.win/guides/familyboard-home-dashboard-weekly-review-tutorial/,200,NO,NO,YES,YES,YES,YES,https://familyboard.win/guides/familyboard-home-dashboard-weekly-review-tutorial/,
https://familyboard.win/guides/familyboard-home-emergency-drill-record-tutorial/,200,YES,NO,NO,https://familyboard.win/guides/familyboard-home-emergency-drill-record-tutorial/,200,NO,NO,YES,YES,YES,YES,https://familyboard.win/guides/familyboard-home-emergency-drill-record-tutorial/,
https://familyboard.win/guides/familyboard-home-handoff-summary-generator-tutorial/,200,YES,NO,NO,https://familyboard.win/guides/familyboard-home-handoff-summary-generator-tutorial/,200,NO,NO,YES,YES,YES,YES,https://familyboard.win/guides/familyboard-home-handoff-summary-generator-tutorial/,
https://familyboard.win/guides/familyboard-home-inventory-checklist-generator-tutorial/,200,YES,NO,NO,https://familyboard.win/guides/familyboard-home-inventory-checklist-generator-tutorial/,200,NO,NO,YES,YES,YES,YES,https://familyboard.win/guides/familyboard-home-inventory-checklist-generator-tutorial/,
https://familyboard.win/guides/familyboard-home-maintenance-cost-tracker-tutorial/,200,YES,NO,NO,https://familyboard.win/guides/familyboard-home-maintenance-cost-tracker-tutorial/,200,NO,NO,YES,YES,YES,YES,https://familyboard.win/guides/familyboard-home-maintenance-cost-tracker-tutorial/,
https://familyboard.win/guides/familyboard-home-maintenance-schedule-generator-tutorial/,200,YES,NO,NO,https://familyboard.win/guides/familyboard-home-maintenance-schedule-generator-tutorial/,200,NO,NO,YES,YES,YES,YES,https://familyboard.win/guides/familyboard-home-maintenance-schedule-generator-tutorial/,
https://familyboard.win/guides/familyboard-home-repair-change-order-tutorial/,200,YES,NO,NO,https://familyboard.win/guides/familyboard-home-repair-change-order-tutorial/,200,NO,NO,YES,YES,YES,YES,https://familyboard.win/guides/familyboard-home-repair-change-order-tutorial/,
https://familyboard.win/guides/familyboard-home-repair-closeout-checklist-tutorial/,200,YES,NO,NO,https://familyboard.win/guides/familyboard-home-repair-closeout-checklist-tutorial/,200,NO,NO,YES,YES,YES,YES,https://familyboard.win/guides/familyboard-home-repair-closeout-checklist-tutorial/,
https://familyboard.win/guides/familyboard-home-repair-cost-log-tutorial/,200,YES,NO,NO,https://familyboard.win/guides/familyboard-home-repair-cost-log-tutorial/,200,NO,NO,YES,YES,YES,YES,https://familyboard.win/guides/familyboard-home-repair-cost-log-tutorial/,
https://familyboard.win/guides/familyboard-home-service-provider-verification-tutorial/,200,YES,NO,NO,https://familyboard.win/guides/familyboard-home-service-provider-verification-tutorial/,200,NO,NO,YES,YES,YES,YES,https://familyboard.win/guides/familyboard-home-service-provider-verification-tutorial/,
https://familyboard.win/guides/familyboard-home-service-reminder-generator-tutorial/,200,YES,NO,NO,https://familyboard.win/guides/familyboard-home-service-reminder-generator-tutorial/,200,NO,NO,YES,YES,YES,YES,https://familyboard.win/guides/familyboard-home-service-reminder-generator-tutorial/,
https://familyboard.win/guides/familyboard-house-sitter-instruction-generator-tutorial/,200,YES,NO,NO,https://familyboard.win/guides/familyboard-house-sitter-instruction-generator-tutorial/,200,NO,NO,YES,YES,YES,YES,https://familyboard.win/guides/familyboard-house-sitter-instruction-generator-tutorial/,
https://familyboard.win/guides/familyboard-household-account-list-tutorial/,200,YES,NO,NO,https://familyboard.win/guides/familyboard-household-account-list-tutorial/,200,NO,NO,YES,YES,YES,YES,https://familyboard.win/guides/familyboard-household-account-list-tutorial/,
https://familyboard.win/guides/familyboard-household-admin-backup-tutorial/,200,YES,NO,NO,https://familyboard.win/guides/familyboard-household-admin-backup-tutorial/,200,NO,NO,YES,YES,YES,YES,https://familyboard.win/guides/familyboard-household-admin-backup-tutorial/,
https://familyboard.win/guides/familyboard-household-admin-escalation-tutorial/,200,YES,NO,NO,https://familyboard.win/guides/familyboard-household-admin-escalation-tutorial/,200,NO,NO,YES,YES,YES,YES,https://familyboard.win/guides/familyboard-household-admin-escalation-tutorial/,
https://familyboard.win/guides/familyboard-household-annual-review-generator-tutorial/,200,YES,NO,NO,https://familyboard.win/guides/familyboard-household-annual-review-generator-tutorial/,200,NO,NO,YES,YES,YES,YES,https://familyboard.win/guides/familyboard-household-annual-review-generator-tutorial/,
https://familyboard.win/guides/familyboard-household-availability-window-tutorial/,200,YES,NO,NO,https://familyboard.win/guides/familyboard-household-availability-window-tutorial/,200,NO,NO,YES,YES,YES,YES,https://familyboard.win/guides/familyboard-household-availability-window-tutorial/,
https://familyboard.win/guides/familyboard-household-backup-recovery-checker-tutorial/,200,YES,NO,NO,https://familyboard.win/guides/familyboard-household-backup-recovery-checker-tutorial/,200,NO,NO,YES,YES,YES,YES,https://familyboard.win/guides/familyboard-household-backup-recovery-checker-tutorial/,
https://familyboard.win/guides/familyboard-household-bill-source-status-tutorial/,200,YES,NO,NO,https://familyboard.win/guides/familyboard-household-bill-source-status-tutorial/,200,NO,NO,YES,YES,YES,YES,https://familyboard.win/guides/familyboard-household-bill-source-status-tutorial/,
https://familyboard.win/guides/familyboard-household-decision-log-tutorial/,200,YES,NO,NO,https://familyboard.win/guides/familyboard-household-decision-log-tutorial/,200,NO,NO,YES,YES,YES,YES,https://familyboard.win/guides/familyboard-household-decision-log-tutorial/,
https://familyboard.win/guides/familyboard-household-decision-register-tutorial/,200,YES,NO,NO,https://familyboard.win/guides/familyboard-household-decision-register-tutorial/,200,NO,NO,YES,YES,YES,YES,https://familyboard.win/guides/familyboard-household-decision-register-tutorial/,
https://familyboard.win/guides/familyboard-household-document-index-generator-tutorial/,200,YES,NO,NO,https://familyboard.win/guides/familyboard-household-document-index-generator-tutorial/,200,NO,NO,YES,YES,YES,YES,https://familyboard.win/guides/familyboard-household-document-index-generator-tutorial/,
https://familyboard.win/guides/familyboard-household-document-redaction-tutorial/,200,YES,NO,NO,https://familyboard.win/guides/familyboard-household-document-redaction-tutorial/,200,NO,NO,YES,YES,YES,YES,https://familyboard.win/guides/familyboard-household-document-redaction-tutorial/,
https://familyboard.win/guides/familyboard-household-export-scope-review-tutorial/,200,YES,NO,NO,https://familyboard.win/guides/familyboard-household-export-scope-review-tutorial/,200,NO,NO,YES,YES,YES,YES,https://familyboard.win/guides/familyboard-household-export-scope-review-tutorial/,
https://familyboard.win/guides/familyboard-household-handoff-tutorial/,200,YES,NO,NO,https://familyboard.win/guides/familyboard-household-handoff-tutorial/,200,NO,NO,YES,YES,YES,YES,https://familyboard.win/guides/familyboard-household-handoff-tutorial/,
https://familyboard.win/guides/familyboard-household-language-preference-handoff-tutorial/,200,YES,NO,NO,https://familyboard.win/guides/familyboard-household-language-preference-handoff-tutorial/,200,NO,NO,YES,YES,YES,YES,https://familyboard.win/guides/familyboard-household-language-preference-handoff-tutorial/,
https://familyboard.win/guides/familyboard-household-meeting-agenda-action-log-tutorial/,200,YES,NO,NO,https://familyboard.win/guides/familyboard-household-meeting-agenda-action-log-tutorial/,200,NO,NO,YES,YES,YES,YES,https://familyboard.win/guides/familyboard-household-meeting-agenda-action-log-tutorial/,
https://familyboard.win/guides/familyboard-household-meeting-tutorial/,200,YES,NO,NO,https://familyboard.win/guides/familyboard-household-meeting-tutorial/,200,NO,NO,YES,YES,YES,YES,https://familyboard.win/guides/familyboard-household-meeting-tutorial/,
https://familyboard.win/guides/familyboard-household-members-responsibilities-tutorial/,200,YES,NO,NO,https://familyboard.win/guides/familyboard-household-members-responsibilities-tutorial/,200,NO,NO,YES,YES,YES,YES,https://familyboard.win/guides/familyboard-household-members-responsibilities-tutorial/,
https://familyboard.win/guides/familyboard-household-notification-routing-tutorial/,200,YES,NO,NO,https://familyboard.win/guides/familyboard-household-notification-routing-tutorial/,200,NO,NO,YES,YES,YES,YES,https://familyboard.win/guides/familyboard-household-notification-routing-tutorial/,
https://familyboard.win/guides/familyboard-household-quiet-hours-tutorial/,200,YES,NO,NO,https://familyboard.win/guides/familyboard-household-quiet-hours-tutorial/,200,NO,NO,YES,YES,YES,YES,https://familyboard.win/guides/familyboard-household-quiet-hours-tutorial/,
https://familyboard.win/guides/familyboard-household-responsibility-coverage-map-tutorial/,200,YES,NO,NO,https://familyboard.win/guides/familyboard-household-responsibility-coverage-map-tutorial/,200,NO,NO,YES,YES,YES,YES,https://familyboard.win/guides/familyboard-household-responsibility-coverage-map-tutorial/,
https://familyboard.win/guides/familyboard-household-responsibility-coverage-tutorial/,200,YES,NO,NO,https://familyboard.win/guides/familyboard-household-responsibility-coverage-tutorial/,200,NO,NO,YES,YES,YES,YES,https://familyboard.win/guides/familyboard-household-responsibility-coverage-tutorial/,
https://familyboard.win/guides/familyboard-household-return-handoff-tutorial/,200,YES,NO,NO,https://familyboard.win/guides/familyboard-household-return-handoff-tutorial/,200,NO,NO,YES,YES,YES,YES,https://familyboard.win/guides/familyboard-household-return-handoff-tutorial/,
https://familyboard.win/guides/familyboard-household-role-change-audit-tutorial/,200,YES,NO,NO,https://familyboard.win/guides/familyboard-household-role-change-audit-tutorial/,200,NO,NO,YES,YES,YES,YES,https://familyboard.win/guides/familyboard-household-role-change-audit-tutorial/,
https://familyboard.win/guides/familyboard-household-shopping-list-planner-tutorial/,200,YES,NO,NO,https://familyboard.win/guides/familyboard-household-shopping-list-planner-tutorial/,200,NO,NO,YES,YES,YES,YES,https://familyboard.win/guides/familyboard-household-shopping-list-planner-tutorial/,
https://familyboard.win/guides/familyboard-household-subscription-cost-calculator-tutorial/,200,YES,NO,NO,https://familyboard.win/guides/familyboard-household-subscription-cost-calculator-tutorial/,200,NO,NO,YES,YES,YES,YES,https://familyboard.win/guides/familyboard-household-subscription-cost-calculator-tutorial/,
https://familyboard.win/guides/familyboard-household-task-dependency-map-tutorial/,200,YES,NO,NO,https://familyboard.win/guides/familyboard-household-task-dependency-map-tutorial/,200,NO,NO,YES,YES,YES,YES,https://familyboard.win/guides/familyboard-household-task-dependency-map-tutorial/,
https://familyboard.win/guides/familyboard-household-time-window-overlap-checker-tutorial/,200,YES,NO,NO,https://familyboard.win/guides/familyboard-household-time-window-overlap-checker-tutorial/,200,NO,NO,YES,YES,YES,YES,https://familyboard.win/guides/familyboard-household-time-window-overlap-checker-tutorial/,
https://familyboard.win/guides/familyboard-important-household-document-review-tutorial/,200,YES,NO,NO,https://familyboard.win/guides/familyboard-important-household-document-review-tutorial/,200,NO,NO,YES,YES,YES,YES,https://familyboard.win/guides/familyboard-important-household-document-review-tutorial/,
https://familyboard.win/guides/familyboard-insurance-claim-timeline-tutorial/,200,YES,NO,NO,https://familyboard.win/guides/familyboard-insurance-claim-timeline-tutorial/,200,NO,NO,YES,YES,YES,YES,https://familyboard.win/guides/familyboard-insurance-claim-timeline-tutorial/,
https://familyboard.win/guides/familyboard-insurance-policy-source-version-tutorial/,200,YES,NO,NO,https://familyboard.win/guides/familyboard-insurance-policy-source-version-tutorial/,200,NO,NO,YES,YES,YES,YES,https://familyboard.win/guides/familyboard-insurance-policy-source-version-tutorial/,
https://familyboard.win/guides/familyboard-internet-incident-tutorial/,200,YES,NO,NO,https://familyboard.win/guides/familyboard-internet-incident-tutorial/,200,NO,NO,YES,YES,YES,YES,https://familyboard.win/guides/familyboard-internet-incident-tutorial/,
https://familyboard.win/guides/familyboard-mail-package-handoff-log-tutorial/,200,YES,NO,NO,https://familyboard.win/guides/familyboard-mail-package-handoff-log-tutorial/,200,NO,NO,YES,YES,YES,YES,https://familyboard.win/guides/familyboard-mail-package-handoff-log-tutorial/,
https://familyboard.win/guides/familyboard-mail-package-handoff-tutorial/,200,YES,NO,NO,https://familyboard.win/guides/familyboard-mail-package-handoff-tutorial/,200,NO,NO,YES,YES,YES,YES,https://familyboard.win/guides/familyboard-mail-package-handoff-tutorial/,
https://familyboard.win/guides/familyboard-maintenance-delegation-map-tutorial/,200,YES,NO,NO,https://familyboard.win/guides/familyboard-maintenance-delegation-map-tutorial/,200,NO,NO,YES,YES,YES,YES,https://familyboard.win/guides/familyboard-maintenance-delegation-map-tutorial/,
https://familyboard.win/guides/familyboard-maintenance-event-cost-tutorial/,200,YES,NO,NO,https://familyboard.win/guides/familyboard-maintenance-event-cost-tutorial/,200,NO,NO,YES,YES,YES,YES,https://familyboard.win/guides/familyboard-maintenance-event-cost-tutorial/,
https://familyboard.win/guides/familyboard-maintenance-evidence-confidence-tutorial/,200,YES,NO,NO,https://familyboard.win/guides/familyboard-maintenance-evidence-confidence-tutorial/,200,NO,NO,YES,YES,YES,YES,https://familyboard.win/guides/familyboard-maintenance-evidence-confidence-tutorial/,
https://familyboard.win/guides/familyboard-maintenance-history-review/,200,YES,NO,NO,https://familyboard.win/guides/familyboard-maintenance-history-review/,200,NO,NO,YES,YES,YES,YES,https://familyboard.win/guides/familyboard-maintenance-history-review/,
https://familyboard.win/guides/familyboard-maintenance-priority-review-tutorial/,200,YES,NO,NO,https://familyboard.win/guides/familyboard-maintenance-priority-review-tutorial/,200,NO,NO,YES,YES,YES,YES,https://familyboard.win/guides/familyboard-maintenance-priority-review-tutorial/,
https://familyboard.win/guides/familyboard-maintenance-tracker-tutorial/,200,YES,NO,NO,https://familyboard.win/guides/familyboard-maintenance-tracker-tutorial/,200,NO,NO,YES,YES,YES,YES,https://familyboard.win/guides/familyboard-maintenance-tracker-tutorial/,
https://familyboard.win/guides/familyboard-master-csv-edit-import-tutorial/,200,YES,NO,NO,https://familyboard.win/guides/familyboard-master-csv-edit-import-tutorial/,200,NO,NO,YES,YES,YES,YES,https://familyboard.win/guides/familyboard-master-csv-edit-import-tutorial/,
https://familyboard.win/guides/familyboard-master-csv-edit-import/,200,YES,NO,NO,https://familyboard.win/guides/familyboard-master-csv-edit-import/,200,NO,NO,YES,YES,YES,YES,https://familyboard.win/guides/familyboard-master-csv-edit-import/,
https://familyboard.win/guides/familyboard-meal-prep-role-log-tutorial/,200,YES,NO,NO,https://familyboard.win/guides/familyboard-meal-prep-role-log-tutorial/,200,NO,NO,YES,YES,YES,YES,https://familyboard.win/guides/familyboard-meal-prep-role-log-tutorial/,
https://familyboard.win/guides/familyboard-meal-prep-tutorial/,200,YES,NO,NO,https://familyboard.win/guides/familyboard-meal-prep-tutorial/,200,NO,NO,YES,YES,YES,YES,https://familyboard.win/guides/familyboard-meal-prep-tutorial/,
https://familyboard.win/guides/familyboard-medical-information-source-handoff-tutorial/,200,YES,NO,NO,https://familyboard.win/guides/familyboard-medical-information-source-handoff-tutorial/,200,NO,NO,YES,YES,YES,YES,https://familyboard.win/guides/familyboard-medical-information-source-handoff-tutorial/,
https://familyboard.win/guides/familyboard-member-archive-tutorial/,200,YES,NO,NO,https://familyboard.win/guides/familyboard-member-archive-tutorial/,200,NO,NO,YES,YES,YES,YES,https://familyboard.win/guides/familyboard-member-archive-tutorial/,
https://familyboard.win/guides/familyboard-meter-reading-tutorial/,200,YES,NO,NO,https://familyboard.win/guides/familyboard-meter-reading-tutorial/,200,NO,NO,YES,YES,YES,YES,https://familyboard.win/guides/familyboard-meter-reading-tutorial/,
https://familyboard.win/guides/familyboard-monthly-review-action-tutorial/,200,YES,NO,NO,https://familyboard.win/guides/familyboard-monthly-review-action-tutorial/,200,NO,NO,YES,YES,YES,YES,https://familyboard.win/guides/familyboard-monthly-review-action-tutorial/,
https://familyboard.win/guides/familyboard-move-in-checklist-generator-tutorial/,200,YES,NO,NO,https://familyboard.win/guides/familyboard-move-in-checklist-generator-tutorial/,200,NO,NO,YES,YES,YES,YES,https://familyboard.win/guides/familyboard-move-in-checklist-generator-tutorial/,
https://familyboard.win/guides/familyboard-move-out-condition-report-generator-tutorial/,200,YES,NO,NO,https://familyboard.win/guides/familyboard-move-out-condition-report-generator-tutorial/,200,NO,NO,YES,YES,YES,YES,https://familyboard.win/guides/familyboard-move-out-condition-report-generator-tutorial/,
https://familyboard.win/guides/familyboard-move-out-condition-tutorial/,200,YES,NO,NO,https://familyboard.win/guides/familyboard-move-out-condition-tutorial/,200,NO,NO,YES,YES,YES,YES,https://familyboard.win/guides/familyboard-move-out-condition-tutorial/,
https://familyboard.win/guides/familyboard-moving-box-handover-log-tutorial/,200,YES,NO,NO,https://familyboard.win/guides/familyboard-moving-box-handover-log-tutorial/,200,NO,NO,YES,YES,YES,YES,https://familyboard.win/guides/familyboard-moving-box-handover-log-tutorial/,
https://familyboard.win/guides/familyboard-offline-backup-restore/,200,YES,NO,NO,https://familyboard.win/guides/familyboard-offline-backup-restore/,200,NO,NO,YES,YES,YES,YES,https://familyboard.win/guides/familyboard-offline-backup-restore/,
https://familyboard.win/guides/familyboard-old-tablet-display-tutorial/,200,YES,NO,NO,https://familyboard.win/guides/familyboard-old-tablet-display-tutorial/,200,NO,NO,YES,YES,YES,YES,https://familyboard.win/guides/familyboard-old-tablet-display-tutorial/,
https://familyboard.win/guides/familyboard-pantry-expiry-review-log-tutorial/,200,YES,NO,NO,https://familyboard.win/guides/familyboard-pantry-expiry-review-log-tutorial/,200,NO,NO,YES,YES,YES,YES,https://familyboard.win/guides/familyboard-pantry-expiry-review-log-tutorial/,
https://familyboard.win/guides/familyboard-pantry-review-tutorial/,200,YES,NO,NO,https://familyboard.win/guides/familyboard-pantry-review-tutorial/,200,NO,NO,YES,YES,YES,YES,https://familyboard.win/guides/familyboard-pantry-review-tutorial/,
https://familyboard.win/guides/familyboard-pet-record-source-handoff-tutorial/,200,YES,NO,NO,https://familyboard.win/guides/familyboard-pet-record-source-handoff-tutorial/,200,NO,NO,YES,YES,YES,YES,https://familyboard.win/guides/familyboard-pet-record-source-handoff-tutorial/,
https://familyboard.win/guides/familyboard-pet-sitter-instruction-generator-tutorial/,200,YES,NO,NO,https://familyboard.win/guides/familyboard-pet-sitter-instruction-generator-tutorial/,200,NO,NO,YES,YES,YES,YES,https://familyboard.win/guides/familyboard-pet-sitter-instruction-generator-tutorial/,
https://familyboard.win/guides/familyboard-photo-inventory-tutorial/,200,YES,NO,NO,https://familyboard.win/guides/familyboard-photo-inventory-tutorial/,200,NO,NO,YES,YES,YES,YES,https://familyboard.win/guides/familyboard-photo-inventory-tutorial/,
https://familyboard.win/guides/familyboard-plant-care-handoff-log-tutorial/,200,YES,NO,NO,https://familyboard.win/guides/familyboard-plant-care-handoff-log-tutorial/,200,NO,NO,YES,YES,YES,YES,https://familyboard.win/guides/familyboard-plant-care-handoff-log-tutorial/,
https://familyboard.win/guides/familyboard-plant-care-handoff-tutorial/,200,YES,NO,NO,https://familyboard.win/guides/familyboard-plant-care-handoff-tutorial/,200,NO,NO,YES,YES,YES,YES,https://familyboard.win/guides/familyboard-plant-care-handoff-tutorial/,
https://familyboard.win/guides/familyboard-power-outage-event-log-tutorial/,200,YES,NO,NO,https://familyboard.win/guides/familyboard-power-outage-event-log-tutorial/,200,NO,NO,YES,YES,YES,YES,https://familyboard.win/guides/familyboard-power-outage-event-log-tutorial/,
https://familyboard.win/guides/familyboard-printout-download-retention-tutorial/,200,YES,NO,NO,https://familyboard.win/guides/familyboard-printout-download-retention-tutorial/,200,NO,NO,YES,YES,YES,YES,https://familyboard.win/guides/familyboard-printout-download-retention-tutorial/,
https://familyboard.win/guides/familyboard-privacy-review-handoff-tutorial/,200,YES,NO,NO,https://familyboard.win/guides/familyboard-privacy-review-handoff-tutorial/,200,NO,NO,YES,YES,YES,YES,https://familyboard.win/guides/familyboard-privacy-review-handoff-tutorial/,
https://familyboard.win/guides/familyboard-private-family-organizer-tutorial/,200,YES,NO,NO,https://familyboard.win/guides/familyboard-private-family-organizer-tutorial/,200,NO,NO,YES,YES,YES,YES,https://familyboard.win/guides/familyboard-private-family-organizer-tutorial/,
https://familyboard.win/guides/familyboard-product-recall-action-log-tutorial/,200,YES,NO,NO,https://familyboard.win/guides/familyboard-product-recall-action-log-tutorial/,200,NO,NO,YES,YES,YES,YES,https://familyboard.win/guides/familyboard-product-recall-action-log-tutorial/,
https://familyboard.win/guides/familyboard-product-recall-action-tutorial/,200,YES,NO,NO,https://familyboard.win/guides/familyboard-product-recall-action-tutorial/,200,NO,NO,YES,YES,YES,YES,https://familyboard.win/guides/familyboard-product-recall-action-tutorial/,
https://familyboard.win/guides/familyboard-purchase-comparison-tutorial/,200,YES,NO,NO,https://familyboard.win/guides/familyboard-purchase-comparison-tutorial/,200,NO,NO,YES,YES,YES,YES,https://familyboard.win/guides/familyboard-purchase-comparison-tutorial/,
https://familyboard.win/guides/familyboard-purchase-delivery-evidence-tutorial/,200,YES,NO,NO,https://familyboard.win/guides/familyboard-purchase-delivery-evidence-tutorial/,200,NO,NO,YES,YES,YES,YES,https://familyboard.win/guides/familyboard-purchase-delivery-evidence-tutorial/,
https://familyboard.win/guides/familyboard-pwa-update-tutorial/,200,YES,NO,NO,https://familyboard.win/guides/familyboard-pwa-update-tutorial/,200,NO,NO,YES,YES,YES,YES,https://familyboard.win/guides/familyboard-pwa-update-tutorial/,
https://familyboard.win/guides/familyboard-receipt-retention-organizer-tutorial/,200,YES,NO,NO,https://familyboard.win/guides/familyboard-receipt-retention-organizer-tutorial/,200,NO,NO,YES,YES,YES,YES,https://familyboard.win/guides/familyboard-receipt-retention-organizer-tutorial/,
https://familyboard.win/guides/familyboard-receipt-source-verification-tutorial/,200,YES,NO,NO,https://familyboard.win/guides/familyboard-receipt-source-verification-tutorial/,200,NO,NO,YES,YES,YES,YES,https://familyboard.win/guides/familyboard-receipt-source-verification-tutorial/,
https://familyboard.win/guides/familyboard-record-linking-tutorial/,200,YES,NO,NO,https://familyboard.win/guides/familyboard-record-linking-tutorial/,200,NO,NO,YES,YES,YES,YES,https://familyboard.win/guides/familyboard-record-linking-tutorial/,
https://familyboard.win/guides/familyboard-record-retention-decision-log-tutorial/,200,YES,NO,NO,https://familyboard.win/guides/familyboard-record-retention-decision-log-tutorial/,200,NO,NO,YES,YES,YES,YES,https://familyboard.win/guides/familyboard-record-retention-decision-log-tutorial/,
https://familyboard.win/guides/familyboard-record-retention-decision-tutorial/,200,YES,NO,NO,https://familyboard.win/guides/familyboard-record-retention-decision-tutorial/,200,NO,NO,YES,YES,YES,YES,https://familyboard.win/guides/familyboard-record-retention-decision-tutorial/,
https://familyboard.win/guides/familyboard-record-retrieval-drill-tutorial/,200,YES,NO,NO,https://familyboard.win/guides/familyboard-record-retrieval-drill-tutorial/,200,NO,NO,YES,YES,YES,YES,https://familyboard.win/guides/familyboard-record-retrieval-drill-tutorial/,
https://familyboard.win/guides/familyboard-record-retrieval-practice-tutorial/,200,YES,NO,NO,https://familyboard.win/guides/familyboard-record-retrieval-practice-tutorial/,200,NO,NO,YES,YES,YES,YES,https://familyboard.win/guides/familyboard-record-retrieval-practice-tutorial/,
https://familyboard.win/guides/familyboard-recurring-chore-planner-tutorial/,200,YES,NO,NO,https://familyboard.win/guides/familyboard-recurring-chore-planner-tutorial/,200,NO,NO,YES,YES,YES,YES,https://familyboard.win/guides/familyboard-recurring-chore-planner-tutorial/,
https://familyboard.win/guides/familyboard-recycling-handoff-tutorial/,200,YES,NO,NO,https://familyboard.win/guides/familyboard-recycling-handoff-tutorial/,200,NO,NO,YES,YES,YES,YES,https://familyboard.win/guides/familyboard-recycling-handoff-tutorial/,
https://familyboard.win/guides/familyboard-rental-home-maintenance-handoff-tutorial/,200,YES,NO,NO,https://familyboard.win/guides/familyboard-rental-home-maintenance-handoff-tutorial/,200,NO,NO,YES,YES,YES,YES,https://familyboard.win/guides/familyboard-rental-home-maintenance-handoff-tutorial/,
https://familyboard.win/guides/familyboard-rental-repair-request-tutorial/,200,YES,NO,NO,https://familyboard.win/guides/familyboard-rental-repair-request-tutorial/,200,NO,NO,YES,YES,YES,YES,https://familyboard.win/guides/familyboard-rental-repair-request-tutorial/,
https://familyboard.win/guides/familyboard-rental-security-deposit-move-out-tutorial/,200,YES,NO,NO,https://familyboard.win/guides/familyboard-rental-security-deposit-move-out-tutorial/,200,NO,NO,YES,YES,YES,YES,https://familyboard.win/guides/familyboard-rental-security-deposit-move-out-tutorial/,
https://familyboard.win/guides/familyboard-repair-change-order-tutorial/,200,YES,NO,NO,https://familyboard.win/guides/familyboard-repair-change-order-tutorial/,200,NO,NO,YES,YES,YES,YES,https://familyboard.win/guides/familyboard-repair-change-order-tutorial/,
https://familyboard.win/guides/familyboard-repair-evidence-timeline-tutorial/,200,YES,NO,NO,https://familyboard.win/guides/familyboard-repair-evidence-timeline-tutorial/,200,NO,NO,YES,YES,YES,YES,https://familyboard.win/guides/familyboard-repair-evidence-timeline-tutorial/,
https://familyboard.win/guides/familyboard-repair-punch-list-review-tutorial/,200,YES,NO,NO,https://familyboard.win/guides/familyboard-repair-punch-list-review-tutorial/,200,NO,NO,YES,YES,YES,YES,https://familyboard.win/guides/familyboard-repair-punch-list-review-tutorial/,
https://familyboard.win/guides/familyboard-repair-punch-list-tutorial/,200,YES,NO,NO,https://familyboard.win/guides/familyboard-repair-punch-list-tutorial/,200,NO,NO,YES,YES,YES,YES,https://familyboard.win/guides/familyboard-repair-punch-list-tutorial/,
https://familyboard.win/guides/familyboard-replacement-part-source-check-log-tutorial/,200,YES,NO,NO,https://familyboard.win/guides/familyboard-replacement-part-source-check-log-tutorial/,200,NO,NO,YES,YES,YES,YES,https://familyboard.win/guides/familyboard-replacement-part-source-check-log-tutorial/,
https://familyboard.win/guides/familyboard-replacement-part-source-check-tutorial/,200,YES,NO,NO,https://familyboard.win/guides/familyboard-replacement-part-source-check-tutorial/,200,NO,NO,YES,YES,YES,YES,https://familyboard.win/guides/familyboard-replacement-part-source-check-tutorial/,
https://familyboard.win/guides/familyboard-reset-local-household-tutorial/,200,YES,NO,NO,https://familyboard.win/guides/familyboard-reset-local-household-tutorial/,200,NO,NO,YES,YES,YES,YES,https://familyboard.win/guides/familyboard-reset-local-household-tutorial/,
https://familyboard.win/guides/familyboard-restore-merge-replace-tutorial/,200,YES,NO,NO,https://familyboard.win/guides/familyboard-restore-merge-replace-tutorial/,200,NO,NO,YES,YES,YES,YES,https://familyboard.win/guides/familyboard-restore-merge-replace-tutorial/,
https://familyboard.win/guides/familyboard-room-inventory-generator-tutorial/,200,YES,NO,NO,https://familyboard.win/guides/familyboard-room-inventory-generator-tutorial/,200,NO,NO,YES,YES,YES,YES,https://familyboard.win/guides/familyboard-room-inventory-generator-tutorial/,
https://familyboard.win/guides/familyboard-router-support-review-tutorial/,200,YES,NO,NO,https://familyboard.win/guides/familyboard-router-support-review-tutorial/,200,NO,NO,YES,YES,YES,YES,https://familyboard.win/guides/familyboard-router-support-review-tutorial/,
https://familyboard.win/guides/familyboard-schedule-conflict-review-tutorial/,200,YES,NO,NO,https://familyboard.win/guides/familyboard-schedule-conflict-review-tutorial/,200,NO,NO,YES,YES,YES,YES,https://familyboard.win/guides/familyboard-schedule-conflict-review-tutorial/,
https://familyboard.win/guides/familyboard-school-activity-handoff-tutorial/,200,YES,NO,NO,https://familyboard.win/guides/familyboard-school-activity-handoff-tutorial/,200,NO,NO,YES,YES,YES,YES,https://familyboard.win/guides/familyboard-school-activity-handoff-tutorial/,
https://familyboard.win/guides/familyboard-school-closure-continuity-tutorial/,200,YES,NO,NO,https://familyboard.win/guides/familyboard-school-closure-continuity-tutorial/,200,NO,NO,YES,YES,YES,YES,https://familyboard.win/guides/familyboard-school-closure-continuity-tutorial/,
https://familyboard.win/guides/familyboard-school-pickup-handoff-tutorial/,200,YES,NO,NO,https://familyboard.win/guides/familyboard-school-pickup-handoff-tutorial/,200,NO,NO,YES,YES,YES,YES,https://familyboard.win/guides/familyboard-school-pickup-handoff-tutorial/,
https://familyboard.win/guides/familyboard-school-record-source-handoff-tutorial/,200,YES,NO,NO,https://familyboard.win/guides/familyboard-school-record-source-handoff-tutorial/,200,NO,NO,YES,YES,YES,YES,https://familyboard.win/guides/familyboard-school-record-source-handoff-tutorial/,
https://familyboard.win/guides/familyboard-seasonal-reset-tutorial/,200,YES,NO,NO,https://familyboard.win/guides/familyboard-seasonal-reset-tutorial/,200,NO,NO,YES,YES,YES,YES,https://familyboard.win/guides/familyboard-seasonal-reset-tutorial/,
https://familyboard.win/guides/familyboard-service-appointment-handoff-tutorial/,200,YES,NO,NO,https://familyboard.win/guides/familyboard-service-appointment-handoff-tutorial/,200,NO,NO,YES,YES,YES,YES,https://familyboard.win/guides/familyboard-service-appointment-handoff-tutorial/,
https://familyboard.win/guides/familyboard-service-provider-verification-tutorial/,200,YES,NO,NO,https://familyboard.win/guides/familyboard-service-provider-verification-tutorial/,200,NO,NO,YES,YES,YES,YES,https://familyboard.win/guides/familyboard-service-provider-verification-tutorial/,
https://familyboard.win/guides/familyboard-service-quote-comparison-tutorial/,200,YES,NO,NO,https://familyboard.win/guides/familyboard-service-quote-comparison-tutorial/,200,NO,NO,YES,YES,YES,YES,https://familyboard.win/guides/familyboard-service-quote-comparison-tutorial/,
https://familyboard.win/guides/familyboard-share-access-tutorial/,200,YES,NO,NO,https://familyboard.win/guides/familyboard-share-access-tutorial/,200,NO,NO,YES,YES,YES,YES,https://familyboard.win/guides/familyboard-share-access-tutorial/,
https://familyboard.win/guides/familyboard-shared-device-privacy-review-tutorial/,200,YES,NO,NO,https://familyboard.win/guides/familyboard-shared-device-privacy-review-tutorial/,200,NO,NO,YES,YES,YES,YES,https://familyboard.win/guides/familyboard-shared-device-privacy-review-tutorial/,
https://familyboard.win/guides/familyboard-shared-display-privacy-tutorial/,200,YES,NO,NO,https://familyboard.win/guides/familyboard-shared-display-privacy-tutorial/,200,NO,NO,YES,YES,YES,YES,https://familyboard.win/guides/familyboard-shared-display-privacy-tutorial/,
https://familyboard.win/guides/familyboard-shopping-list-planner-tutorial/,200,YES,NO,NO,https://familyboard.win/guides/familyboard-shopping-list-planner-tutorial/,200,NO,NO,YES,YES,YES,YES,https://familyboard.win/guides/familyboard-shopping-list-planner-tutorial/,
https://familyboard.win/guides/familyboard-storage-health-warning-tutorial/,200,YES,NO,NO,https://familyboard.win/guides/familyboard-storage-health-warning-tutorial/,200,NO,NO,YES,YES,YES,YES,https://familyboard.win/guides/familyboard-storage-health-warning-tutorial/,
https://familyboard.win/guides/familyboard-storage-open-error-tutorial/,200,YES,NO,NO,https://familyboard.win/guides/familyboard-storage-open-error-tutorial/,200,NO,NO,YES,YES,YES,YES,https://familyboard.win/guides/familyboard-storage-open-error-tutorial/,
https://familyboard.win/guides/familyboard-storage-unit-access-inventory-log-tutorial/,200,YES,NO,NO,https://familyboard.win/guides/familyboard-storage-unit-access-inventory-log-tutorial/,200,NO,NO,YES,YES,YES,YES,https://familyboard.win/guides/familyboard-storage-unit-access-inventory-log-tutorial/,
https://familyboard.win/guides/familyboard-storm-readiness-review-tutorial/,200,YES,NO,NO,https://familyboard.win/guides/familyboard-storm-readiness-review-tutorial/,200,NO,NO,YES,YES,YES,YES,https://familyboard.win/guides/familyboard-storm-readiness-review-tutorial/,
https://familyboard.win/guides/familyboard-subscription-cancellation-handoff-tutorial/,200,YES,NO,NO,https://familyboard.win/guides/familyboard-subscription-cancellation-handoff-tutorial/,200,NO,NO,YES,YES,YES,YES,https://familyboard.win/guides/familyboard-subscription-cancellation-handoff-tutorial/,
https://familyboard.win/guides/familyboard-subscription-cancellation-result-review-tutorial/,200,YES,NO,NO,https://familyboard.win/guides/familyboard-subscription-cancellation-result-review-tutorial/,200,NO,NO,YES,YES,YES,YES,https://familyboard.win/guides/familyboard-subscription-cancellation-result-review-tutorial/,
https://familyboard.win/guides/familyboard-subscription-renewal-review/,200,YES,NO,NO,https://familyboard.win/guides/familyboard-subscription-renewal-review/,200,NO,NO,YES,YES,YES,YES,https://familyboard.win/guides/familyboard-subscription-renewal-review/,
https://familyboard.win/guides/familyboard-task-completion-tutorial/,200,YES,NO,NO,https://familyboard.win/guides/familyboard-task-completion-tutorial/,200,NO,NO,YES,YES,YES,YES,https://familyboard.win/guides/familyboard-task-completion-tutorial/,
https://familyboard.win/guides/familyboard-task-load-calculator-tutorial/,200,YES,NO,NO,https://familyboard.win/guides/familyboard-task-load-calculator-tutorial/,200,NO,NO,YES,YES,YES,YES,https://familyboard.win/guides/familyboard-task-load-calculator-tutorial/,
https://familyboard.win/guides/familyboard-time-window-overlap-checker-tutorial/,200,YES,NO,NO,https://familyboard.win/guides/familyboard-time-window-overlap-checker-tutorial/,200,NO,NO,YES,YES,YES,YES,https://familyboard.win/guides/familyboard-time-window-overlap-checker-tutorial/,
https://familyboard.win/guides/familyboard-trip-handoff-tutorial/,200,YES,NO,NO,https://familyboard.win/guides/familyboard-trip-handoff-tutorial/,200,NO,NO,YES,YES,YES,YES,https://familyboard.win/guides/familyboard-trip-handoff-tutorial/,
https://familyboard.win/guides/familyboard-trip-packing-handoff-log-tutorial/,200,YES,NO,NO,https://familyboard.win/guides/familyboard-trip-packing-handoff-log-tutorial/,200,NO,NO,YES,YES,YES,YES,https://familyboard.win/guides/familyboard-trip-packing-handoff-log-tutorial/,
https://familyboard.win/guides/familyboard-utility-bill-anomaly-log-tutorial/,200,YES,NO,NO,https://familyboard.win/guides/familyboard-utility-bill-anomaly-log-tutorial/,200,NO,NO,YES,YES,YES,YES,https://familyboard.win/guides/familyboard-utility-bill-anomaly-log-tutorial/,
https://familyboard.win/guides/familyboard-utility-bill-difference-tutorial/,200,YES,NO,NO,https://familyboard.win/guides/familyboard-utility-bill-difference-tutorial/,200,NO,NO,YES,YES,YES,YES,https://familyboard.win/guides/familyboard-utility-bill-difference-tutorial/,
https://familyboard.win/guides/familyboard-utility-provider-handoff-tutorial/,200,YES,NO,NO,https://familyboard.win/guides/familyboard-utility-provider-handoff-tutorial/,200,NO,NO,YES,YES,YES,YES,https://familyboard.win/guides/familyboard-utility-provider-handoff-tutorial/,
https://familyboard.win/guides/familyboard-vacation-shutdown-checklist-generator-tutorial/,200,YES,NO,NO,https://familyboard.win/guides/familyboard-vacation-shutdown-checklist-generator-tutorial/,200,NO,NO,YES,YES,YES,YES,https://familyboard.win/guides/familyboard-vacation-shutdown-checklist-generator-tutorial/,
https://familyboard.win/guides/familyboard-vehicle-document-source-status-tutorial/,200,YES,NO,NO,https://familyboard.win/guides/familyboard-vehicle-document-source-status-tutorial/,200,NO,NO,YES,YES,YES,YES,https://familyboard.win/guides/familyboard-vehicle-document-source-status-tutorial/,
https://familyboard.win/guides/familyboard-vendor-onboarding-tutorial/,200,YES,NO,NO,https://familyboard.win/guides/familyboard-vendor-onboarding-tutorial/,200,NO,NO,YES,YES,YES,YES,https://familyboard.win/guides/familyboard-vendor-onboarding-tutorial/,
https://familyboard.win/guides/familyboard-warranty-checklist-generator-tutorial/,200,YES,NO,NO,https://familyboard.win/guides/familyboard-warranty-checklist-generator-tutorial/,200,NO,NO,YES,YES,YES,YES,https://familyboard.win/guides/familyboard-warranty-checklist-generator-tutorial/,
https://familyboard.win/guides/familyboard-warranty-claim-evidence-log-tutorial/,200,YES,NO,NO,https://familyboard.win/guides/familyboard-warranty-claim-evidence-log-tutorial/,200,NO,NO,YES,YES,YES,YES,https://familyboard.win/guides/familyboard-warranty-claim-evidence-log-tutorial/,
https://familyboard.win/guides/familyboard-warranty-expiration-calculator-tutorial/,200,YES,NO,NO,https://familyboard.win/guides/familyboard-warranty-expiration-calculator-tutorial/,200,NO,NO,YES,YES,YES,YES,https://familyboard.win/guides/familyboard-warranty-expiration-calculator-tutorial/,
https://familyboard.win/guides/familyboard-warranty-tracker-tutorial/,200,YES,NO,NO,https://familyboard.win/guides/familyboard-warranty-tracker-tutorial/,200,NO,NO,YES,YES,YES,YES,https://familyboard.win/guides/familyboard-warranty-tracker-tutorial/,
https://familyboard.win/guides/familyboard-water-leak-event-log-tutorial/,200,YES,NO,NO,https://familyboard.win/guides/familyboard-water-leak-event-log-tutorial/,200,NO,NO,YES,YES,YES,YES,https://familyboard.win/guides/familyboard-water-leak-event-log-tutorial/,
https://familyboard.win/guides/familyboard-weekly-household-decision-review-tutorial/,200,YES,NO,NO,https://familyboard.win/guides/familyboard-weekly-household-decision-review-tutorial/,200,NO,NO,YES,YES,YES,YES,https://familyboard.win/guides/familyboard-weekly-household-decision-review-tutorial/,
https://familyboard.win/guides/familyboard-weekly-reset-action-tutorial/,200,YES,NO,NO,https://familyboard.win/guides/familyboard-weekly-reset-action-tutorial/,200,NO,NO,YES,YES,YES,YES,https://familyboard.win/guides/familyboard-weekly-reset-action-tutorial/,
https://familyboard.win/guides/fire-extinguisher-records/,200,YES,NO,NO,https://familyboard.win/guides/fire-extinguisher-records/,200,NO,NO,YES,YES,YES,YES,https://familyboard.win/guides/fire-extinguisher-records/,
https://familyboard.win/guides/first-time-homeowner-maintenance-guide/,200,YES,NO,NO,https://familyboard.win/guides/first-time-homeowner-maintenance-guide/,200,NO,NO,YES,YES,YES,YES,https://familyboard.win/guides/first-time-homeowner-maintenance-guide/,
https://familyboard.win/guides/freezer-maintenance-checklist/,200,YES,NO,NO,https://familyboard.win/guides/freezer-maintenance-checklist/,200,NO,NO,YES,YES,YES,YES,https://familyboard.win/guides/freezer-maintenance-checklist/,
https://familyboard.win/guides/furnace-maintenance-records/,200,YES,NO,NO,https://familyboard.win/guides/furnace-maintenance-records/,200,NO,NO,YES,YES,YES,YES,https://familyboard.win/guides/furnace-maintenance-records/,
https://familyboard.win/guides/furniture-inventory/,200,YES,NO,NO,https://familyboard.win/guides/furniture-inventory/,200,NO,NO,YES,YES,YES,YES,https://familyboard.win/guides/furniture-inventory/,
https://familyboard.win/guides/garbage-disposal-maintenance-guide/,200,YES,NO,NO,https://familyboard.win/guides/garbage-disposal-maintenance-guide/,200,NO,NO,YES,YES,YES,YES,https://familyboard.win/guides/garbage-disposal-maintenance-guide/,
https://familyboard.win/guides/guest-preparation-checklist/,200,YES,NO,NO,https://familyboard.win/guides/guest-preparation-checklist/,200,NO,NO,YES,YES,YES,YES,https://familyboard.win/guides/guest-preparation-checklist/,
https://familyboard.win/guides/heat-pump-maintenance-records/,200,YES,NO,NO,https://familyboard.win/guides/heat-pump-maintenance-records/,200,NO,NO,YES,YES,YES,YES,https://familyboard.win/guides/heat-pump-maintenance-records/,
https://familyboard.win/guides/home-contact-list/,200,YES,NO,NO,https://familyboard.win/guides/home-contact-list/,200,NO,NO,YES,YES,YES,YES,https://familyboard.win/guides/home-contact-list/,
https://familyboard.win/guides/home-evacuation-information/,200,YES,NO,NO,https://familyboard.win/guides/home-evacuation-information/,200,NO,NO,YES,YES,YES,YES,https://familyboard.win/guides/home-evacuation-information/,
https://familyboard.win/guides/home-improvement-receipts/,200,YES,NO,NO,https://familyboard.win/guides/home-improvement-receipts/,200,NO,NO,YES,YES,YES,YES,https://familyboard.win/guides/home-improvement-receipts/,
https://familyboard.win/guides/home-inventory-checklist/,200,YES,NO,NO,https://familyboard.win/guides/home-inventory-checklist/,200,NO,NO,YES,YES,YES,YES,https://familyboard.win/guides/home-inventory-checklist/,
https://familyboard.win/guides/home-inventory-for-insurance/,200,YES,NO,NO,https://familyboard.win/guides/home-inventory-for-insurance/,200,NO,NO,YES,YES,YES,YES,https://familyboard.win/guides/home-inventory-for-insurance/,
https://familyboard.win/guides/home-maintenance-after-vacation/,200,YES,NO,NO,https://familyboard.win/guides/home-maintenance-after-vacation/,200,NO,NO,YES,YES,YES,YES,https://familyboard.win/guides/home-maintenance-after-vacation/,
https://familyboard.win/guides/home-maintenance-binder/,200,YES,NO,NO,https://familyboard.win/guides/home-maintenance-binder/,200,NO,NO,YES,YES,YES,YES,https://familyboard.win/guides/home-maintenance-binder/,
https://familyboard.win/guides/home-maintenance-budget/,200,YES,NO,NO,https://familyboard.win/guides/home-maintenance-budget/,200,NO,NO,YES,YES,YES,YES,https://familyboard.win/guides/home-maintenance-budget/,
https://familyboard.win/guides/home-maintenance-calendar/,200,YES,NO,NO,https://familyboard.win/guides/home-maintenance-calendar/,200,NO,NO,YES,YES,YES,YES,https://familyboard.win/guides/home-maintenance-calendar/,
https://familyboard.win/guides/home-maintenance-delegation/,200,YES,NO,NO,https://familyboard.win/guides/home-maintenance-delegation/,200,NO,NO,YES,YES,YES,YES,https://familyboard.win/guides/home-maintenance-delegation/,
https://familyboard.win/guides/home-maintenance-log/,200,YES,NO,NO,https://familyboard.win/guides/home-maintenance-log/,200,NO,NO,YES,YES,YES,YES,https://familyboard.win/guides/home-maintenance-log/,
https://familyboard.win/guides/home-maintenance-records/,200,YES,NO,NO,https://familyboard.win/guides/home-maintenance-records/,200,NO,NO,YES,YES,YES,YES,https://familyboard.win/guides/home-maintenance-records/,
https://familyboard.win/guides/home-maintenance-reminders/,200,YES,NO,NO,https://familyboard.win/guides/home-maintenance-reminders/,200,NO,NO,YES,YES,YES,YES,https://familyboard.win/guides/home-maintenance-reminders/,
https://familyboard.win/guides/home-maintenance-schedule/,200,YES,NO,NO,https://familyboard.win/guides/home-maintenance-schedule/,200,NO,NO,YES,YES,YES,YES,https://familyboard.win/guides/home-maintenance-schedule/,
https://familyboard.win/guides/home-purchase-records/,200,YES,NO,NO,https://familyboard.win/guides/home-purchase-records/,200,NO,NO,YES,YES,YES,YES,https://familyboard.win/guides/home-purchase-records/,
https://familyboard.win/guides/home-repair-history/,200,YES,NO,NO,https://familyboard.win/guides/home-repair-history/,200,NO,NO,YES,YES,YES,YES,https://familyboard.win/guides/home-repair-history/,
https://familyboard.win/guides/home-service-provider-list/,200,YES,NO,NO,https://familyboard.win/guides/home-service-provider-list/,200,NO,NO,YES,YES,YES,YES,https://familyboard.win/guides/home-service-provider-list/,
https://familyboard.win/guides/house-sitter-information/,200,YES,NO,NO,https://familyboard.win/guides/house-sitter-information/,200,NO,NO,YES,YES,YES,YES,https://familyboard.win/guides/house-sitter-information/,
https://familyboard.win/guides/household-account-list/,200,YES,NO,NO,https://familyboard.win/guides/household-account-list/,200,NO,NO,YES,YES,YES,YES,https://familyboard.win/guides/household-account-list/,
https://familyboard.win/guides/household-admin-backup-person/,200,YES,NO,NO,https://familyboard.win/guides/household-admin-backup-person/,200,NO,NO,YES,YES,YES,YES,https://familyboard.win/guides/household-admin-backup-person/,
https://familyboard.win/guides/household-admin-day/,200,YES,NO,NO,https://familyboard.win/guides/household-admin-day/,200,NO,NO,YES,YES,YES,YES,https://familyboard.win/guides/household-admin-day/,
https://familyboard.win/guides/household-documents-organizer/,200,YES,NO,NO,https://familyboard.win/guides/household-documents-organizer/,200,NO,NO,YES,YES,YES,YES,https://familyboard.win/guides/household-documents-organizer/,
https://familyboard.win/guides/household-handoff/,200,YES,NO,NO,https://familyboard.win/guides/household-handoff/,200,NO,NO,YES,YES,YES,YES,https://familyboard.win/guides/household-handoff/,
https://familyboard.win/guides/household-management-checklist/,200,YES,NO,NO,https://familyboard.win/guides/household-management-checklist/,200,NO,NO,YES,YES,YES,YES,https://familyboard.win/guides/household-management-checklist/,
https://familyboard.win/guides/household-medical-information-organization/,200,YES,NO,NO,https://familyboard.win/guides/household-medical-information-organization/,200,NO,NO,YES,YES,YES,YES,https://familyboard.win/guides/household-medical-information-organization/,
https://familyboard.win/guides/household-monthly-review/,200,YES,NO,NO,https://familyboard.win/guides/household-monthly-review/,200,NO,NO,YES,YES,YES,YES,https://familyboard.win/guides/household-monthly-review/,
https://familyboard.win/guides/household-replacement-reserve/,200,YES,NO,NO,https://familyboard.win/guides/household-replacement-reserve/,200,NO,NO,YES,YES,YES,YES,https://familyboard.win/guides/household-replacement-reserve/,
https://familyboard.win/guides/household-shopping-staples/,200,YES,NO,NO,https://familyboard.win/guides/household-shopping-staples/,200,NO,NO,YES,YES,YES,YES,https://familyboard.win/guides/household-shopping-staples/,
https://familyboard.win/guides/household-supplies-inventory/,200,YES,NO,NO,https://familyboard.win/guides/household-supplies-inventory/,200,NO,NO,YES,YES,YES,YES,https://familyboard.win/guides/household-supplies-inventory/,
https://familyboard.win/guides/household-weekly-reset/,200,YES,NO,NO,https://familyboard.win/guides/household-weekly-reset/,200,NO,NO,YES,YES,YES,YES,https://familyboard.win/guides/household-weekly-reset/,
https://familyboard.win/guides/how-long-to-keep-household-records/,200,YES,NO,NO,https://familyboard.win/guides/how-long-to-keep-household-records/,200,NO,NO,YES,YES,YES,YES,https://familyboard.win/guides/how-long-to-keep-household-records/,
https://familyboard.win/guides/how-to-track-product-warranties/,200,YES,NO,NO,https://familyboard.win/guides/how-to-track-product-warranties/,200,NO,NO,YES,YES,YES,YES,https://familyboard.win/guides/how-to-track-product-warranties/,
https://familyboard.win/guides/humidifier-maintenance-guide/,200,YES,NO,NO,https://familyboard.win/guides/humidifier-maintenance-guide/,200,NO,NO,YES,YES,YES,YES,https://familyboard.win/guides/humidifier-maintenance-guide/,
https://familyboard.win/guides/hvac-filter-tracker/,200,YES,NO,NO,https://familyboard.win/guides/hvac-filter-tracker/,200,NO,NO,YES,YES,YES,YES,https://familyboard.win/guides/hvac-filter-tracker/,
https://familyboard.win/guides/important-household-documents/,200,YES,NO,NO,https://familyboard.win/guides/important-household-documents/,200,NO,NO,YES,YES,YES,YES,https://familyboard.win/guides/important-household-documents/,
https://familyboard.win/guides/maintenance-priorities/,200,YES,NO,NO,https://familyboard.win/guides/maintenance-priorities/,200,NO,NO,YES,YES,YES,YES,https://familyboard.win/guides/maintenance-priorities/,
https://familyboard.win/guides/microwave-maintenance-checklist/,200,YES,NO,NO,https://familyboard.win/guides/microwave-maintenance-checklist/,200,NO,NO,YES,YES,YES,YES,https://familyboard.win/guides/microwave-maintenance-checklist/,
https://familyboard.win/guides/monthly-home-maintenance-checklist/,200,YES,NO,NO,https://familyboard.win/guides/monthly-home-maintenance-checklist/,200,NO,NO,YES,YES,YES,YES,https://familyboard.win/guides/monthly-home-maintenance-checklist/,
https://familyboard.win/guides/move-in-maintenance-checklist/,200,YES,NO,NO,https://familyboard.win/guides/move-in-maintenance-checklist/,200,NO,NO,YES,YES,YES,YES,https://familyboard.win/guides/move-in-maintenance-checklist/,
https://familyboard.win/guides/move-out-home-records/,200,YES,NO,NO,https://familyboard.win/guides/move-out-home-records/,200,NO,NO,YES,YES,YES,YES,https://familyboard.win/guides/move-out-home-records/,
https://familyboard.win/guides/moving-house-organizer/,200,YES,NO,NO,https://familyboard.win/guides/moving-house-organizer/,200,NO,NO,YES,YES,YES,YES,https://familyboard.win/guides/moving-house-organizer/,
https://familyboard.win/guides/moving-inventory/,200,YES,NO,NO,https://familyboard.win/guides/moving-inventory/,200,NO,NO,YES,YES,YES,YES,https://familyboard.win/guides/moving-inventory/,
https://familyboard.win/guides/new-home-setup-checklist/,200,YES,NO,NO,https://familyboard.win/guides/new-home-setup-checklist/,200,NO,NO,YES,YES,YES,YES,https://familyboard.win/guides/new-home-setup-checklist/,
https://familyboard.win/guides/organize-appliance-manuals/,200,YES,NO,NO,https://familyboard.win/guides/organize-appliance-manuals/,200,NO,NO,YES,YES,YES,YES,https://familyboard.win/guides/organize-appliance-manuals/,
https://familyboard.win/guides/organize-household-subscriptions/,200,YES,NO,NO,https://familyboard.win/guides/organize-household-subscriptions/,200,NO,NO,YES,YES,YES,YES,https://familyboard.win/guides/organize-household-subscriptions/,
https://familyboard.win/guides/organize-insurance-documents/,200,YES,NO,NO,https://familyboard.win/guides/organize-insurance-documents/,200,NO,NO,YES,YES,YES,YES,https://familyboard.win/guides/organize-insurance-documents/,
https://familyboard.win/guides/organize-pet-records/,200,YES,NO,NO,https://familyboard.win/guides/organize-pet-records/,200,NO,NO,YES,YES,YES,YES,https://familyboard.win/guides/organize-pet-records/,
https://familyboard.win/guides/organize-school-records-at-home/,200,YES,NO,NO,https://familyboard.win/guides/organize-school-records-at-home/,200,NO,NO,YES,YES,YES,YES,https://familyboard.win/guides/organize-school-records-at-home/,
https://familyboard.win/guides/organize-utility-account-information/,200,YES,NO,NO,https://familyboard.win/guides/organize-utility-account-information/,200,NO,NO,YES,YES,YES,YES,https://familyboard.win/guides/organize-utility-account-information/,
https://familyboard.win/guides/organize-vehicle-documents-at-home/,200,YES,NO,NO,https://familyboard.win/guides/organize-vehicle-documents-at-home/,200,NO,NO,YES,YES,YES,YES,https://familyboard.win/guides/organize-vehicle-documents-at-home/,
https://familyboard.win/guides/oven-maintenance-checklist/,200,YES,NO,NO,https://familyboard.win/guides/oven-maintenance-checklist/,200,NO,NO,YES,YES,YES,YES,https://familyboard.win/guides/oven-maintenance-checklist/,
https://familyboard.win/guides/pantry-restock-system/,200,YES,NO,NO,https://familyboard.win/guides/pantry-restock-system/,200,NO,NO,YES,YES,YES,YES,https://familyboard.win/guides/pantry-restock-system/,
https://familyboard.win/guides/pet-sitter-information/,200,YES,NO,NO,https://familyboard.win/guides/pet-sitter-information/,200,NO,NO,YES,YES,YES,YES,https://familyboard.win/guides/pet-sitter-information/,
https://familyboard.win/guides/photo-home-inventory/,200,YES,NO,NO,https://familyboard.win/guides/photo-home-inventory/,200,NO,NO,YES,YES,YES,YES,https://familyboard.win/guides/photo-home-inventory/,
https://familyboard.win/guides/power-outage-home-preparedness/,200,YES,NO,NO,https://familyboard.win/guides/power-outage-home-preparedness/,200,NO,NO,YES,YES,YES,YES,https://familyboard.win/guides/power-outage-home-preparedness/,
https://familyboard.win/guides/preventive-home-maintenance/,200,YES,NO,NO,https://familyboard.win/guides/preventive-home-maintenance/,200,NO,NO,YES,YES,YES,YES,https://familyboard.win/guides/preventive-home-maintenance/,
https://familyboard.win/guides/product-registration-tracker/,200,YES,NO,NO,https://familyboard.win/guides/product-registration-tracker/,200,NO,NO,YES,YES,YES,YES,https://familyboard.win/guides/product-registration-tracker/,
https://familyboard.win/guides/purchase-receipt-organizer/,200,YES,NO,NO,https://familyboard.win/guides/purchase-receipt-organizer/,200,NO,NO,YES,YES,YES,YES,https://familyboard.win/guides/purchase-receipt-organizer/,
https://familyboard.win/guides/quarterly-home-maintenance-checklist/,200,YES,NO,NO,https://familyboard.win/guides/quarterly-home-maintenance-checklist/,200,NO,NO,YES,YES,YES,YES,https://familyboard.win/guides/quarterly-home-maintenance-checklist/,
https://familyboard.win/guides/range-hood-maintenance-checklist/,200,YES,NO,NO,https://familyboard.win/guides/range-hood-maintenance-checklist/,200,NO,NO,YES,YES,YES,YES,https://familyboard.win/guides/range-hood-maintenance-checklist/,
https://familyboard.win/guides/recurring-bills-tracker/,200,YES,NO,NO,https://familyboard.win/guides/recurring-bills-tracker/,200,NO,NO,YES,YES,YES,YES,https://familyboard.win/guides/recurring-bills-tracker/,
https://familyboard.win/guides/recurring-household-tasks/,200,YES,NO,NO,https://familyboard.win/guides/recurring-household-tasks/,200,NO,NO,YES,YES,YES,YES,https://familyboard.win/guides/recurring-household-tasks/,
https://familyboard.win/guides/refrigerator-maintenance-checklist/,200,YES,NO,NO,https://familyboard.win/guides/refrigerator-maintenance-checklist/,200,NO,NO,YES,YES,YES,YES,https://familyboard.win/guides/refrigerator-maintenance-checklist/,
https://familyboard.win/guides/renovation-records/,200,YES,NO,NO,https://familyboard.win/guides/renovation-records/,200,NO,NO,YES,YES,YES,YES,https://familyboard.win/guides/renovation-records/,
https://familyboard.win/guides/rental-home-maintenance-log/,200,YES,NO,NO,https://familyboard.win/guides/rental-home-maintenance-log/,200,NO,NO,YES,YES,YES,YES,https://familyboard.win/guides/rental-home-maintenance-log/,
https://familyboard.win/guides/repair-history/,200,YES,NO,NO,https://familyboard.win/guides/repair-history/,200,NO,NO,YES,YES,YES,YES,https://familyboard.win/guides/repair-history/,
https://familyboard.win/guides/returning-home-after-travel-checklist/,200,YES,NO,NO,https://familyboard.win/guides/returning-home-after-travel-checklist/,200,NO,NO,YES,YES,YES,YES,https://familyboard.win/guides/returning-home-after-travel-checklist/,
https://familyboard.win/guides/robot-vacuum-maintenance-guide/,200,YES,NO,NO,https://familyboard.win/guides/robot-vacuum-maintenance-guide/,200,NO,NO,YES,YES,YES,YES,https://familyboard.win/guides/robot-vacuum-maintenance-guide/,
https://familyboard.win/guides/room-by-room-home-inventory/,200,YES,NO,NO,https://familyboard.win/guides/room-by-room-home-inventory/,200,NO,NO,YES,YES,YES,YES,https://familyboard.win/guides/room-by-room-home-inventory/,
https://familyboard.win/guides/seasonal-home-maintenance-checklist/,200,YES,NO,NO,https://familyboard.win/guides/seasonal-home-maintenance-checklist/,200,NO,NO,YES,YES,YES,YES,https://familyboard.win/guides/seasonal-home-maintenance-checklist/,
https://familyboard.win/guides/serial-number-tracker/,200,YES,NO,NO,https://familyboard.win/guides/serial-number-tracker/,200,NO,NO,YES,YES,YES,YES,https://familyboard.win/guides/serial-number-tracker/,
https://familyboard.win/guides/service-history/,200,YES,NO,NO,https://familyboard.win/guides/service-history/,200,NO,NO,YES,YES,YES,YES,https://familyboard.win/guides/service-history/,
https://familyboard.win/guides/service-provider-contact-list/,200,YES,NO,NO,https://familyboard.win/guides/service-provider-contact-list/,200,NO,NO,YES,YES,YES,YES,https://familyboard.win/guides/service-provider-contact-list/,
https://familyboard.win/guides/smoke-alarm-records/,200,YES,NO,NO,https://familyboard.win/guides/smoke-alarm-records/,200,NO,NO,YES,YES,YES,YES,https://familyboard.win/guides/smoke-alarm-records/,
https://familyboard.win/guides/spring-home-maintenance-checklist/,200,YES,NO,NO,https://familyboard.win/guides/spring-home-maintenance-checklist/,200,NO,NO,YES,YES,YES,YES,https://familyboard.win/guides/spring-home-maintenance-checklist/,
https://familyboard.win/guides/storage-unit-inventory/,200,YES,NO,NO,https://familyboard.win/guides/storage-unit-inventory/,200,NO,NO,YES,YES,YES,YES,https://familyboard.win/guides/storage-unit-inventory/,
https://familyboard.win/guides/storm-preparation-home-checklist/,200,YES,NO,NO,https://familyboard.win/guides/storm-preparation-home-checklist/,200,NO,NO,YES,YES,YES,YES,https://familyboard.win/guides/storm-preparation-home-checklist/,
https://familyboard.win/guides/subscription-cancellation-refund-records/,200,YES,NO,NO,https://familyboard.win/guides/subscription-cancellation-refund-records/,200,NO,NO,YES,YES,YES,YES,https://familyboard.win/guides/subscription-cancellation-refund-records/,
https://familyboard.win/guides/subscription-renewal-tracker/,200,YES,NO,NO,https://familyboard.win/guides/subscription-renewal-tracker/,200,NO,NO,YES,YES,YES,YES,https://familyboard.win/guides/subscription-renewal-tracker/,
https://familyboard.win/guides/summer-home-maintenance-checklist/,200,YES,NO,NO,https://familyboard.win/guides/summer-home-maintenance-checklist/,200,NO,NO,YES,YES,YES,YES,https://familyboard.win/guides/summer-home-maintenance-checklist/,
https://familyboard.win/guides/travel-household-handoff/,200,YES,NO,NO,https://familyboard.win/guides/travel-household-handoff/,200,NO,NO,YES,YES,YES,YES,https://familyboard.win/guides/travel-household-handoff/,
https://familyboard.win/guides/ups-battery-backup-records/,200,YES,NO,NO,https://familyboard.win/guides/ups-battery-backup-records/,200,NO,NO,YES,YES,YES,YES,https://familyboard.win/guides/ups-battery-backup-records/,
https://familyboard.win/guides/utility-shutoff-information/,200,YES,NO,NO,https://familyboard.win/guides/utility-shutoff-information/,200,NO,NO,YES,YES,YES,YES,https://familyboard.win/guides/utility-shutoff-information/,
https://familyboard.win/guides/vacation-home-shutdown-checklist/,200,YES,NO,NO,https://familyboard.win/guides/vacation-home-shutdown-checklist/,200,NO,NO,YES,YES,YES,YES,https://familyboard.win/guides/vacation-home-shutdown-checklist/,
https://familyboard.win/guides/vacuum-cleaner-maintenance-guide/,200,YES,NO,NO,https://familyboard.win/guides/vacuum-cleaner-maintenance-guide/,200,NO,NO,YES,YES,YES,YES,https://familyboard.win/guides/vacuum-cleaner-maintenance-guide/,
https://familyboard.win/guides/valuable-item-inventory/,200,YES,NO,NO,https://familyboard.win/guides/valuable-item-inventory/,200,NO,NO,YES,YES,YES,YES,https://familyboard.win/guides/valuable-item-inventory/,
https://familyboard.win/guides/warranty-expiration/,200,YES,NO,NO,https://familyboard.win/guides/warranty-expiration/,200,NO,NO,YES,YES,YES,YES,https://familyboard.win/guides/warranty-expiration/,
https://familyboard.win/guides/washing-machine-maintenance-checklist/,200,YES,NO,NO,https://familyboard.win/guides/washing-machine-maintenance-checklist/,200,NO,NO,YES,YES,YES,YES,https://familyboard.win/guides/washing-machine-maintenance-checklist/,
https://familyboard.win/guides/water-filter-replacement-guide/,200,YES,NO,NO,https://familyboard.win/guides/water-filter-replacement-guide/,200,NO,NO,YES,YES,YES,YES,https://familyboard.win/guides/water-filter-replacement-guide/,
https://familyboard.win/guides/water-heater-maintenance-records/,200,YES,NO,NO,https://familyboard.win/guides/water-heater-maintenance-records/,200,NO,NO,YES,YES,YES,YES,https://familyboard.win/guides/water-heater-maintenance-records/,
https://familyboard.win/guides/water-leak-response-home-records/,200,YES,NO,NO,https://familyboard.win/guides/water-leak-response-home-records/,200,NO,NO,YES,YES,YES,YES,https://familyboard.win/guides/water-leak-response-home-records/,
https://familyboard.win/guides/water-softener-maintenance-records/,200,YES,NO,NO,https://familyboard.win/guides/water-softener-maintenance-records/,200,NO,NO,YES,YES,YES,YES,https://familyboard.win/guides/water-softener-maintenance-records/,
https://familyboard.win/guides/what-spouse-needs-to-know/,200,YES,NO,NO,https://familyboard.win/guides/what-spouse-needs-to-know/,200,NO,NO,YES,YES,YES,YES,https://familyboard.win/guides/what-spouse-needs-to-know/,
https://familyboard.win/guides/wifi-router-maintenance-records/,200,YES,NO,NO,https://familyboard.win/guides/wifi-router-maintenance-records/,200,NO,NO,YES,YES,YES,YES,https://familyboard.win/guides/wifi-router-maintenance-records/,
https://familyboard.win/guides/winter-home-maintenance-checklist/,200,YES,NO,NO,https://familyboard.win/guides/winter-home-maintenance-checklist/,200,NO,NO,YES,YES,YES,YES,https://familyboard.win/guides/winter-home-maintenance-checklist/,
https://familyboard.win/pricing/,200,YES,NO,NO,https://familyboard.win/pricing/,200,NO,NO,YES,YES,YES,YES,https://familyboard.win/pricing/,
https://familyboard.win/privacy/,200,YES,NO,NO,https://familyboard.win/privacy/,200,NO,NO,YES,YES,YES,YES,https://familyboard.win/privacy/,
https://familyboard.win/roadmap/,200,YES,NO,NO,https://familyboard.win/roadmap/,200,NO,NO,YES,YES,YES,YES,https://familyboard.win/roadmap/,
https://familyboard.win/security/,200,YES,NO,NO,https://familyboard.win/security/,200,NO,NO,YES,YES,YES,YES,https://familyboard.win/security/,
https://familyboard.win/templates/,200,YES,NO,NO,https://familyboard.win/templates/,200,NO,NO,YES,YES,YES,YES,https://familyboard.win/templates/,
https://familyboard.win/templates/printable-annual-renewals/,200,YES,NO,NO,https://familyboard.win/templates/printable-annual-renewals/,200,NO,NO,YES,YES,YES,YES,https://familyboard.win/templates/printable-annual-renewals/,
https://familyboard.win/templates/printable-appliance-inventory/,200,YES,NO,NO,https://familyboard.win/templates/printable-appliance-inventory/,200,NO,NO,YES,YES,YES,YES,https://familyboard.win/templates/printable-appliance-inventory/,
https://familyboard.win/templates/printable-chore-chart/,200,YES,NO,NO,https://familyboard.win/templates/printable-chore-chart/,200,NO,NO,YES,YES,YES,YES,https://familyboard.win/templates/printable-chore-chart/,
https://familyboard.win/templates/printable-cleaning-schedule/,200,YES,NO,NO,https://familyboard.win/templates/printable-cleaning-schedule/,200,NO,NO,YES,YES,YES,YES,https://familyboard.win/templates/printable-cleaning-schedule/,
https://familyboard.win/templates/printable-emergency-contacts/,200,YES,NO,NO,https://familyboard.win/templates/printable-emergency-contacts/,200,NO,NO,YES,YES,YES,YES,https://familyboard.win/templates/printable-emergency-contacts/,
https://familyboard.win/templates/printable-home-inventory-template/,200,YES,NO,NO,https://familyboard.win/templates/printable-home-inventory-template/,200,NO,NO,YES,YES,YES,YES,https://familyboard.win/templates/printable-home-inventory-template/,
https://familyboard.win/templates/printable-household-contacts/,200,YES,NO,NO,https://familyboard.win/templates/printable-household-contacts/,200,NO,NO,YES,YES,YES,YES,https://familyboard.win/templates/printable-household-contacts/,
https://familyboard.win/templates/printable-household-handoff-sheet/,200,YES,NO,NO,https://familyboard.win/templates/printable-household-handoff-sheet/,200,NO,NO,YES,YES,YES,YES,https://familyboard.win/templates/printable-household-handoff-sheet/,
https://familyboard.win/templates/printable-repair-log/,200,YES,NO,NO,https://familyboard.win/templates/printable-repair-log/,200,NO,NO,YES,YES,YES,YES,https://familyboard.win/templates/printable-repair-log/,
https://familyboard.win/templates/printable-service-provider-list/,200,YES,NO,NO,https://familyboard.win/templates/printable-service-provider-list/,200,NO,NO,YES,YES,YES,YES,https://familyboard.win/templates/printable-service-provider-list/,
https://familyboard.win/templates/printable-subscription-tracker/,200,YES,NO,NO,https://familyboard.win/templates/printable-subscription-tracker/,200,NO,NO,YES,YES,YES,YES,https://familyboard.win/templates/printable-subscription-tracker/,
https://familyboard.win/templates/printable-warranty-tracker/,200,YES,NO,NO,https://familyboard.win/templates/printable-warranty-tracker/,200,NO,NO,YES,YES,YES,YES,https://familyboard.win/templates/printable-warranty-tracker/,
https://familyboard.win/terms/,200,YES,NO,NO,https://familyboard.win/terms/,200,NO,NO,YES,YES,YES,YES,https://familyboard.win/terms/,
https://familyboard.win/tools/,200,YES,NO,NO,https://familyboard.win/tools/,200,NO,NO,YES,YES,YES,YES,https://familyboard.win/tools/,
https://familyboard.win/tools/annual-subscription-cost-calculator/,200,YES,NO,NO,https://familyboard.win/tools/annual-subscription-cost-calculator/,200,NO,NO,YES,YES,YES,YES,https://familyboard.win/tools/annual-subscription-cost-calculator/,
https://familyboard.win/tools/appliance-age-calculator/,200,YES,NO,NO,https://familyboard.win/tools/appliance-age-calculator/,200,NO,NO,YES,YES,YES,YES,https://familyboard.win/tools/appliance-age-calculator/,
https://familyboard.win/tools/appliance-maintenance-checklist-generator/,200,YES,NO,NO,https://familyboard.win/tools/appliance-maintenance-checklist-generator/,200,NO,NO,YES,YES,YES,YES,https://familyboard.win/tools/appliance-maintenance-checklist-generator/,
https://familyboard.win/tools/appliance-manual-source-check-log/,200,YES,NO,NO,https://familyboard.win/tools/appliance-manual-source-check-log/,200,NO,NO,YES,YES,YES,YES,https://familyboard.win/tools/appliance-manual-source-check-log/,
https://familyboard.win/tools/appliance-purchase-installation-record/,200,YES,NO,NO,https://familyboard.win/tools/appliance-purchase-installation-record/,200,NO,NO,YES,YES,YES,YES,https://familyboard.win/tools/appliance-purchase-installation-record/,
https://familyboard.win/tools/appliance-repair-callback-log/,200,YES,NO,NO,https://familyboard.win/tools/appliance-repair-callback-log/,200,NO,NO,YES,YES,YES,YES,https://familyboard.win/tools/appliance-repair-callback-log/,
https://familyboard.win/tools/appliance-replacement-planner/,200,YES,NO,NO,https://familyboard.win/tools/appliance-replacement-planner/,200,NO,NO,YES,YES,YES,YES,https://familyboard.win/tools/appliance-replacement-planner/,
https://familyboard.win/tools/appliance-service-visit-log/,200,YES,NO,NO,https://familyboard.win/tools/appliance-service-visit-log/,200,NO,NO,YES,YES,YES,YES,https://familyboard.win/tools/appliance-service-visit-log/,
https://familyboard.win/tools/caregiver-handoff-source-authorization-log/,200,YES,NO,NO,https://familyboard.win/tools/caregiver-handoff-source-authorization-log/,200,NO,NO,YES,YES,YES,YES,https://familyboard.win/tools/caregiver-handoff-source-authorization-log/,
https://familyboard.win/tools/cleaning-schedule-generator/,200,YES,NO,NO,https://familyboard.win/tools/cleaning-schedule-generator/,200,NO,NO,YES,YES,YES,YES,https://familyboard.win/tools/cleaning-schedule-generator/,
https://familyboard.win/tools/emergency-binder-generator/,200,YES,NO,NO,https://familyboard.win/tools/emergency-binder-generator/,200,NO,NO,YES,YES,YES,YES,https://familyboard.win/tools/emergency-binder-generator/,
https://familyboard.win/tools/emergency-contact-sheet-generator/,200,YES,NO,NO,https://familyboard.win/tools/emergency-contact-sheet-generator/,200,NO,NO,YES,YES,YES,YES,https://familyboard.win/tools/emergency-contact-sheet-generator/,
https://familyboard.win/tools/emergency-contact-verification-log/,200,YES,NO,NO,https://familyboard.win/tools/emergency-contact-verification-log/,200,NO,NO,YES,YES,YES,YES,https://familyboard.win/tools/emergency-contact-verification-log/,
https://familyboard.win/tools/emergency-supply-inventory-audit/,200,YES,NO,NO,https://familyboard.win/tools/emergency-supply-inventory-audit/,200,NO,NO,YES,YES,YES,YES,https://familyboard.win/tools/emergency-supply-inventory-audit/,
https://familyboard.win/tools/home-care-charge-service-payment-discrepancy-log/,200,YES,NO,NO,https://familyboard.win/tools/home-care-charge-service-payment-discrepancy-log/,200,NO,NO,YES,YES,YES,YES,https://familyboard.win/tools/home-care-charge-service-payment-discrepancy-log/,
https://familyboard.win/tools/home-care-complaint-response-resolution-log/,200,YES,NO,NO,https://familyboard.win/tools/home-care-complaint-response-resolution-log/,200,NO,NO,YES,YES,YES,YES,https://familyboard.win/tools/home-care-complaint-response-resolution-log/,
https://familyboard.win/tools/home-care-payment-refund-collection-notice-log/,200,YES,NO,NO,https://familyboard.win/tools/home-care-payment-refund-collection-notice-log/,200,NO,NO,YES,YES,YES,YES,https://familyboard.win/tools/home-care-payment-refund-collection-notice-log/,
https://familyboard.win/tools/home-care-service-interruption-backup-continuity-log/,200,YES,NO,NO,https://familyboard.win/tools/home-care-service-interruption-backup-continuity-log/,200,NO,NO,YES,YES,YES,YES,https://familyboard.win/tools/home-care-service-interruption-backup-continuity-log/,
https://familyboard.win/tools/home-care-service-plan-change-notice-log/,200,YES,NO,NO,https://familyboard.win/tools/home-care-service-plan-change-notice-log/,200,NO,NO,YES,YES,YES,YES,https://familyboard.win/tools/home-care-service-plan-change-notice-log/,
https://familyboard.win/tools/home-care-visit-scope-service-result-log/,200,YES,NO,NO,https://familyboard.win/tools/home-care-visit-scope-service-result-log/,200,NO,NO,YES,YES,YES,YES,https://familyboard.win/tools/home-care-visit-scope-service-result-log/,
https://familyboard.win/tools/home-emergency-drill-record-generator/,200,YES,NO,NO,https://familyboard.win/tools/home-emergency-drill-record-generator/,200,NO,NO,YES,YES,YES,YES,https://familyboard.win/tools/home-emergency-drill-record-generator/,
https://familyboard.win/tools/home-handoff-summary-generator/,200,YES,NO,NO,https://familyboard.win/tools/home-handoff-summary-generator/,200,NO,NO,YES,YES,YES,YES,https://familyboard.win/tools/home-handoff-summary-generator/,
https://familyboard.win/tools/home-inventory-checklist-generator/,200,YES,NO,NO,https://familyboard.win/tools/home-inventory-checklist-generator/,200,NO,NO,YES,YES,YES,YES,https://familyboard.win/tools/home-inventory-checklist-generator/,
https://familyboard.win/tools/home-maintenance-cost-tracker/,200,YES,NO,NO,https://familyboard.win/tools/home-maintenance-cost-tracker/,200,NO,NO,YES,YES,YES,YES,https://familyboard.win/tools/home-maintenance-cost-tracker/,
https://familyboard.win/tools/home-maintenance-schedule-generator/,200,YES,NO,NO,https://familyboard.win/tools/home-maintenance-schedule-generator/,200,NO,NO,YES,YES,YES,YES,https://familyboard.win/tools/home-maintenance-schedule-generator/,
https://familyboard.win/tools/home-repair-change-order-log/,200,YES,NO,NO,https://familyboard.win/tools/home-repair-change-order-log/,200,NO,NO,YES,YES,YES,YES,https://familyboard.win/tools/home-repair-change-order-log/,
https://familyboard.win/tools/home-repair-closeout-checklist/,200,YES,NO,NO,https://familyboard.win/tools/home-repair-closeout-checklist/,200,NO,NO,YES,YES,YES,YES,https://familyboard.win/tools/home-repair-closeout-checklist/,
https://familyboard.win/tools/home-repair-cost-log/,200,YES,NO,NO,https://familyboard.win/tools/home-repair-cost-log/,200,NO,NO,YES,YES,YES,YES,https://familyboard.win/tools/home-repair-cost-log/,
https://familyboard.win/tools/home-repair-punch-list/,200,YES,NO,NO,https://familyboard.win/tools/home-repair-punch-list/,200,NO,NO,YES,YES,YES,YES,https://familyboard.win/tools/home-repair-punch-list/,
https://familyboard.win/tools/home-service-provider-verification-log/,200,YES,NO,NO,https://familyboard.win/tools/home-service-provider-verification-log/,200,NO,NO,YES,YES,YES,YES,https://familyboard.win/tools/home-service-provider-verification-log/,
https://familyboard.win/tools/home-service-reminder-generator/,200,YES,NO,NO,https://familyboard.win/tools/home-service-reminder-generator/,200,NO,NO,YES,YES,YES,YES,https://familyboard.win/tools/home-service-reminder-generator/,
https://familyboard.win/tools/house-sitter-instruction-generator/,200,YES,NO,NO,https://familyboard.win/tools/house-sitter-instruction-generator/,200,NO,NO,YES,YES,YES,YES,https://familyboard.win/tools/house-sitter-instruction-generator/,
https://familyboard.win/tools/household-accessibility-walkthrough-log/,200,YES,NO,NO,https://familyboard.win/tools/household-accessibility-walkthrough-log/,200,NO,NO,YES,YES,YES,YES,https://familyboard.win/tools/household-accessibility-walkthrough-log/,
https://familyboard.win/tools/household-account-list/,200,YES,NO,NO,https://familyboard.win/tools/household-account-list/,200,NO,NO,YES,YES,YES,YES,https://familyboard.win/tools/household-account-list/,
https://familyboard.win/tools/household-annual-review-generator/,200,YES,NO,NO,https://familyboard.win/tools/household-annual-review-generator/,200,NO,NO,YES,YES,YES,YES,https://familyboard.win/tools/household-annual-review-generator/,
https://familyboard.win/tools/household-backup-recovery-checker/,200,YES,NO,NO,https://familyboard.win/tools/household-backup-recovery-checker/,200,NO,NO,YES,YES,YES,YES,https://familyboard.win/tools/household-backup-recovery-checker/,
https://familyboard.win/tools/household-bill-source-status-log/,200,YES,NO,NO,https://familyboard.win/tools/household-bill-source-status-log/,200,NO,NO,YES,YES,YES,YES,https://familyboard.win/tools/household-bill-source-status-log/,
https://familyboard.win/tools/household-building-notice-response-log/,200,YES,NO,NO,https://familyboard.win/tools/household-building-notice-response-log/,200,NO,NO,YES,YES,YES,YES,https://familyboard.win/tools/household-building-notice-response-log/,
https://familyboard.win/tools/household-clothing-care-repair-log/,200,YES,NO,NO,https://familyboard.win/tools/household-clothing-care-repair-log/,200,NO,NO,YES,YES,YES,YES,https://familyboard.win/tools/household-clothing-care-repair-log/,
https://familyboard.win/tools/household-consumable-change-history-log/,200,YES,NO,NO,https://familyboard.win/tools/household-consumable-change-history-log/,200,NO,NO,YES,YES,YES,YES,https://familyboard.win/tools/household-consumable-change-history-log/,
https://familyboard.win/tools/household-date-offset-planner/,200,YES,NO,NO,https://familyboard.win/tools/household-date-offset-planner/,200,NO,NO,YES,YES,YES,YES,https://familyboard.win/tools/household-date-offset-planner/,
https://familyboard.win/tools/household-decision-register/,200,YES,NO,NO,https://familyboard.win/tools/household-decision-register/,200,NO,NO,YES,YES,YES,YES,https://familyboard.win/tools/household-decision-register/,
https://familyboard.win/tools/household-device-retirement-handoff-log/,200,YES,NO,NO,https://familyboard.win/tools/household-device-retirement-handoff-log/,200,NO,NO,YES,YES,YES,YES,https://familyboard.win/tools/household-device-retirement-handoff-log/,
https://familyboard.win/tools/household-document-index-generator/,200,YES,NO,NO,https://familyboard.win/tools/household-document-index-generator/,200,NO,NO,YES,YES,YES,YES,https://familyboard.win/tools/household-document-index-generator/,
https://familyboard.win/tools/household-document-renewal-review-log/,200,YES,NO,NO,https://familyboard.win/tools/household-document-renewal-review-log/,200,NO,NO,YES,YES,YES,YES,https://familyboard.win/tools/household-document-renewal-review-log/,
https://familyboard.win/tools/household-donation-handoff-log/,200,YES,NO,NO,https://familyboard.win/tools/household-donation-handoff-log/,200,NO,NO,YES,YES,YES,YES,https://familyboard.win/tools/household-donation-handoff-log/,
https://familyboard.win/tools/household-event-duration-calculator/,200,YES,NO,NO,https://familyboard.win/tools/household-event-duration-calculator/,200,NO,NO,YES,YES,YES,YES,https://familyboard.win/tools/household-event-duration-calculator/,
https://familyboard.win/tools/household-event-source-index-log/,200,YES,NO,NO,https://familyboard.win/tools/household-event-source-index-log/,200,NO,NO,YES,YES,YES,YES,https://familyboard.win/tools/household-event-source-index-log/,
https://familyboard.win/tools/household-guest-arrival-prep-log/,200,YES,NO,NO,https://familyboard.win/tools/household-guest-arrival-prep-log/,200,NO,NO,YES,YES,YES,YES,https://familyboard.win/tools/household-guest-arrival-prep-log/,
https://familyboard.win/tools/household-home-access-handoff-log/,200,YES,NO,NO,https://familyboard.win/tools/household-home-access-handoff-log/,200,NO,NO,YES,YES,YES,YES,https://familyboard.win/tools/household-home-access-handoff-log/,
https://familyboard.win/tools/household-insurance-claim-timeline-log/,200,YES,NO,NO,https://familyboard.win/tools/household-insurance-claim-timeline-log/,200,NO,NO,YES,YES,YES,YES,https://familyboard.win/tools/household-insurance-claim-timeline-log/,
https://familyboard.win/tools/household-insurance-policy-source-version-log/,200,YES,NO,NO,https://familyboard.win/tools/household-insurance-policy-source-version-log/,200,NO,NO,YES,YES,YES,YES,https://familyboard.win/tools/household-insurance-policy-source-version-log/,
https://familyboard.win/tools/household-internet-incident-review-log/,200,YES,NO,NO,https://familyboard.win/tools/household-internet-incident-review-log/,200,NO,NO,YES,YES,YES,YES,https://familyboard.win/tools/household-internet-incident-review-log/,
https://familyboard.win/tools/household-inventory-photo-capture-log/,200,YES,NO,NO,https://familyboard.win/tools/household-inventory-photo-capture-log/,200,NO,NO,YES,YES,YES,YES,https://familyboard.win/tools/household-inventory-photo-capture-log/,
https://familyboard.win/tools/household-mail-package-handoff-log/,200,YES,NO,NO,https://familyboard.win/tools/household-mail-package-handoff-log/,200,NO,NO,YES,YES,YES,YES,https://familyboard.win/tools/household-mail-package-handoff-log/,
https://familyboard.win/tools/household-maintenance-delegation-map/,200,YES,NO,NO,https://familyboard.win/tools/household-maintenance-delegation-map/,200,NO,NO,YES,YES,YES,YES,https://familyboard.win/tools/household-maintenance-delegation-map/,
https://familyboard.win/tools/household-maintenance-priority-review-log/,200,YES,NO,NO,https://familyboard.win/tools/household-maintenance-priority-review-log/,200,NO,NO,YES,YES,YES,YES,https://familyboard.win/tools/household-maintenance-priority-review-log/,
https://familyboard.win/tools/household-meal-prep-role-log/,200,YES,NO,NO,https://familyboard.win/tools/household-meal-prep-role-log/,200,NO,NO,YES,YES,YES,YES,https://familyboard.win/tools/household-meal-prep-role-log/,
https://familyboard.win/tools/household-medical-information-source-handoff-log/,200,YES,NO,NO,https://familyboard.win/tools/household-medical-information-source-handoff-log/,200,NO,NO,YES,YES,YES,YES,https://familyboard.win/tools/household-medical-information-source-handoff-log/,
https://familyboard.win/tools/household-meeting-agenda-action-log/,200,YES,NO,NO,https://familyboard.win/tools/household-meeting-agenda-action-log/,200,NO,NO,YES,YES,YES,YES,https://familyboard.win/tools/household-meeting-agenda-action-log/,
https://familyboard.win/tools/household-meter-reading-review-log/,200,YES,NO,NO,https://familyboard.win/tools/household-meter-reading-review-log/,200,NO,NO,YES,YES,YES,YES,https://familyboard.win/tools/household-meter-reading-review-log/,
https://familyboard.win/tools/household-monthly-review-action-log/,200,YES,NO,NO,https://familyboard.win/tools/household-monthly-review-action-log/,200,NO,NO,YES,YES,YES,YES,https://familyboard.win/tools/household-monthly-review-action-log/,
https://familyboard.win/tools/household-pantry-expiry-review-log/,200,YES,NO,NO,https://familyboard.win/tools/household-pantry-expiry-review-log/,200,NO,NO,YES,YES,YES,YES,https://familyboard.win/tools/household-pantry-expiry-review-log/,
https://familyboard.win/tools/household-pet-record-source-handoff-log/,200,YES,NO,NO,https://familyboard.win/tools/household-pet-record-source-handoff-log/,200,NO,NO,YES,YES,YES,YES,https://familyboard.win/tools/household-pet-record-source-handoff-log/,
https://familyboard.win/tools/household-plant-care-handoff-log/,200,YES,NO,NO,https://familyboard.win/tools/household-plant-care-handoff-log/,200,NO,NO,YES,YES,YES,YES,https://familyboard.win/tools/household-plant-care-handoff-log/,
https://familyboard.win/tools/household-power-outage-event-log/,200,YES,NO,NO,https://familyboard.win/tools/household-power-outage-event-log/,200,NO,NO,YES,YES,YES,YES,https://familyboard.win/tools/household-power-outage-event-log/,
https://familyboard.win/tools/household-record-retention-decision-log/,200,YES,NO,NO,https://familyboard.win/tools/household-record-retention-decision-log/,200,NO,NO,YES,YES,YES,YES,https://familyboard.win/tools/household-record-retention-decision-log/,
https://familyboard.win/tools/household-record-retrieval-drill-log/,200,YES,NO,NO,https://familyboard.win/tools/household-record-retrieval-drill-log/,200,NO,NO,YES,YES,YES,YES,https://familyboard.win/tools/household-record-retrieval-drill-log/,
https://familyboard.win/tools/household-recycling-handoff-log/,200,YES,NO,NO,https://familyboard.win/tools/household-recycling-handoff-log/,200,NO,NO,YES,YES,YES,YES,https://familyboard.win/tools/household-recycling-handoff-log/,
https://familyboard.win/tools/household-repair-evidence-timeline-log/,200,YES,NO,NO,https://familyboard.win/tools/household-repair-evidence-timeline-log/,200,NO,NO,YES,YES,YES,YES,https://familyboard.win/tools/household-repair-evidence-timeline-log/,
https://familyboard.win/tools/household-replacement-part-source-check-log/,200,YES,NO,NO,https://familyboard.win/tools/household-replacement-part-source-check-log/,200,NO,NO,YES,YES,YES,YES,https://familyboard.win/tools/household-replacement-part-source-check-log/,
https://familyboard.win/tools/household-responsibility-coverage-map/,200,YES,NO,NO,https://familyboard.win/tools/household-responsibility-coverage-map/,200,NO,NO,YES,YES,YES,YES,https://familyboard.win/tools/household-responsibility-coverage-map/,
https://familyboard.win/tools/household-return-handoff-log/,200,YES,NO,NO,https://familyboard.win/tools/household-return-handoff-log/,200,NO,NO,YES,YES,YES,YES,https://familyboard.win/tools/household-return-handoff-log/,
https://familyboard.win/tools/household-router-support-review-log/,200,YES,NO,NO,https://familyboard.win/tools/household-router-support-review-log/,200,NO,NO,YES,YES,YES,YES,https://familyboard.win/tools/household-router-support-review-log/,
https://familyboard.win/tools/household-schedule-conflict-review-log/,200,YES,NO,NO,https://familyboard.win/tools/household-schedule-conflict-review-log/,200,NO,NO,YES,YES,YES,YES,https://familyboard.win/tools/household-schedule-conflict-review-log/,
https://familyboard.win/tools/household-school-activity-handoff-log/,200,YES,NO,NO,https://familyboard.win/tools/household-school-activity-handoff-log/,200,NO,NO,YES,YES,YES,YES,https://familyboard.win/tools/household-school-activity-handoff-log/,
https://familyboard.win/tools/household-school-closure-continuity-log/,200,YES,NO,NO,https://familyboard.win/tools/household-school-closure-continuity-log/,200,NO,NO,YES,YES,YES,YES,https://familyboard.win/tools/household-school-closure-continuity-log/,
https://familyboard.win/tools/household-school-pickup-handoff-log/,200,YES,NO,NO,https://familyboard.win/tools/household-school-pickup-handoff-log/,200,NO,NO,YES,YES,YES,YES,https://familyboard.win/tools/household-school-pickup-handoff-log/,
https://familyboard.win/tools/household-school-record-source-handoff-log/,200,YES,NO,NO,https://familyboard.win/tools/household-school-record-source-handoff-log/,200,NO,NO,YES,YES,YES,YES,https://familyboard.win/tools/household-school-record-source-handoff-log/,
https://familyboard.win/tools/household-seasonal-reset-action-log/,200,YES,NO,NO,https://familyboard.win/tools/household-seasonal-reset-action-log/,200,NO,NO,YES,YES,YES,YES,https://familyboard.win/tools/household-seasonal-reset-action-log/,
https://familyboard.win/tools/household-service-appointment-handoff-log/,200,YES,NO,NO,https://familyboard.win/tools/household-service-appointment-handoff-log/,200,NO,NO,YES,YES,YES,YES,https://familyboard.win/tools/household-service-appointment-handoff-log/,
https://familyboard.win/tools/household-service-quote-comparison-log/,200,YES,NO,NO,https://familyboard.win/tools/household-service-quote-comparison-log/,200,NO,NO,YES,YES,YES,YES,https://familyboard.win/tools/household-service-quote-comparison-log/,
https://familyboard.win/tools/household-share-access-review-log/,200,YES,NO,NO,https://familyboard.win/tools/household-share-access-review-log/,200,NO,NO,YES,YES,YES,YES,https://familyboard.win/tools/household-share-access-review-log/,
https://familyboard.win/tools/household-shopping-list-planner/,200,YES,NO,NO,https://familyboard.win/tools/household-shopping-list-planner/,200,NO,NO,YES,YES,YES,YES,https://familyboard.win/tools/household-shopping-list-planner/,
https://familyboard.win/tools/household-storm-readiness-review/,200,YES,NO,NO,https://familyboard.win/tools/household-storm-readiness-review/,200,NO,NO,YES,YES,YES,YES,https://familyboard.win/tools/household-storm-readiness-review/,
https://familyboard.win/tools/household-subscription-cancellation-handoff-log/,200,YES,NO,NO,https://familyboard.win/tools/household-subscription-cancellation-handoff-log/,200,NO,NO,YES,YES,YES,YES,https://familyboard.win/tools/household-subscription-cancellation-handoff-log/,
https://familyboard.win/tools/household-subscription-cost-calculator/,200,YES,NO,NO,https://familyboard.win/tools/household-subscription-cost-calculator/,200,NO,NO,YES,YES,YES,YES,https://familyboard.win/tools/household-subscription-cost-calculator/,
https://familyboard.win/tools/household-task-load-calculator/,200,YES,NO,NO,https://familyboard.win/tools/household-task-load-calculator/,200,NO,NO,YES,YES,YES,YES,https://familyboard.win/tools/household-task-load-calculator/,
https://familyboard.win/tools/household-time-window-overlap-checker/,200,YES,NO,NO,https://familyboard.win/tools/household-time-window-overlap-checker/,200,NO,NO,YES,YES,YES,YES,https://familyboard.win/tools/household-time-window-overlap-checker/,
https://familyboard.win/tools/household-trip-packing-handoff-log/,200,YES,NO,NO,https://familyboard.win/tools/household-trip-packing-handoff-log/,200,NO,NO,YES,YES,YES,YES,https://familyboard.win/tools/household-trip-packing-handoff-log/,
https://familyboard.win/tools/household-utility-bill-anomaly-log/,200,YES,NO,NO,https://familyboard.win/tools/household-utility-bill-anomaly-log/,200,NO,NO,YES,YES,YES,YES,https://familyboard.win/tools/household-utility-bill-anomaly-log/,
https://familyboard.win/tools/household-utility-provider-service-handoff-log/,200,YES,NO,NO,https://familyboard.win/tools/household-utility-provider-service-handoff-log/,200,NO,NO,YES,YES,YES,YES,https://familyboard.win/tools/household-utility-provider-service-handoff-log/,
https://familyboard.win/tools/household-vehicle-document-source-status-log/,200,YES,NO,NO,https://familyboard.win/tools/household-vehicle-document-source-status-log/,200,NO,NO,YES,YES,YES,YES,https://familyboard.win/tools/household-vehicle-document-source-status-log/,
https://familyboard.win/tools/household-water-leak-event-log/,200,YES,NO,NO,https://familyboard.win/tools/household-water-leak-event-log/,200,NO,NO,YES,YES,YES,YES,https://familyboard.win/tools/household-water-leak-event-log/,
https://familyboard.win/tools/household-weekly-reset-action-log/,200,YES,NO,NO,https://familyboard.win/tools/household-weekly-reset-action-log/,200,NO,NO,YES,YES,YES,YES,https://familyboard.win/tools/household-weekly-reset-action-log/,
https://familyboard.win/tools/important-household-document-review/,200,YES,NO,NO,https://familyboard.win/tools/important-household-document-review/,200,NO,NO,YES,YES,YES,YES,https://familyboard.win/tools/important-household-document-review/,
https://familyboard.win/tools/move-in-checklist-generator/,200,YES,NO,NO,https://familyboard.win/tools/move-in-checklist-generator/,200,NO,NO,YES,YES,YES,YES,https://familyboard.win/tools/move-in-checklist-generator/,
https://familyboard.win/tools/move-out-condition-record-generator/,200,YES,NO,NO,https://familyboard.win/tools/move-out-condition-record-generator/,200,NO,NO,YES,YES,YES,YES,https://familyboard.win/tools/move-out-condition-record-generator/,
https://familyboard.win/tools/moving-box-handover-log/,200,YES,NO,NO,https://familyboard.win/tools/moving-box-handover-log/,200,NO,NO,YES,YES,YES,YES,https://familyboard.win/tools/moving-box-handover-log/,
https://familyboard.win/tools/pet-sitter-instruction-generator/,200,YES,NO,NO,https://familyboard.win/tools/pet-sitter-instruction-generator/,200,NO,NO,YES,YES,YES,YES,https://familyboard.win/tools/pet-sitter-instruction-generator/,
https://familyboard.win/tools/product-recall-action-log/,200,YES,NO,NO,https://familyboard.win/tools/product-recall-action-log/,200,NO,NO,YES,YES,YES,YES,https://familyboard.win/tools/product-recall-action-log/,
https://familyboard.win/tools/purchase-delivery-evidence-log/,200,YES,NO,NO,https://familyboard.win/tools/purchase-delivery-evidence-log/,200,NO,NO,YES,YES,YES,YES,https://familyboard.win/tools/purchase-delivery-evidence-log/,
https://familyboard.win/tools/receipt-retention-organizer/,200,YES,NO,NO,https://familyboard.win/tools/receipt-retention-organizer/,200,NO,NO,YES,YES,YES,YES,https://familyboard.win/tools/receipt-retention-organizer/,
https://familyboard.win/tools/recurring-chore-planner/,200,YES,NO,NO,https://familyboard.win/tools/recurring-chore-planner/,200,NO,NO,YES,YES,YES,YES,https://familyboard.win/tools/recurring-chore-planner/,
https://familyboard.win/tools/rental-repair-request-log/,200,YES,NO,NO,https://familyboard.win/tools/rental-repair-request-log/,200,NO,NO,YES,YES,YES,YES,https://familyboard.win/tools/rental-repair-request-log/,
https://familyboard.win/tools/rental-security-deposit-move-out-claim-log/,200,YES,NO,NO,https://familyboard.win/tools/rental-security-deposit-move-out-claim-log/,200,NO,NO,YES,YES,YES,YES,https://familyboard.win/tools/rental-security-deposit-move-out-claim-log/,
https://familyboard.win/tools/room-inventory-generator/,200,YES,NO,NO,https://familyboard.win/tools/room-inventory-generator/,200,NO,NO,YES,YES,YES,YES,https://familyboard.win/tools/room-inventory-generator/,
https://familyboard.win/tools/storage-unit-access-inventory-log/,200,YES,NO,NO,https://familyboard.win/tools/storage-unit-access-inventory-log/,200,NO,NO,YES,YES,YES,YES,https://familyboard.win/tools/storage-unit-access-inventory-log/,
https://familyboard.win/tools/vacation-shutdown-checklist-generator/,200,YES,NO,NO,https://familyboard.win/tools/vacation-shutdown-checklist-generator/,200,NO,NO,YES,YES,YES,YES,https://familyboard.win/tools/vacation-shutdown-checklist-generator/,
https://familyboard.win/tools/warranty-checklist-generator/,200,YES,NO,NO,https://familyboard.win/tools/warranty-checklist-generator/,200,NO,NO,YES,YES,YES,YES,https://familyboard.win/tools/warranty-checklist-generator/,
https://familyboard.win/tools/warranty-claim-evidence-log/,200,YES,NO,NO,https://familyboard.win/tools/warranty-claim-evidence-log/,200,NO,NO,YES,YES,YES,YES,https://familyboard.win/tools/warranty-claim-evidence-log/,
https://familyboard.win/tools/warranty-expiration-calculator/,200,YES,NO,NO,https://familyboard.win/tools/warranty-expiration-calculator/,200,NO,NO,YES,YES,YES,YES,https://familyboard.win/tools/warranty-expiration-calculator/,
https://familyboard.win/zh-tw/,200,YES,NO,NO,https://familyboard.win/zh-tw/,200,NO,NO,YES,YES,YES,YES,https://familyboard.win/zh-tw/,
https://familyboard.win/zh-tw/about/,200,YES,NO,NO,https://familyboard.win/zh-tw/about/,200,NO,NO,YES,NO,YES,YES,https://familyboard.win/zh-tw/about/,
https://familyboard.win/zh-tw/affiliate-disclosure/,200,YES,NO,NO,https://familyboard.win/zh-tw/affiliate-disclosure/,200,NO,NO,YES,YES,YES,YES,https://familyboard.win/zh-tw/affiliate-disclosure/,
https://familyboard.win/zh-tw/changelog/,200,YES,NO,NO,https://familyboard.win/zh-tw/changelog/,200,NO,NO,YES,YES,YES,YES,https://familyboard.win/zh-tw/changelog/,
https://familyboard.win/zh-tw/checklists/,200,YES,NO,NO,https://familyboard.win/zh-tw/checklists/,200,NO,NO,YES,NO,YES,YES,https://familyboard.win/zh-tw/checklists/,
https://familyboard.win/zh-tw/checklists/printable-emergency-binder-checklist/,200,YES,NO,NO,https://familyboard.win/zh-tw/checklists/printable-emergency-binder-checklist/,200,NO,NO,YES,NO,YES,YES,https://familyboard.win/zh-tw/checklists/printable-emergency-binder-checklist/,
https://familyboard.win/zh-tw/checklists/printable-home-maintenance-checklist/,200,YES,NO,NO,https://familyboard.win/zh-tw/checklists/printable-home-maintenance-checklist/,200,NO,NO,YES,NO,YES,YES,https://familyboard.win/zh-tw/checklists/printable-home-maintenance-checklist/,
https://familyboard.win/zh-tw/checklists/printable-house-sitter-checklist/,200,YES,NO,NO,https://familyboard.win/zh-tw/checklists/printable-house-sitter-checklist/,200,NO,NO,YES,NO,YES,YES,https://familyboard.win/zh-tw/checklists/printable-house-sitter-checklist/,
https://familyboard.win/zh-tw/checklists/printable-monthly-home-checklist/,200,YES,NO,NO,https://familyboard.win/zh-tw/checklists/printable-monthly-home-checklist/,200,NO,NO,YES,NO,YES,YES,https://familyboard.win/zh-tw/checklists/printable-monthly-home-checklist/,
https://familyboard.win/zh-tw/checklists/printable-moving-checklist/,200,YES,NO,NO,https://familyboard.win/zh-tw/checklists/printable-moving-checklist/,200,NO,NO,YES,NO,YES,YES,https://familyboard.win/zh-tw/checklists/printable-moving-checklist/,
https://familyboard.win/zh-tw/checklists/printable-pet-sitter-checklist/,200,YES,NO,NO,https://familyboard.win/zh-tw/checklists/printable-pet-sitter-checklist/,200,NO,NO,YES,NO,YES,YES,https://familyboard.win/zh-tw/checklists/printable-pet-sitter-checklist/,
https://familyboard.win/zh-tw/checklists/printable-seasonal-home-checklist/,200,YES,NO,NO,https://familyboard.win/zh-tw/checklists/printable-seasonal-home-checklist/,200,NO,NO,YES,NO,YES,YES,https://familyboard.win/zh-tw/checklists/printable-seasonal-home-checklist/,
https://familyboard.win/zh-tw/contact/,200,YES,NO,NO,https://familyboard.win/zh-tw/contact/,200,NO,NO,YES,YES,YES,YES,https://familyboard.win/zh-tw/contact/,
https://familyboard.win/zh-tw/disclaimer/,200,YES,NO,NO,https://familyboard.win/zh-tw/disclaimer/,200,NO,NO,YES,NO,YES,YES,https://familyboard.win/zh-tw/disclaimer/,
https://familyboard.win/zh-tw/editorial-policy/,200,YES,NO,NO,https://familyboard.win/zh-tw/editorial-policy/,200,NO,NO,YES,NO,YES,YES,https://familyboard.win/zh-tw/editorial-policy/,
https://familyboard.win/zh-tw/features/,200,YES,NO,NO,https://familyboard.win/zh-tw/features/,200,NO,NO,YES,NO,YES,YES,https://familyboard.win/zh-tw/features/,
https://familyboard.win/zh-tw/features/emergency-information-organizer/,200,YES,NO,NO,https://familyboard.win/zh-tw/features/emergency-information-organizer/,200,NO,NO,YES,NO,YES,YES,https://familyboard.win/zh-tw/features/emergency-information-organizer/,
https://familyboard.win/zh-tw/features/family-display-mode/,200,YES,NO,NO,https://familyboard.win/zh-tw/features/family-display-mode/,200,NO,NO,YES,YES,YES,YES,https://familyboard.win/zh-tw/features/family-display-mode/,
https://familyboard.win/zh-tw/features/family-task-manager/,200,YES,NO,NO,https://familyboard.win/zh-tw/features/family-task-manager/,200,NO,NO,YES,NO,YES,YES,https://familyboard.win/zh-tw/features/family-task-manager/,
https://familyboard.win/zh-tw/features/free-home-management-app/,200,YES,NO,NO,https://familyboard.win/zh-tw/features/free-home-management-app/,200,NO,NO,YES,YES,YES,YES,https://familyboard.win/zh-tw/features/free-home-management-app/,
https://familyboard.win/zh-tw/features/home-dashboard/,200,YES,NO,NO,https://familyboard.win/zh-tw/features/home-dashboard/,200,NO,NO,YES,YES,YES,YES,https://familyboard.win/zh-tw/features/home-dashboard/,
https://familyboard.win/zh-tw/features/home-inventory-tracker/,200,YES,NO,NO,https://familyboard.win/zh-tw/features/home-inventory-tracker/,200,NO,NO,YES,NO,YES,YES,https://familyboard.win/zh-tw/features/home-inventory-tracker/,
https://familyboard.win/zh-tw/features/home-record-keeper/,200,YES,NO,NO,https://familyboard.win/zh-tw/features/home-record-keeper/,200,NO,NO,YES,NO,YES,YES,https://familyboard.win/zh-tw/features/home-record-keeper/,
https://familyboard.win/zh-tw/features/household-calendar/,200,YES,NO,NO,https://familyboard.win/zh-tw/features/household-calendar/,200,NO,NO,YES,YES,YES,YES,https://familyboard.win/zh-tw/features/household-calendar/,
https://familyboard.win/zh-tw/features/household-documents-organizer/,200,YES,NO,NO,https://familyboard.win/zh-tw/features/household-documents-organizer/,200,NO,NO,YES,YES,YES,YES,https://familyboard.win/zh-tw/features/household-documents-organizer/,
https://familyboard.win/zh-tw/features/household-handoff/,200,YES,NO,NO,https://familyboard.win/zh-tw/features/household-handoff/,200,NO,NO,YES,NO,YES,YES,https://familyboard.win/zh-tw/features/household-handoff/,
https://familyboard.win/zh-tw/features/household-operations-system/,200,YES,NO,NO,https://familyboard.win/zh-tw/features/household-operations-system/,200,NO,NO,YES,NO,YES,YES,https://familyboard.win/zh-tw/features/household-operations-system/,
https://familyboard.win/zh-tw/features/household-subscription-tracker/,200,YES,NO,NO,https://familyboard.win/zh-tw/features/household-subscription-tracker/,200,NO,NO,YES,YES,YES,YES,https://familyboard.win/zh-tw/features/household-subscription-tracker/,
https://familyboard.win/zh-tw/features/local-first-home-organizer/,200,YES,NO,NO,https://familyboard.win/zh-tw/features/local-first-home-organizer/,200,NO,NO,YES,YES,YES,YES,https://familyboard.win/zh-tw/features/local-first-home-organizer/,
https://familyboard.win/zh-tw/features/maintenance-tracker/,200,YES,NO,NO,https://familyboard.win/zh-tw/features/maintenance-tracker/,200,NO,NO,YES,YES,YES,YES,https://familyboard.win/zh-tw/features/maintenance-tracker/,
https://familyboard.win/zh-tw/features/no-account-family-organizer/,200,YES,NO,NO,https://familyboard.win/zh-tw/features/no-account-family-organizer/,200,NO,NO,YES,NO,YES,YES,https://familyboard.win/zh-tw/features/no-account-family-organizer/,
https://familyboard.win/zh-tw/features/offline-household-organizer/,200,YES,NO,NO,https://familyboard.win/zh-tw/features/offline-household-organizer/,200,NO,NO,YES,YES,YES,YES,https://familyboard.win/zh-tw/features/offline-household-organizer/,
https://familyboard.win/zh-tw/features/private-family-organizer/,200,YES,NO,NO,https://familyboard.win/zh-tw/features/private-family-organizer/,200,NO,NO,YES,YES,YES,YES,https://familyboard.win/zh-tw/features/private-family-organizer/,
https://familyboard.win/zh-tw/features/warranty-tracker/,200,YES,NO,NO,https://familyboard.win/zh-tw/features/warranty-tracker/,200,NO,NO,YES,NO,YES,YES,https://familyboard.win/zh-tw/features/warranty-tracker/,
https://familyboard.win/zh-tw/guides/,200,YES,NO,NO,https://familyboard.win/zh-tw/guides/,200,NO,NO,YES,NO,YES,YES,https://familyboard.win/zh-tw/guides/,
https://familyboard.win/zh-tw/guides/air-conditioner-maintenance-checklist/,200,YES,NO,NO,https://familyboard.win/zh-tw/guides/air-conditioner-maintenance-checklist/,200,NO,NO,YES,NO,YES,YES,https://familyboard.win/zh-tw/guides/air-conditioner-maintenance-checklist/,
https://familyboard.win/zh-tw/guides/air-purifier-filter-log/,200,YES,NO,NO,https://familyboard.win/zh-tw/guides/air-purifier-filter-log/,200,NO,NO,YES,NO,YES,YES,https://familyboard.win/zh-tw/guides/air-purifier-filter-log/,
https://familyboard.win/zh-tw/guides/air-purifier-maintenance-guide/,200,YES,NO,NO,https://familyboard.win/zh-tw/guides/air-purifier-maintenance-guide/,200,NO,NO,YES,NO,YES,YES,https://familyboard.win/zh-tw/guides/air-purifier-maintenance-guide/,
https://familyboard.win/zh-tw/guides/annual-home-review/,200,YES,NO,NO,https://familyboard.win/zh-tw/guides/annual-home-review/,200,NO,NO,YES,NO,YES,YES,https://familyboard.win/zh-tw/guides/annual-home-review/,
https://familyboard.win/zh-tw/guides/annual-renewal-calendar/,200,YES,NO,NO,https://familyboard.win/zh-tw/guides/annual-renewal-calendar/,200,NO,NO,YES,NO,YES,YES,https://familyboard.win/zh-tw/guides/annual-renewal-calendar/,
https://familyboard.win/zh-tw/guides/apartment-maintenance-checklist/,200,YES,NO,NO,https://familyboard.win/zh-tw/guides/apartment-maintenance-checklist/,200,NO,NO,YES,NO,YES,YES,https://familyboard.win/zh-tw/guides/apartment-maintenance-checklist/,
https://familyboard.win/zh-tw/guides/appliance-inventory/,200,YES,NO,NO,https://familyboard.win/zh-tw/guides/appliance-inventory/,200,NO,NO,YES,NO,YES,YES,https://familyboard.win/zh-tw/guides/appliance-inventory/,
https://familyboard.win/zh-tw/guides/appliance-lifespan-planning/,200,YES,NO,NO,https://familyboard.win/zh-tw/guides/appliance-lifespan-planning/,200,NO,NO,YES,NO,YES,YES,https://familyboard.win/zh-tw/guides/appliance-lifespan-planning/,
https://familyboard.win/zh-tw/guides/appliance-replacement-planning/,200,YES,NO,NO,https://familyboard.win/zh-tw/guides/appliance-replacement-planning/,200,NO,NO,YES,NO,YES,YES,https://familyboard.win/zh-tw/guides/appliance-replacement-planning/,
https://familyboard.win/zh-tw/guides/automatic-renewal-charge-dispute-taiwan/,200,YES,NO,NO,https://familyboard.win/zh-tw/guides/automatic-renewal-charge-dispute-taiwan/,200,NO,NO,YES,NO,YES,YES,https://familyboard.win/zh-tw/guides/automatic-renewal-charge-dispute-taiwan/,
https://familyboard.win/zh-tw/guides/bathroom-exhaust-fan-maintenance-checklist/,200,YES,NO,NO,https://familyboard.win/zh-tw/guides/bathroom-exhaust-fan-maintenance-checklist/,200,NO,NO,YES,NO,YES,YES,https://familyboard.win/zh-tw/guides/bathroom-exhaust-fan-maintenance-checklist/,
https://familyboard.win/zh-tw/guides/carbon-monoxide-alarm-records/,200,YES,NO,NO,https://familyboard.win/zh-tw/guides/carbon-monoxide-alarm-records/,200,NO,NO,YES,NO,YES,YES,https://familyboard.win/zh-tw/guides/carbon-monoxide-alarm-records/,
https://familyboard.win/zh-tw/guides/caregiver-handoff-checklist/,200,YES,NO,NO,https://familyboard.win/zh-tw/guides/caregiver-handoff-checklist/,200,NO,NO,YES,NO,YES,YES,https://familyboard.win/zh-tw/guides/caregiver-handoff-checklist/,
https://familyboard.win/zh-tw/guides/ceiling-fan-maintenance-checklist/,200,YES,NO,NO,https://familyboard.win/zh-tw/guides/ceiling-fan-maintenance-checklist/,200,NO,NO,YES,NO,YES,YES,https://familyboard.win/zh-tw/guides/ceiling-fan-maintenance-checklist/,
https://familyboard.win/zh-tw/guides/chore-chart-for-adults/,200,YES,NO,NO,https://familyboard.win/zh-tw/guides/chore-chart-for-adults/,200,NO,NO,YES,NO,YES,YES,https://familyboard.win/zh-tw/guides/chore-chart-for-adults/,
https://familyboard.win/zh-tw/guides/cleaning-schedule/,200,YES,NO,NO,https://familyboard.win/zh-tw/guides/cleaning-schedule/,200,NO,NO,YES,NO,YES,YES,https://familyboard.win/zh-tw/guides/cleaning-schedule/,
https://familyboard.win/zh-tw/guides/coffee-maker-maintenance-guide/,200,YES,NO,NO,https://familyboard.win/zh-tw/guides/coffee-maker-maintenance-guide/,200,NO,NO,YES,NO,YES,YES,https://familyboard.win/zh-tw/guides/coffee-maker-maintenance-guide/,
https://familyboard.win/zh-tw/guides/computer-electronics-inventory/,200,YES,NO,NO,https://familyboard.win/zh-tw/guides/computer-electronics-inventory/,200,NO,NO,YES,NO,YES,YES,https://familyboard.win/zh-tw/guides/computer-electronics-inventory/,
https://familyboard.win/zh-tw/guides/condo-maintenance-checklist/,200,YES,NO,NO,https://familyboard.win/zh-tw/guides/condo-maintenance-checklist/,200,NO,NO,YES,NO,YES,YES,https://familyboard.win/zh-tw/guides/condo-maintenance-checklist/,
https://familyboard.win/zh-tw/guides/contractor-records/,200,YES,NO,NO,https://familyboard.win/zh-tw/guides/contractor-records/,200,NO,NO,YES,NO,YES,YES,https://familyboard.win/zh-tw/guides/contractor-records/,
https://familyboard.win/zh-tw/guides/deep-cleaning-tracker/,200,YES,NO,NO,https://familyboard.win/zh-tw/guides/deep-cleaning-tracker/,200,NO,NO,YES,NO,YES,YES,https://familyboard.win/zh-tw/guides/deep-cleaning-tracker/,
https://familyboard.win/zh-tw/guides/dehumidifier-maintenance-guide/,200,YES,NO,NO,https://familyboard.win/zh-tw/guides/dehumidifier-maintenance-guide/,200,NO,NO,YES,NO,YES,YES,https://familyboard.win/zh-tw/guides/dehumidifier-maintenance-guide/,
https://familyboard.win/zh-tw/guides/dehumidifier-maintenance-records/,200,YES,NO,NO,https://familyboard.win/zh-tw/guides/dehumidifier-maintenance-records/,200,NO,NO,YES,NO,YES,YES,https://familyboard.win/zh-tw/guides/dehumidifier-maintenance-records/,
https://familyboard.win/zh-tw/guides/digital-home-binder/,200,YES,NO,NO,https://familyboard.win/zh-tw/guides/digital-home-binder/,200,NO,NO,YES,NO,YES,YES,https://familyboard.win/zh-tw/guides/digital-home-binder/,
https://familyboard.win/zh-tw/guides/digital-home-inventory-backup/,200,YES,NO,NO,https://familyboard.win/zh-tw/guides/digital-home-inventory-backup/,200,NO,NO,YES,YES,YES,YES,https://familyboard.win/zh-tw/guides/digital-home-inventory-backup/,
https://familyboard.win/zh-tw/guides/dishwasher-maintenance-checklist/,200,YES,NO,NO,https://familyboard.win/zh-tw/guides/dishwasher-maintenance-checklist/,200,NO,NO,YES,NO,YES,YES,https://familyboard.win/zh-tw/guides/dishwasher-maintenance-checklist/,
https://familyboard.win/zh-tw/guides/divide-household-responsibilities/,200,YES,NO,NO,https://familyboard.win/zh-tw/guides/divide-household-responsibilities/,200,NO,NO,YES,NO,YES,YES,https://familyboard.win/zh-tw/guides/divide-household-responsibilities/,
https://familyboard.win/zh-tw/guides/dryer-maintenance-checklist/,200,YES,NO,NO,https://familyboard.win/zh-tw/guides/dryer-maintenance-checklist/,200,NO,NO,YES,NO,YES,YES,https://familyboard.win/zh-tw/guides/dryer-maintenance-checklist/,
https://familyboard.win/zh-tw/guides/electronics-inventory/,200,YES,NO,NO,https://familyboard.win/zh-tw/guides/electronics-inventory/,200,NO,NO,YES,NO,YES,YES,https://familyboard.win/zh-tw/guides/electronics-inventory/,
https://familyboard.win/zh-tw/guides/emergency-binder/,200,YES,NO,NO,https://familyboard.win/zh-tw/guides/emergency-binder/,200,NO,NO,YES,NO,YES,YES,https://familyboard.win/zh-tw/guides/emergency-binder/,
https://familyboard.win/zh-tw/guides/emergency-information-sheet/,200,YES,NO,NO,https://familyboard.win/zh-tw/guides/emergency-information-sheet/,200,NO,NO,YES,NO,YES,YES,https://familyboard.win/zh-tw/guides/emergency-information-sheet/,
https://familyboard.win/zh-tw/guides/emergency-supply-inventory/,200,YES,NO,NO,https://familyboard.win/zh-tw/guides/emergency-supply-inventory/,200,NO,NO,YES,NO,YES,YES,https://familyboard.win/zh-tw/guides/emergency-supply-inventory/,
https://familyboard.win/zh-tw/guides/fall-home-maintenance-checklist/,200,YES,NO,NO,https://familyboard.win/zh-tw/guides/fall-home-maintenance-checklist/,200,NO,NO,YES,NO,YES,YES,https://familyboard.win/zh-tw/guides/fall-home-maintenance-checklist/,
https://familyboard.win/zh-tw/guides/family-chore-system/,200,YES,NO,NO,https://familyboard.win/zh-tw/guides/family-chore-system/,200,NO,NO,YES,NO,YES,YES,https://familyboard.win/zh-tw/guides/family-chore-system/,
https://familyboard.win/zh-tw/guides/family-continuity-plan/,200,YES,NO,NO,https://familyboard.win/zh-tw/guides/family-continuity-plan/,200,NO,NO,YES,NO,YES,YES,https://familyboard.win/zh-tw/guides/family-continuity-plan/,
https://familyboard.win/zh-tw/guides/family-emergency-contacts/,200,YES,NO,NO,https://familyboard.win/zh-tw/guides/family-emergency-contacts/,200,NO,NO,YES,NO,YES,YES,https://familyboard.win/zh-tw/guides/family-emergency-contacts/,
https://familyboard.win/zh-tw/guides/familyboard-accessibility-walkthrough-tutorial/,200,YES,NO,NO,https://familyboard.win/zh-tw/guides/familyboard-accessibility-walkthrough-tutorial/,200,NO,NO,YES,NO,YES,YES,https://familyboard.win/zh-tw/guides/familyboard-accessibility-walkthrough-tutorial/,
https://familyboard.win/zh-tw/guides/familyboard-annual-subscription-cost-calculator-tutorial/,200,YES,NO,NO,https://familyboard.win/zh-tw/guides/familyboard-annual-subscription-cost-calculator-tutorial/,200,NO,NO,YES,NO,YES,YES,https://familyboard.win/zh-tw/guides/familyboard-annual-subscription-cost-calculator-tutorial/,
https://familyboard.win/zh-tw/guides/familyboard-app-first-run-restore-tutorial/,200,YES,NO,NO,https://familyboard.win/zh-tw/guides/familyboard-app-first-run-restore-tutorial/,200,NO,NO,YES,NO,YES,YES,https://familyboard.win/zh-tw/guides/familyboard-app-first-run-restore-tutorial/,
https://familyboard.win/zh-tw/guides/familyboard-appliance-age-calculator-tutorial/,200,YES,NO,NO,https://familyboard.win/zh-tw/guides/familyboard-appliance-age-calculator-tutorial/,200,NO,NO,YES,NO,YES,YES,https://familyboard.win/zh-tw/guides/familyboard-appliance-age-calculator-tutorial/,
https://familyboard.win/zh-tw/guides/familyboard-appliance-maintenance-checklist-generator-tutorial/,200,YES,NO,NO,https://familyboard.win/zh-tw/guides/familyboard-appliance-maintenance-checklist-generator-tutorial/,200,NO,NO,YES,NO,YES,YES,https://familyboard.win/zh-tw/guides/familyboard-appliance-maintenance-checklist-generator-tutorial/,
https://familyboard.win/zh-tw/guides/familyboard-appliance-manual-source-check-tutorial/,200,YES,NO,NO,https://familyboard.win/zh-tw/guides/familyboard-appliance-manual-source-check-tutorial/,200,NO,NO,YES,NO,YES,YES,https://familyboard.win/zh-tw/guides/familyboard-appliance-manual-source-check-tutorial/,
https://familyboard.win/zh-tw/guides/familyboard-appliance-manual-source-tutorial/,200,YES,NO,NO,https://familyboard.win/zh-tw/guides/familyboard-appliance-manual-source-tutorial/,200,NO,NO,YES,NO,YES,YES,https://familyboard.win/zh-tw/guides/familyboard-appliance-manual-source-tutorial/,
https://familyboard.win/zh-tw/guides/familyboard-appliance-purchase-installation-tutorial/,200,YES,NO,NO,https://familyboard.win/zh-tw/guides/familyboard-appliance-purchase-installation-tutorial/,200,NO,NO,YES,NO,YES,YES,https://familyboard.win/zh-tw/guides/familyboard-appliance-purchase-installation-tutorial/,
https://familyboard.win/zh-tw/guides/familyboard-appliance-repair-callback-tutorial/,200,YES,NO,NO,https://familyboard.win/zh-tw/guides/familyboard-appliance-repair-callback-tutorial/,200,NO,NO,YES,NO,YES,YES,https://familyboard.win/zh-tw/guides/familyboard-appliance-repair-callback-tutorial/,
https://familyboard.win/zh-tw/guides/familyboard-appliance-replacement-planner-tutorial/,200,YES,NO,NO,https://familyboard.win/zh-tw/guides/familyboard-appliance-replacement-planner-tutorial/,200,NO,NO,YES,NO,YES,YES,https://familyboard.win/zh-tw/guides/familyboard-appliance-replacement-planner-tutorial/,
https://familyboard.win/zh-tw/guides/familyboard-appliance-service-visit-tutorial/,200,YES,NO,NO,https://familyboard.win/zh-tw/guides/familyboard-appliance-service-visit-tutorial/,200,NO,NO,YES,NO,YES,YES,https://familyboard.win/zh-tw/guides/familyboard-appliance-service-visit-tutorial/,
https://familyboard.win/zh-tw/guides/familyboard-attachment-expiry-review-tutorial/,200,YES,NO,NO,https://familyboard.win/zh-tw/guides/familyboard-attachment-expiry-review-tutorial/,200,NO,NO,YES,NO,YES,YES,https://familyboard.win/zh-tw/guides/familyboard-attachment-expiry-review-tutorial/,
https://familyboard.win/zh-tw/guides/familyboard-attachment-metadata-tutorial/,200,YES,NO,NO,https://familyboard.win/zh-tw/guides/familyboard-attachment-metadata-tutorial/,200,NO,NO,YES,NO,YES,YES,https://familyboard.win/zh-tw/guides/familyboard-attachment-metadata-tutorial/,
https://familyboard.win/zh-tw/guides/familyboard-backup-recovery-checker-tutorial/,200,YES,NO,NO,https://familyboard.win/zh-tw/guides/familyboard-backup-recovery-checker-tutorial/,200,NO,NO,YES,NO,YES,YES,https://familyboard.win/zh-tw/guides/familyboard-backup-recovery-checker-tutorial/,
https://familyboard.win/zh-tw/guides/familyboard-backup-restore-rehearsal-tutorial/,200,YES,NO,NO,https://familyboard.win/zh-tw/guides/familyboard-backup-restore-rehearsal-tutorial/,200,NO,NO,YES,NO,YES,YES,https://familyboard.win/zh-tw/guides/familyboard-backup-restore-rehearsal-tutorial/,
https://familyboard.win/zh-tw/guides/familyboard-bill-review-tutorial/,200,YES,NO,NO,https://familyboard.win/zh-tw/guides/familyboard-bill-review-tutorial/,200,NO,NO,YES,NO,YES,YES,https://familyboard.win/zh-tw/guides/familyboard-bill-review-tutorial/,
https://familyboard.win/zh-tw/guides/familyboard-browser-storage-cleanup-tutorial/,200,YES,NO,NO,https://familyboard.win/zh-tw/guides/familyboard-browser-storage-cleanup-tutorial/,200,NO,NO,YES,NO,YES,YES,https://familyboard.win/zh-tw/guides/familyboard-browser-storage-cleanup-tutorial/,
https://familyboard.win/zh-tw/guides/familyboard-browser-storage-maintenance/,200,YES,NO,NO,https://familyboard.win/zh-tw/guides/familyboard-browser-storage-maintenance/,200,NO,NO,YES,NO,YES,YES,https://familyboard.win/zh-tw/guides/familyboard-browser-storage-maintenance/,
https://familyboard.win/zh-tw/guides/familyboard-building-notice-response-tutorial/,200,YES,NO,NO,https://familyboard.win/zh-tw/guides/familyboard-building-notice-response-tutorial/,200,NO,NO,YES,NO,YES,YES,https://familyboard.win/zh-tw/guides/familyboard-building-notice-response-tutorial/,
https://familyboard.win/zh-tw/guides/familyboard-calendar-timezone-tutorial/,200,YES,NO,NO,https://familyboard.win/zh-tw/guides/familyboard-calendar-timezone-tutorial/,200,NO,NO,YES,NO,YES,YES,https://familyboard.win/zh-tw/guides/familyboard-calendar-timezone-tutorial/,
https://familyboard.win/zh-tw/guides/familyboard-calendar-tutorial/,200,YES,NO,NO,https://familyboard.win/zh-tw/guides/familyboard-calendar-tutorial/,200,NO,NO,YES,NO,YES,YES,https://familyboard.win/zh-tw/guides/familyboard-calendar-tutorial/,
https://familyboard.win/zh-tw/guides/familyboard-caregiver-handoff-source-authorization-tutorial/,200,YES,NO,NO,https://familyboard.win/zh-tw/guides/familyboard-caregiver-handoff-source-authorization-tutorial/,200,NO,NO,YES,NO,YES,YES,https://familyboard.win/zh-tw/guides/familyboard-caregiver-handoff-source-authorization-tutorial/,
https://familyboard.win/zh-tw/guides/familyboard-cleaning-schedule-generator-tutorial/,200,YES,NO,NO,https://familyboard.win/zh-tw/guides/familyboard-cleaning-schedule-generator-tutorial/,200,NO,NO,YES,NO,YES,YES,https://familyboard.win/zh-tw/guides/familyboard-cleaning-schedule-generator-tutorial/,
https://familyboard.win/zh-tw/guides/familyboard-clothing-care-repair-log-tutorial/,200,YES,NO,NO,https://familyboard.win/zh-tw/guides/familyboard-clothing-care-repair-log-tutorial/,200,NO,NO,YES,NO,YES,YES,https://familyboard.win/zh-tw/guides/familyboard-clothing-care-repair-log-tutorial/,
https://familyboard.win/zh-tw/guides/familyboard-clothing-care-tutorial/,200,YES,NO,NO,https://familyboard.win/zh-tw/guides/familyboard-clothing-care-tutorial/,200,NO,NO,YES,NO,YES,YES,https://familyboard.win/zh-tw/guides/familyboard-clothing-care-tutorial/,
https://familyboard.win/zh-tw/guides/familyboard-consumable-change-history-tutorial/,200,YES,NO,NO,https://familyboard.win/zh-tw/guides/familyboard-consumable-change-history-tutorial/,200,NO,NO,YES,NO,YES,YES,https://familyboard.win/zh-tw/guides/familyboard-consumable-change-history-tutorial/,
https://familyboard.win/zh-tw/guides/familyboard-contact-sensitivity-tutorial/,200,YES,NO,NO,https://familyboard.win/zh-tw/guides/familyboard-contact-sensitivity-tutorial/,200,NO,NO,YES,NO,YES,YES,https://familyboard.win/zh-tw/guides/familyboard-contact-sensitivity-tutorial/,
https://familyboard.win/zh-tw/guides/familyboard-data-export-redaction-tutorial/,200,YES,NO,NO,https://familyboard.win/zh-tw/guides/familyboard-data-export-redaction-tutorial/,200,NO,NO,YES,NO,YES,YES,https://familyboard.win/zh-tw/guides/familyboard-data-export-redaction-tutorial/,
https://familyboard.win/zh-tw/guides/familyboard-date-offset-planner-tutorial/,200,YES,NO,NO,https://familyboard.win/zh-tw/guides/familyboard-date-offset-planner-tutorial/,200,NO,NO,YES,NO,YES,YES,https://familyboard.win/zh-tw/guides/familyboard-date-offset-planner-tutorial/,
https://familyboard.win/zh-tw/guides/familyboard-device-retirement-tutorial/,200,YES,NO,NO,https://familyboard.win/zh-tw/guides/familyboard-device-retirement-tutorial/,200,NO,NO,YES,NO,YES,YES,https://familyboard.win/zh-tw/guides/familyboard-device-retirement-tutorial/,
https://familyboard.win/zh-tw/guides/familyboard-document-renewal-tutorial/,200,YES,NO,NO,https://familyboard.win/zh-tw/guides/familyboard-document-renewal-tutorial/,200,NO,NO,YES,NO,YES,YES,https://familyboard.win/zh-tw/guides/familyboard-document-renewal-tutorial/,
https://familyboard.win/zh-tw/guides/familyboard-document-source-handoff-tutorial/,200,YES,NO,NO,https://familyboard.win/zh-tw/guides/familyboard-document-source-handoff-tutorial/,200,NO,NO,YES,NO,YES,YES,https://familyboard.win/zh-tw/guides/familyboard-document-source-handoff-tutorial/,
https://familyboard.win/zh-tw/guides/familyboard-documents-source-review-tutorial/,200,YES,NO,NO,https://familyboard.win/zh-tw/guides/familyboard-documents-source-review-tutorial/,200,NO,NO,YES,NO,YES,YES,https://familyboard.win/zh-tw/guides/familyboard-documents-source-review-tutorial/,
https://familyboard.win/zh-tw/guides/familyboard-donation-handoff-tutorial/,200,YES,NO,NO,https://familyboard.win/zh-tw/guides/familyboard-donation-handoff-tutorial/,200,NO,NO,YES,NO,YES,YES,https://familyboard.win/zh-tw/guides/familyboard-donation-handoff-tutorial/,
https://familyboard.win/zh-tw/guides/familyboard-emergency-binder-generator-tutorial/,200,YES,NO,NO,https://familyboard.win/zh-tw/guides/familyboard-emergency-binder-generator-tutorial/,200,NO,NO,YES,NO,YES,YES,https://familyboard.win/zh-tw/guides/familyboard-emergency-binder-generator-tutorial/,
https://familyboard.win/zh-tw/guides/familyboard-emergency-contact-sheet-generator-tutorial/,200,YES,NO,NO,https://familyboard.win/zh-tw/guides/familyboard-emergency-contact-sheet-generator-tutorial/,200,NO,NO,YES,NO,YES,YES,https://familyboard.win/zh-tw/guides/familyboard-emergency-contact-sheet-generator-tutorial/,
https://familyboard.win/zh-tw/guides/familyboard-emergency-contact-verification-tutorial/,200,YES,NO,NO,https://familyboard.win/zh-tw/guides/familyboard-emergency-contact-verification-tutorial/,200,NO,NO,YES,NO,YES,YES,https://familyboard.win/zh-tw/guides/familyboard-emergency-contact-verification-tutorial/,
https://familyboard.win/zh-tw/guides/familyboard-emergency-drill-tutorial/,200,YES,NO,NO,https://familyboard.win/zh-tw/guides/familyboard-emergency-drill-tutorial/,200,NO,NO,YES,NO,YES,YES,https://familyboard.win/zh-tw/guides/familyboard-emergency-drill-tutorial/,
https://familyboard.win/zh-tw/guides/familyboard-emergency-information-privacy-tutorial/,200,YES,NO,NO,https://familyboard.win/zh-tw/guides/familyboard-emergency-information-privacy-tutorial/,200,NO,NO,YES,NO,YES,YES,https://familyboard.win/zh-tw/guides/familyboard-emergency-information-privacy-tutorial/,
https://familyboard.win/zh-tw/guides/familyboard-emergency-supply-inventory-audit-tutorial/,200,YES,NO,NO,https://familyboard.win/zh-tw/guides/familyboard-emergency-supply-inventory-audit-tutorial/,200,NO,NO,YES,NO,YES,YES,https://familyboard.win/zh-tw/guides/familyboard-emergency-supply-inventory-audit-tutorial/,
https://familyboard.win/zh-tw/guides/familyboard-encrypted-backup-password-tutorial/,200,YES,NO,NO,https://familyboard.win/zh-tw/guides/familyboard-encrypted-backup-password-tutorial/,200,NO,NO,YES,NO,YES,YES,https://familyboard.win/zh-tw/guides/familyboard-encrypted-backup-password-tutorial/,
https://familyboard.win/zh-tw/guides/familyboard-event-duration-calculator-tutorial/,200,YES,NO,NO,https://familyboard.win/zh-tw/guides/familyboard-event-duration-calculator-tutorial/,200,NO,NO,YES,NO,YES,YES,https://familyboard.win/zh-tw/guides/familyboard-event-duration-calculator-tutorial/,
https://familyboard.win/zh-tw/guides/familyboard-event-source-index-tutorial/,200,YES,NO,NO,https://familyboard.win/zh-tw/guides/familyboard-event-source-index-tutorial/,200,NO,NO,YES,NO,YES,YES,https://familyboard.win/zh-tw/guides/familyboard-event-source-index-tutorial/,
https://familyboard.win/zh-tw/guides/familyboard-family-display-mode-setup/,200,YES,NO,NO,https://familyboard.win/zh-tw/guides/familyboard-family-display-mode-setup/,200,NO,NO,YES,NO,YES,YES,https://familyboard.win/zh-tw/guides/familyboard-family-display-mode-setup/,
https://familyboard.win/zh-tw/guides/familyboard-free-home-management-app-tutorial/,200,YES,NO,NO,https://familyboard.win/zh-tw/guides/familyboard-free-home-management-app-tutorial/,200,NO,NO,YES,NO,YES,YES,https://familyboard.win/zh-tw/guides/familyboard-free-home-management-app-tutorial/,
https://familyboard.win/zh-tw/guides/familyboard-guest-arrival-prep-tutorial/,200,YES,NO,NO,https://familyboard.win/zh-tw/guides/familyboard-guest-arrival-prep-tutorial/,200,NO,NO,YES,NO,YES,YES,https://familyboard.win/zh-tw/guides/familyboard-guest-arrival-prep-tutorial/,
https://familyboard.win/zh-tw/guides/familyboard-guest-service-visit-reset-tutorial/,200,YES,NO,NO,https://familyboard.win/zh-tw/guides/familyboard-guest-service-visit-reset-tutorial/,200,NO,NO,YES,NO,YES,YES,https://familyboard.win/zh-tw/guides/familyboard-guest-service-visit-reset-tutorial/,
https://familyboard.win/zh-tw/guides/familyboard-handoff-acceptance-tutorial/,200,YES,NO,NO,https://familyboard.win/zh-tw/guides/familyboard-handoff-acceptance-tutorial/,200,NO,NO,YES,NO,YES,YES,https://familyboard.win/zh-tw/guides/familyboard-handoff-acceptance-tutorial/,
https://familyboard.win/zh-tw/guides/familyboard-home-access-handoff-tutorial/,200,YES,NO,NO,https://familyboard.win/zh-tw/guides/familyboard-home-access-handoff-tutorial/,200,NO,NO,YES,NO,YES,YES,https://familyboard.win/zh-tw/guides/familyboard-home-access-handoff-tutorial/,
https://familyboard.win/zh-tw/guides/familyboard-home-accessibility-walkthrough-log-tutorial/,200,YES,NO,NO,https://familyboard.win/zh-tw/guides/familyboard-home-accessibility-walkthrough-log-tutorial/,200,NO,NO,YES,NO,YES,YES,https://familyboard.win/zh-tw/guides/familyboard-home-accessibility-walkthrough-log-tutorial/,
https://familyboard.win/zh-tw/guides/familyboard-home-care-billing-discrepancy-tutorial/,200,YES,NO,NO,https://familyboard.win/zh-tw/guides/familyboard-home-care-billing-discrepancy-tutorial/,200,NO,NO,YES,NO,YES,YES,https://familyboard.win/zh-tw/guides/familyboard-home-care-billing-discrepancy-tutorial/,
https://familyboard.win/zh-tw/guides/familyboard-home-care-complaint-response-resolution-tutorial/,200,YES,NO,NO,https://familyboard.win/zh-tw/guides/familyboard-home-care-complaint-response-resolution-tutorial/,200,NO,NO,YES,NO,YES,YES,https://familyboard.win/zh-tw/guides/familyboard-home-care-complaint-response-resolution-tutorial/,
https://familyboard.win/zh-tw/guides/familyboard-home-care-payment-refund-collection-notice-tutorial/,200,YES,NO,NO,https://familyboard.win/zh-tw/guides/familyboard-home-care-payment-refund-collection-notice-tutorial/,200,NO,NO,YES,NO,YES,YES,https://familyboard.win/zh-tw/guides/familyboard-home-care-payment-refund-collection-notice-tutorial/,
https://familyboard.win/zh-tw/guides/familyboard-home-care-service-interruption-backup-continuity-tutorial/,200,YES,NO,NO,https://familyboard.win/zh-tw/guides/familyboard-home-care-service-interruption-backup-continuity-tutorial/,200,NO,NO,YES,NO,YES,YES,https://familyboard.win/zh-tw/guides/familyboard-home-care-service-interruption-backup-continuity-tutorial/,
https://familyboard.win/zh-tw/guides/familyboard-home-care-service-plan-change-notice-tutorial/,200,YES,NO,NO,https://familyboard.win/zh-tw/guides/familyboard-home-care-service-plan-change-notice-tutorial/,200,NO,NO,YES,NO,YES,YES,https://familyboard.win/zh-tw/guides/familyboard-home-care-service-plan-change-notice-tutorial/,
https://familyboard.win/zh-tw/guides/familyboard-home-care-visit-scope-service-result-tutorial/,200,YES,NO,NO,https://familyboard.win/zh-tw/guides/familyboard-home-care-visit-scope-service-result-tutorial/,200,NO,NO,YES,NO,YES,YES,https://familyboard.win/zh-tw/guides/familyboard-home-care-visit-scope-service-result-tutorial/,
https://familyboard.win/zh-tw/guides/familyboard-home-closure-reopening-tutorial/,200,YES,NO,NO,https://familyboard.win/zh-tw/guides/familyboard-home-closure-reopening-tutorial/,200,NO,NO,YES,NO,YES,YES,https://familyboard.win/zh-tw/guides/familyboard-home-closure-reopening-tutorial/,
https://familyboard.win/zh-tw/guides/familyboard-home-dashboard-weekly-review-tutorial/,200,YES,NO,NO,https://familyboard.win/zh-tw/guides/familyboard-home-dashboard-weekly-review-tutorial/,200,NO,NO,YES,NO,YES,YES,https://familyboard.win/zh-tw/guides/familyboard-home-dashboard-weekly-review-tutorial/,
https://familyboard.win/zh-tw/guides/familyboard-home-emergency-drill-record-tutorial/,200,YES,NO,NO,https://familyboard.win/zh-tw/guides/familyboard-home-emergency-drill-record-tutorial/,200,NO,NO,YES,NO,YES,YES,https://familyboard.win/zh-tw/guides/familyboard-home-emergency-drill-record-tutorial/,
https://familyboard.win/zh-tw/guides/familyboard-home-handoff-summary-generator-tutorial/,200,YES,NO,NO,https://familyboard.win/zh-tw/guides/familyboard-home-handoff-summary-generator-tutorial/,200,NO,NO,YES,NO,YES,YES,https://familyboard.win/zh-tw/guides/familyboard-home-handoff-summary-generator-tutorial/,
https://familyboard.win/zh-tw/guides/familyboard-home-inventory-checklist-generator-tutorial/,200,YES,NO,NO,https://familyboard.win/zh-tw/guides/familyboard-home-inventory-checklist-generator-tutorial/,200,NO,NO,YES,NO,YES,YES,https://familyboard.win/zh-tw/guides/familyboard-home-inventory-checklist-generator-tutorial/,
https://familyboard.win/zh-tw/guides/familyboard-home-maintenance-cost-tracker-tutorial/,200,YES,NO,NO,https://familyboard.win/zh-tw/guides/familyboard-home-maintenance-cost-tracker-tutorial/,200,NO,NO,YES,NO,YES,YES,https://familyboard.win/zh-tw/guides/familyboard-home-maintenance-cost-tracker-tutorial/,
https://familyboard.win/zh-tw/guides/familyboard-home-maintenance-schedule-generator-tutorial/,200,YES,NO,NO,https://familyboard.win/zh-tw/guides/familyboard-home-maintenance-schedule-generator-tutorial/,200,NO,NO,YES,NO,YES,YES,https://familyboard.win/zh-tw/guides/familyboard-home-maintenance-schedule-generator-tutorial/,
https://familyboard.win/zh-tw/guides/familyboard-home-repair-change-order-tutorial/,200,YES,NO,NO,https://familyboard.win/zh-tw/guides/familyboard-home-repair-change-order-tutorial/,200,NO,NO,YES,NO,YES,YES,https://familyboard.win/zh-tw/guides/familyboard-home-repair-change-order-tutorial/,
https://familyboard.win/zh-tw/guides/familyboard-home-repair-closeout-checklist-tutorial/,200,YES,NO,NO,https://familyboard.win/zh-tw/guides/familyboard-home-repair-closeout-checklist-tutorial/,200,NO,NO,YES,NO,YES,YES,https://familyboard.win/zh-tw/guides/familyboard-home-repair-closeout-checklist-tutorial/,
https://familyboard.win/zh-tw/guides/familyboard-home-repair-cost-log-tutorial/,200,YES,NO,NO,https://familyboard.win/zh-tw/guides/familyboard-home-repair-cost-log-tutorial/,200,NO,NO,YES,NO,YES,YES,https://familyboard.win/zh-tw/guides/familyboard-home-repair-cost-log-tutorial/,
https://familyboard.win/zh-tw/guides/familyboard-home-service-provider-verification-tutorial/,200,YES,NO,NO,https://familyboard.win/zh-tw/guides/familyboard-home-service-provider-verification-tutorial/,200,NO,NO,YES,NO,YES,YES,https://familyboard.win/zh-tw/guides/familyboard-home-service-provider-verification-tutorial/,
https://familyboard.win/zh-tw/guides/familyboard-home-service-reminder-generator-tutorial/,200,YES,NO,NO,https://familyboard.win/zh-tw/guides/familyboard-home-service-reminder-generator-tutorial/,200,NO,NO,YES,NO,YES,YES,https://familyboard.win/zh-tw/guides/familyboard-home-service-reminder-generator-tutorial/,
https://familyboard.win/zh-tw/guides/familyboard-house-sitter-instruction-generator-tutorial/,200,YES,NO,NO,https://familyboard.win/zh-tw/guides/familyboard-house-sitter-instruction-generator-tutorial/,200,NO,NO,YES,NO,YES,YES,https://familyboard.win/zh-tw/guides/familyboard-house-sitter-instruction-generator-tutorial/,
https://familyboard.win/zh-tw/guides/familyboard-household-account-list-tutorial/,200,YES,NO,NO,https://familyboard.win/zh-tw/guides/familyboard-household-account-list-tutorial/,200,NO,NO,YES,NO,YES,YES,https://familyboard.win/zh-tw/guides/familyboard-household-account-list-tutorial/,
https://familyboard.win/zh-tw/guides/familyboard-household-admin-backup-tutorial/,200,YES,NO,NO,https://familyboard.win/zh-tw/guides/familyboard-household-admin-backup-tutorial/,200,NO,NO,YES,NO,YES,YES,https://familyboard.win/zh-tw/guides/familyboard-household-admin-backup-tutorial/,
https://familyboard.win/zh-tw/guides/familyboard-household-admin-escalation-tutorial/,200,YES,NO,NO,https://familyboard.win/zh-tw/guides/familyboard-household-admin-escalation-tutorial/,200,NO,NO,YES,NO,YES,YES,https://familyboard.win/zh-tw/guides/familyboard-household-admin-escalation-tutorial/,
https://familyboard.win/zh-tw/guides/familyboard-household-annual-review-generator-tutorial/,200,YES,NO,NO,https://familyboard.win/zh-tw/guides/familyboard-household-annual-review-generator-tutorial/,200,NO,NO,YES,NO,YES,YES,https://familyboard.win/zh-tw/guides/familyboard-household-annual-review-generator-tutorial/,
https://familyboard.win/zh-tw/guides/familyboard-household-availability-window-tutorial/,200,YES,NO,NO,https://familyboard.win/zh-tw/guides/familyboard-household-availability-window-tutorial/,200,NO,NO,YES,NO,YES,YES,https://familyboard.win/zh-tw/guides/familyboard-household-availability-window-tutorial/,
https://familyboard.win/zh-tw/guides/familyboard-household-backup-recovery-checker-tutorial/,200,YES,NO,NO,https://familyboard.win/zh-tw/guides/familyboard-household-backup-recovery-checker-tutorial/,200,NO,NO,YES,NO,YES,YES,https://familyboard.win/zh-tw/guides/familyboard-household-backup-recovery-checker-tutorial/,
https://familyboard.win/zh-tw/guides/familyboard-household-bill-source-status-tutorial/,200,YES,NO,NO,https://familyboard.win/zh-tw/guides/familyboard-household-bill-source-status-tutorial/,200,NO,NO,YES,NO,YES,YES,https://familyboard.win/zh-tw/guides/familyboard-household-bill-source-status-tutorial/,
https://familyboard.win/zh-tw/guides/familyboard-household-decision-log-tutorial/,200,YES,NO,NO,https://familyboard.win/zh-tw/guides/familyboard-household-decision-log-tutorial/,200,NO,NO,YES,NO,YES,YES,https://familyboard.win/zh-tw/guides/familyboard-household-decision-log-tutorial/,
https://familyboard.win/zh-tw/guides/familyboard-household-decision-register-tutorial/,200,YES,NO,NO,https://familyboard.win/zh-tw/guides/familyboard-household-decision-register-tutorial/,200,NO,NO,YES,NO,YES,YES,https://familyboard.win/zh-tw/guides/familyboard-household-decision-register-tutorial/,
https://familyboard.win/zh-tw/guides/familyboard-household-document-index-generator-tutorial/,200,YES,NO,NO,https://familyboard.win/zh-tw/guides/familyboard-household-document-index-generator-tutorial/,200,NO,NO,YES,NO,YES,YES,https://familyboard.win/zh-tw/guides/familyboard-household-document-index-generator-tutorial/,
https://familyboard.win/zh-tw/guides/familyboard-household-document-redaction-tutorial/,200,YES,NO,NO,https://familyboard.win/zh-tw/guides/familyboard-household-document-redaction-tutorial/,200,NO,NO,YES,NO,YES,YES,https://familyboard.win/zh-tw/guides/familyboard-household-document-redaction-tutorial/,
https://familyboard.win/zh-tw/guides/familyboard-household-export-scope-review-tutorial/,200,YES,NO,NO,https://familyboard.win/zh-tw/guides/familyboard-household-export-scope-review-tutorial/,200,NO,NO,YES,NO,YES,YES,https://familyboard.win/zh-tw/guides/familyboard-household-export-scope-review-tutorial/,
https://familyboard.win/zh-tw/guides/familyboard-household-handoff-tutorial/,200,YES,NO,NO,https://familyboard.win/zh-tw/guides/familyboard-household-handoff-tutorial/,200,NO,NO,YES,NO,YES,YES,https://familyboard.win/zh-tw/guides/familyboard-household-handoff-tutorial/,
https://familyboard.win/zh-tw/guides/familyboard-household-language-preference-handoff-tutorial/,200,YES,NO,NO,https://familyboard.win/zh-tw/guides/familyboard-household-language-preference-handoff-tutorial/,200,NO,NO,YES,NO,YES,YES,https://familyboard.win/zh-tw/guides/familyboard-household-language-preference-handoff-tutorial/,
https://familyboard.win/zh-tw/guides/familyboard-household-meeting-agenda-action-log-tutorial/,200,YES,NO,NO,https://familyboard.win/zh-tw/guides/familyboard-household-meeting-agenda-action-log-tutorial/,200,NO,NO,YES,NO,YES,YES,https://familyboard.win/zh-tw/guides/familyboard-household-meeting-agenda-action-log-tutorial/,
https://familyboard.win/zh-tw/guides/familyboard-household-meeting-tutorial/,200,YES,NO,NO,https://familyboard.win/zh-tw/guides/familyboard-household-meeting-tutorial/,200,NO,NO,YES,NO,YES,YES,https://familyboard.win/zh-tw/guides/familyboard-household-meeting-tutorial/,
https://familyboard.win/zh-tw/guides/familyboard-household-members-responsibilities-tutorial/,200,YES,NO,NO,https://familyboard.win/zh-tw/guides/familyboard-household-members-responsibilities-tutorial/,200,NO,NO,YES,NO,YES,YES,https://familyboard.win/zh-tw/guides/familyboard-household-members-responsibilities-tutorial/,
https://familyboard.win/zh-tw/guides/familyboard-household-notification-routing-tutorial/,200,YES,NO,NO,https://familyboard.win/zh-tw/guides/familyboard-household-notification-routing-tutorial/,200,NO,NO,YES,NO,YES,YES,https://familyboard.win/zh-tw/guides/familyboard-household-notification-routing-tutorial/,
https://familyboard.win/zh-tw/guides/familyboard-household-quiet-hours-tutorial/,200,YES,NO,NO,https://familyboard.win/zh-tw/guides/familyboard-household-quiet-hours-tutorial/,200,NO,NO,YES,NO,YES,YES,https://familyboard.win/zh-tw/guides/familyboard-household-quiet-hours-tutorial/,
https://familyboard.win/zh-tw/guides/familyboard-household-responsibility-coverage-map-tutorial/,200,YES,NO,NO,https://familyboard.win/zh-tw/guides/familyboard-household-responsibility-coverage-map-tutorial/,200,NO,NO,YES,NO,YES,YES,https://familyboard.win/zh-tw/guides/familyboard-household-responsibility-coverage-map-tutorial/,
https://familyboard.win/zh-tw/guides/familyboard-household-responsibility-coverage-tutorial/,200,YES,NO,NO,https://familyboard.win/zh-tw/guides/familyboard-household-responsibility-coverage-tutorial/,200,NO,NO,YES,NO,YES,YES,https://familyboard.win/zh-tw/guides/familyboard-household-responsibility-coverage-tutorial/,
https://familyboard.win/zh-tw/guides/familyboard-household-return-handoff-tutorial/,200,YES,NO,NO,https://familyboard.win/zh-tw/guides/familyboard-household-return-handoff-tutorial/,200,NO,NO,YES,NO,YES,YES,https://familyboard.win/zh-tw/guides/familyboard-household-return-handoff-tutorial/,
https://familyboard.win/zh-tw/guides/familyboard-household-role-change-audit-tutorial/,200,YES,NO,NO,https://familyboard.win/zh-tw/guides/familyboard-household-role-change-audit-tutorial/,200,NO,NO,YES,NO,YES,YES,https://familyboard.win/zh-tw/guides/familyboard-household-role-change-audit-tutorial/,
https://familyboard.win/zh-tw/guides/familyboard-household-shopping-list-planner-tutorial/,200,YES,NO,NO,https://familyboard.win/zh-tw/guides/familyboard-household-shopping-list-planner-tutorial/,200,NO,NO,YES,NO,YES,YES,https://familyboard.win/zh-tw/guides/familyboard-household-shopping-list-planner-tutorial/,
https://familyboard.win/zh-tw/guides/familyboard-household-subscription-cost-calculator-tutorial/,200,YES,NO,NO,https://familyboard.win/zh-tw/guides/familyboard-household-subscription-cost-calculator-tutorial/,200,NO,NO,YES,YES,YES,YES,https://familyboard.win/zh-tw/guides/familyboard-household-subscription-cost-calculator-tutorial/,
https://familyboard.win/zh-tw/guides/familyboard-household-task-dependency-map-tutorial/,200,YES,NO,NO,https://familyboard.win/zh-tw/guides/familyboard-household-task-dependency-map-tutorial/,200,NO,NO,YES,NO,YES,YES,https://familyboard.win/zh-tw/guides/familyboard-household-task-dependency-map-tutorial/,
https://familyboard.win/zh-tw/guides/familyboard-household-time-window-overlap-checker-tutorial/,200,YES,NO,NO,https://familyboard.win/zh-tw/guides/familyboard-household-time-window-overlap-checker-tutorial/,200,NO,NO,YES,NO,YES,YES,https://familyboard.win/zh-tw/guides/familyboard-household-time-window-overlap-checker-tutorial/,
https://familyboard.win/zh-tw/guides/familyboard-important-household-document-review-tutorial/,200,YES,NO,NO,https://familyboard.win/zh-tw/guides/familyboard-important-household-document-review-tutorial/,200,NO,NO,YES,NO,YES,YES,https://familyboard.win/zh-tw/guides/familyboard-important-household-document-review-tutorial/,
https://familyboard.win/zh-tw/guides/familyboard-insurance-claim-timeline-tutorial/,200,YES,NO,NO,https://familyboard.win/zh-tw/guides/familyboard-insurance-claim-timeline-tutorial/,200,NO,NO,YES,NO,YES,YES,https://familyboard.win/zh-tw/guides/familyboard-insurance-claim-timeline-tutorial/,
https://familyboard.win/zh-tw/guides/familyboard-insurance-policy-source-version-tutorial/,200,YES,NO,NO,https://familyboard.win/zh-tw/guides/familyboard-insurance-policy-source-version-tutorial/,200,NO,NO,YES,NO,YES,YES,https://familyboard.win/zh-tw/guides/familyboard-insurance-policy-source-version-tutorial/,
https://familyboard.win/zh-tw/guides/familyboard-internet-incident-tutorial/,200,YES,NO,NO,https://familyboard.win/zh-tw/guides/familyboard-internet-incident-tutorial/,200,NO,NO,YES,NO,YES,YES,https://familyboard.win/zh-tw/guides/familyboard-internet-incident-tutorial/,
https://familyboard.win/zh-tw/guides/familyboard-mail-package-handoff-log-tutorial/,200,YES,NO,NO,https://familyboard.win/zh-tw/guides/familyboard-mail-package-handoff-log-tutorial/,200,NO,NO,YES,NO,YES,YES,https://familyboard.win/zh-tw/guides/familyboard-mail-package-handoff-log-tutorial/,
https://familyboard.win/zh-tw/guides/familyboard-mail-package-handoff-tutorial/,200,YES,NO,NO,https://familyboard.win/zh-tw/guides/familyboard-mail-package-handoff-tutorial/,200,NO,NO,YES,NO,YES,YES,https://familyboard.win/zh-tw/guides/familyboard-mail-package-handoff-tutorial/,
https://familyboard.win/zh-tw/guides/familyboard-maintenance-delegation-map-tutorial/,200,YES,NO,NO,https://familyboard.win/zh-tw/guides/familyboard-maintenance-delegation-map-tutorial/,200,NO,NO,YES,NO,YES,YES,https://familyboard.win/zh-tw/guides/familyboard-maintenance-delegation-map-tutorial/,
https://familyboard.win/zh-tw/guides/familyboard-maintenance-event-cost-tutorial/,200,YES,NO,NO,https://familyboard.win/zh-tw/guides/familyboard-maintenance-event-cost-tutorial/,200,NO,NO,YES,NO,YES,YES,https://familyboard.win/zh-tw/guides/familyboard-maintenance-event-cost-tutorial/,
https://familyboard.win/zh-tw/guides/familyboard-maintenance-evidence-confidence-tutorial/,200,YES,NO,NO,https://familyboard.win/zh-tw/guides/familyboard-maintenance-evidence-confidence-tutorial/,200,NO,NO,YES,NO,YES,YES,https://familyboard.win/zh-tw/guides/familyboard-maintenance-evidence-confidence-tutorial/,
https://familyboard.win/zh-tw/guides/familyboard-maintenance-history-review/,200,YES,NO,NO,https://familyboard.win/zh-tw/guides/familyboard-maintenance-history-review/,200,NO,NO,YES,NO,YES,YES,https://familyboard.win/zh-tw/guides/familyboard-maintenance-history-review/,
https://familyboard.win/zh-tw/guides/familyboard-maintenance-priority-review-tutorial/,200,YES,NO,NO,https://familyboard.win/zh-tw/guides/familyboard-maintenance-priority-review-tutorial/,200,NO,NO,YES,NO,YES,YES,https://familyboard.win/zh-tw/guides/familyboard-maintenance-priority-review-tutorial/,
https://familyboard.win/zh-tw/guides/familyboard-maintenance-tracker-tutorial/,200,YES,NO,NO,https://familyboard.win/zh-tw/guides/familyboard-maintenance-tracker-tutorial/,200,NO,NO,YES,NO,YES,YES,https://familyboard.win/zh-tw/guides/familyboard-maintenance-tracker-tutorial/,
https://familyboard.win/zh-tw/guides/familyboard-master-csv-edit-import-tutorial/,200,YES,NO,NO,https://familyboard.win/zh-tw/guides/familyboard-master-csv-edit-import-tutorial/,200,NO,NO,YES,YES,YES,YES,https://familyboard.win/zh-tw/guides/familyboard-master-csv-edit-import-tutorial/,
https://familyboard.win/zh-tw/guides/familyboard-master-csv-edit-import/,200,YES,NO,NO,https://familyboard.win/zh-tw/guides/familyboard-master-csv-edit-import/,200,NO,NO,YES,YES,YES,YES,https://familyboard.win/zh-tw/guides/familyboard-master-csv-edit-import/,
https://familyboard.win/zh-tw/guides/familyboard-meal-prep-role-log-tutorial/,200,YES,NO,NO,https://familyboard.win/zh-tw/guides/familyboard-meal-prep-role-log-tutorial/,200,NO,NO,YES,NO,YES,YES,https://familyboard.win/zh-tw/guides/familyboard-meal-prep-role-log-tutorial/,
https://familyboard.win/zh-tw/guides/familyboard-meal-prep-tutorial/,200,YES,NO,NO,https://familyboard.win/zh-tw/guides/familyboard-meal-prep-tutorial/,200,NO,NO,YES,NO,YES,YES,https://familyboard.win/zh-tw/guides/familyboard-meal-prep-tutorial/,
https://familyboard.win/zh-tw/guides/familyboard-medical-information-source-handoff-tutorial/,200,YES,NO,NO,https://familyboard.win/zh-tw/guides/familyboard-medical-information-source-handoff-tutorial/,200,NO,NO,YES,NO,YES,YES,https://familyboard.win/zh-tw/guides/familyboard-medical-information-source-handoff-tutorial/,
https://familyboard.win/zh-tw/guides/familyboard-member-archive-tutorial/,200,YES,NO,NO,https://familyboard.win/zh-tw/guides/familyboard-member-archive-tutorial/,200,NO,NO,YES,NO,YES,YES,https://familyboard.win/zh-tw/guides/familyboard-member-archive-tutorial/,
https://familyboard.win/zh-tw/guides/familyboard-meter-reading-tutorial/,200,YES,NO,NO,https://familyboard.win/zh-tw/guides/familyboard-meter-reading-tutorial/,200,NO,NO,YES,NO,YES,YES,https://familyboard.win/zh-tw/guides/familyboard-meter-reading-tutorial/,
https://familyboard.win/zh-tw/guides/familyboard-monthly-review-action-tutorial/,200,YES,NO,NO,https://familyboard.win/zh-tw/guides/familyboard-monthly-review-action-tutorial/,200,NO,NO,YES,NO,YES,YES,https://familyboard.win/zh-tw/guides/familyboard-monthly-review-action-tutorial/,
https://familyboard.win/zh-tw/guides/familyboard-move-in-checklist-generator-tutorial/,200,YES,NO,NO,https://familyboard.win/zh-tw/guides/familyboard-move-in-checklist-generator-tutorial/,200,NO,NO,YES,NO,YES,YES,https://familyboard.win/zh-tw/guides/familyboard-move-in-checklist-generator-tutorial/,
https://familyboard.win/zh-tw/guides/familyboard-move-out-condition-report-generator-tutorial/,200,YES,NO,NO,https://familyboard.win/zh-tw/guides/familyboard-move-out-condition-report-generator-tutorial/,200,NO,NO,YES,NO,YES,YES,https://familyboard.win/zh-tw/guides/familyboard-move-out-condition-report-generator-tutorial/,
https://familyboard.win/zh-tw/guides/familyboard-move-out-condition-tutorial/,200,YES,NO,NO,https://familyboard.win/zh-tw/guides/familyboard-move-out-condition-tutorial/,200,NO,NO,YES,NO,YES,YES,https://familyboard.win/zh-tw/guides/familyboard-move-out-condition-tutorial/,
https://familyboard.win/zh-tw/guides/familyboard-moving-box-handover-log-tutorial/,200,YES,NO,NO,https://familyboard.win/zh-tw/guides/familyboard-moving-box-handover-log-tutorial/,200,NO,NO,YES,NO,YES,YES,https://familyboard.win/zh-tw/guides/familyboard-moving-box-handover-log-tutorial/,
https://familyboard.win/zh-tw/guides/familyboard-offline-backup-restore/,200,YES,NO,NO,https://familyboard.win/zh-tw/guides/familyboard-offline-backup-restore/,200,NO,NO,YES,NO,YES,YES,https://familyboard.win/zh-tw/guides/familyboard-offline-backup-restore/,
https://familyboard.win/zh-tw/guides/familyboard-old-tablet-display-tutorial/,200,YES,NO,NO,https://familyboard.win/zh-tw/guides/familyboard-old-tablet-display-tutorial/,200,NO,NO,YES,NO,YES,YES,https://familyboard.win/zh-tw/guides/familyboard-old-tablet-display-tutorial/,
https://familyboard.win/zh-tw/guides/familyboard-pantry-expiry-review-log-tutorial/,200,YES,NO,NO,https://familyboard.win/zh-tw/guides/familyboard-pantry-expiry-review-log-tutorial/,200,NO,NO,YES,NO,YES,YES,https://familyboard.win/zh-tw/guides/familyboard-pantry-expiry-review-log-tutorial/,
https://familyboard.win/zh-tw/guides/familyboard-pantry-review-tutorial/,200,YES,NO,NO,https://familyboard.win/zh-tw/guides/familyboard-pantry-review-tutorial/,200,NO,NO,YES,NO,YES,YES,https://familyboard.win/zh-tw/guides/familyboard-pantry-review-tutorial/,
https://familyboard.win/zh-tw/guides/familyboard-pet-record-source-handoff-tutorial/,200,YES,NO,NO,https://familyboard.win/zh-tw/guides/familyboard-pet-record-source-handoff-tutorial/,200,NO,NO,YES,NO,YES,YES,https://familyboard.win/zh-tw/guides/familyboard-pet-record-source-handoff-tutorial/,
https://familyboard.win/zh-tw/guides/familyboard-pet-sitter-instruction-generator-tutorial/,200,YES,NO,NO,https://familyboard.win/zh-tw/guides/familyboard-pet-sitter-instruction-generator-tutorial/,200,NO,NO,YES,NO,YES,YES,https://familyboard.win/zh-tw/guides/familyboard-pet-sitter-instruction-generator-tutorial/,
https://familyboard.win/zh-tw/guides/familyboard-photo-inventory-tutorial/,200,YES,NO,NO,https://familyboard.win/zh-tw/guides/familyboard-photo-inventory-tutorial/,200,NO,NO,YES,NO,YES,YES,https://familyboard.win/zh-tw/guides/familyboard-photo-inventory-tutorial/,
https://familyboard.win/zh-tw/guides/familyboard-plant-care-handoff-log-tutorial/,200,YES,NO,NO,https://familyboard.win/zh-tw/guides/familyboard-plant-care-handoff-log-tutorial/,200,NO,NO,YES,NO,YES,YES,https://familyboard.win/zh-tw/guides/familyboard-plant-care-handoff-log-tutorial/,
https://familyboard.win/zh-tw/guides/familyboard-plant-care-handoff-tutorial/,200,YES,NO,NO,https://familyboard.win/zh-tw/guides/familyboard-plant-care-handoff-tutorial/,200,NO,NO,YES,NO,YES,YES,https://familyboard.win/zh-tw/guides/familyboard-plant-care-handoff-tutorial/,
https://familyboard.win/zh-tw/guides/familyboard-power-outage-event-log-tutorial/,200,YES,NO,NO,https://familyboard.win/zh-tw/guides/familyboard-power-outage-event-log-tutorial/,200,NO,NO,YES,NO,YES,YES,https://familyboard.win/zh-tw/guides/familyboard-power-outage-event-log-tutorial/,
https://familyboard.win/zh-tw/guides/familyboard-printout-download-retention-tutorial/,200,YES,NO,NO,https://familyboard.win/zh-tw/guides/familyboard-printout-download-retention-tutorial/,200,NO,NO,YES,NO,YES,YES,https://familyboard.win/zh-tw/guides/familyboard-printout-download-retention-tutorial/,
https://familyboard.win/zh-tw/guides/familyboard-privacy-review-handoff-tutorial/,200,YES,NO,NO,https://familyboard.win/zh-tw/guides/familyboard-privacy-review-handoff-tutorial/,200,NO,NO,YES,NO,YES,YES,https://familyboard.win/zh-tw/guides/familyboard-privacy-review-handoff-tutorial/,
https://familyboard.win/zh-tw/guides/familyboard-private-family-organizer-tutorial/,200,YES,NO,NO,https://familyboard.win/zh-tw/guides/familyboard-private-family-organizer-tutorial/,200,NO,NO,YES,NO,YES,YES,https://familyboard.win/zh-tw/guides/familyboard-private-family-organizer-tutorial/,
https://familyboard.win/zh-tw/guides/familyboard-product-recall-action-log-tutorial/,200,YES,NO,NO,https://familyboard.win/zh-tw/guides/familyboard-product-recall-action-log-tutorial/,200,NO,NO,YES,NO,YES,YES,https://familyboard.win/zh-tw/guides/familyboard-product-recall-action-log-tutorial/,
https://familyboard.win/zh-tw/guides/familyboard-product-recall-action-tutorial/,200,YES,NO,NO,https://familyboard.win/zh-tw/guides/familyboard-product-recall-action-tutorial/,200,NO,NO,YES,NO,YES,YES,https://familyboard.win/zh-tw/guides/familyboard-product-recall-action-tutorial/,
https://familyboard.win/zh-tw/guides/familyboard-purchase-comparison-tutorial/,200,YES,NO,NO,https://familyboard.win/zh-tw/guides/familyboard-purchase-comparison-tutorial/,200,NO,NO,YES,NO,YES,YES,https://familyboard.win/zh-tw/guides/familyboard-purchase-comparison-tutorial/,
https://familyboard.win/zh-tw/guides/familyboard-purchase-delivery-evidence-tutorial/,200,YES,NO,NO,https://familyboard.win/zh-tw/guides/familyboard-purchase-delivery-evidence-tutorial/,200,NO,NO,YES,NO,YES,YES,https://familyboard.win/zh-tw/guides/familyboard-purchase-delivery-evidence-tutorial/,
https://familyboard.win/zh-tw/guides/familyboard-pwa-update-tutorial/,200,YES,NO,NO,https://familyboard.win/zh-tw/guides/familyboard-pwa-update-tutorial/,200,NO,NO,YES,NO,YES,YES,https://familyboard.win/zh-tw/guides/familyboard-pwa-update-tutorial/,
https://familyboard.win/zh-tw/guides/familyboard-receipt-retention-organizer-tutorial/,200,YES,NO,NO,https://familyboard.win/zh-tw/guides/familyboard-receipt-retention-organizer-tutorial/,200,NO,NO,YES,NO,YES,YES,https://familyboard.win/zh-tw/guides/familyboard-receipt-retention-organizer-tutorial/,
https://familyboard.win/zh-tw/guides/familyboard-receipt-source-verification-tutorial/,200,YES,NO,NO,https://familyboard.win/zh-tw/guides/familyboard-receipt-source-verification-tutorial/,200,NO,NO,YES,NO,YES,YES,https://familyboard.win/zh-tw/guides/familyboard-receipt-source-verification-tutorial/,
https://familyboard.win/zh-tw/guides/familyboard-record-linking-tutorial/,200,YES,NO,NO,https://familyboard.win/zh-tw/guides/familyboard-record-linking-tutorial/,200,NO,NO,YES,NO,YES,YES,https://familyboard.win/zh-tw/guides/familyboard-record-linking-tutorial/,
https://familyboard.win/zh-tw/guides/familyboard-record-retention-decision-log-tutorial/,200,YES,NO,NO,https://familyboard.win/zh-tw/guides/familyboard-record-retention-decision-log-tutorial/,200,NO,NO,YES,NO,YES,YES,https://familyboard.win/zh-tw/guides/familyboard-record-retention-decision-log-tutorial/,
https://familyboard.win/zh-tw/guides/familyboard-record-retention-decision-tutorial/,200,YES,NO,NO,https://familyboard.win/zh-tw/guides/familyboard-record-retention-decision-tutorial/,200,NO,NO,YES,NO,YES,YES,https://familyboard.win/zh-tw/guides/familyboard-record-retention-decision-tutorial/,
https://familyboard.win/zh-tw/guides/familyboard-record-retrieval-drill-tutorial/,200,YES,NO,NO,https://familyboard.win/zh-tw/guides/familyboard-record-retrieval-drill-tutorial/,200,NO,NO,YES,NO,YES,YES,https://familyboard.win/zh-tw/guides/familyboard-record-retrieval-drill-tutorial/,
https://familyboard.win/zh-tw/guides/familyboard-record-retrieval-practice-tutorial/,200,YES,NO,NO,https://familyboard.win/zh-tw/guides/familyboard-record-retrieval-practice-tutorial/,200,NO,NO,YES,NO,YES,YES,https://familyboard.win/zh-tw/guides/familyboard-record-retrieval-practice-tutorial/,
https://familyboard.win/zh-tw/guides/familyboard-recurring-chore-planner-tutorial/,200,YES,NO,NO,https://familyboard.win/zh-tw/guides/familyboard-recurring-chore-planner-tutorial/,200,NO,NO,YES,NO,YES,YES,https://familyboard.win/zh-tw/guides/familyboard-recurring-chore-planner-tutorial/,
https://familyboard.win/zh-tw/guides/familyboard-recycling-handoff-tutorial/,200,YES,NO,NO,https://familyboard.win/zh-tw/guides/familyboard-recycling-handoff-tutorial/,200,NO,NO,YES,NO,YES,YES,https://familyboard.win/zh-tw/guides/familyboard-recycling-handoff-tutorial/,
https://familyboard.win/zh-tw/guides/familyboard-rental-home-maintenance-handoff-tutorial/,200,YES,NO,NO,https://familyboard.win/zh-tw/guides/familyboard-rental-home-maintenance-handoff-tutorial/,200,NO,NO,YES,NO,YES,YES,https://familyboard.win/zh-tw/guides/familyboard-rental-home-maintenance-handoff-tutorial/,
https://familyboard.win/zh-tw/guides/familyboard-rental-repair-request-tutorial/,200,YES,NO,NO,https://familyboard.win/zh-tw/guides/familyboard-rental-repair-request-tutorial/,200,NO,NO,YES,NO,YES,YES,https://familyboard.win/zh-tw/guides/familyboard-rental-repair-request-tutorial/,
https://familyboard.win/zh-tw/guides/familyboard-rental-security-deposit-move-out-tutorial/,200,YES,NO,NO,https://familyboard.win/zh-tw/guides/familyboard-rental-security-deposit-move-out-tutorial/,200,NO,NO,YES,NO,YES,YES,https://familyboard.win/zh-tw/guides/familyboard-rental-security-deposit-move-out-tutorial/,
https://familyboard.win/zh-tw/guides/familyboard-repair-change-order-tutorial/,200,YES,NO,NO,https://familyboard.win/zh-tw/guides/familyboard-repair-change-order-tutorial/,200,NO,NO,YES,NO,YES,YES,https://familyboard.win/zh-tw/guides/familyboard-repair-change-order-tutorial/,
https://familyboard.win/zh-tw/guides/familyboard-repair-evidence-timeline-tutorial/,200,YES,NO,NO,https://familyboard.win/zh-tw/guides/familyboard-repair-evidence-timeline-tutorial/,200,NO,NO,YES,NO,YES,YES,https://familyboard.win/zh-tw/guides/familyboard-repair-evidence-timeline-tutorial/,
https://familyboard.win/zh-tw/guides/familyboard-repair-punch-list-review-tutorial/,200,YES,NO,NO,https://familyboard.win/zh-tw/guides/familyboard-repair-punch-list-review-tutorial/,200,NO,NO,YES,NO,YES,YES,https://familyboard.win/zh-tw/guides/familyboard-repair-punch-list-review-tutorial/,
https://familyboard.win/zh-tw/guides/familyboard-repair-punch-list-tutorial/,200,YES,NO,NO,https://familyboard.win/zh-tw/guides/familyboard-repair-punch-list-tutorial/,200,NO,NO,YES,NO,YES,YES,https://familyboard.win/zh-tw/guides/familyboard-repair-punch-list-tutorial/,
https://familyboard.win/zh-tw/guides/familyboard-replacement-part-source-check-log-tutorial/,200,YES,NO,NO,https://familyboard.win/zh-tw/guides/familyboard-replacement-part-source-check-log-tutorial/,200,NO,NO,YES,NO,YES,YES,https://familyboard.win/zh-tw/guides/familyboard-replacement-part-source-check-log-tutorial/,
https://familyboard.win/zh-tw/guides/familyboard-replacement-part-source-check-tutorial/,200,YES,NO,NO,https://familyboard.win/zh-tw/guides/familyboard-replacement-part-source-check-tutorial/,200,NO,NO,YES,NO,YES,YES,https://familyboard.win/zh-tw/guides/familyboard-replacement-part-source-check-tutorial/,
https://familyboard.win/zh-tw/guides/familyboard-reset-local-household-tutorial/,200,YES,NO,NO,https://familyboard.win/zh-tw/guides/familyboard-reset-local-household-tutorial/,200,NO,NO,YES,NO,YES,YES,https://familyboard.win/zh-tw/guides/familyboard-reset-local-household-tutorial/,
https://familyboard.win/zh-tw/guides/familyboard-restore-merge-replace-tutorial/,200,YES,NO,NO,https://familyboard.win/zh-tw/guides/familyboard-restore-merge-replace-tutorial/,200,NO,NO,YES,NO,YES,YES,https://familyboard.win/zh-tw/guides/familyboard-restore-merge-replace-tutorial/,
https://familyboard.win/zh-tw/guides/familyboard-room-inventory-generator-tutorial/,200,YES,NO,NO,https://familyboard.win/zh-tw/guides/familyboard-room-inventory-generator-tutorial/,200,NO,NO,YES,NO,YES,YES,https://familyboard.win/zh-tw/guides/familyboard-room-inventory-generator-tutorial/,
https://familyboard.win/zh-tw/guides/familyboard-router-support-review-tutorial/,200,YES,NO,NO,https://familyboard.win/zh-tw/guides/familyboard-router-support-review-tutorial/,200,NO,NO,YES,YES,YES,YES,https://familyboard.win/zh-tw/guides/familyboard-router-support-review-tutorial/,
https://familyboard.win/zh-tw/guides/familyboard-schedule-conflict-review-tutorial/,200,YES,NO,NO,https://familyboard.win/zh-tw/guides/familyboard-schedule-conflict-review-tutorial/,200,NO,NO,YES,NO,YES,YES,https://familyboard.win/zh-tw/guides/familyboard-schedule-conflict-review-tutorial/,
https://familyboard.win/zh-tw/guides/familyboard-school-activity-handoff-tutorial/,200,YES,NO,NO,https://familyboard.win/zh-tw/guides/familyboard-school-activity-handoff-tutorial/,200,NO,NO,YES,NO,YES,YES,https://familyboard.win/zh-tw/guides/familyboard-school-activity-handoff-tutorial/,
https://familyboard.win/zh-tw/guides/familyboard-school-closure-continuity-tutorial/,200,YES,NO,NO,https://familyboard.win/zh-tw/guides/familyboard-school-closure-continuity-tutorial/,200,NO,NO,YES,NO,YES,YES,https://familyboard.win/zh-tw/guides/familyboard-school-closure-continuity-tutorial/,
https://familyboard.win/zh-tw/guides/familyboard-school-pickup-handoff-tutorial/,200,YES,NO,NO,https://familyboard.win/zh-tw/guides/familyboard-school-pickup-handoff-tutorial/,200,NO,NO,YES,NO,YES,YES,https://familyboard.win/zh-tw/guides/familyboard-school-pickup-handoff-tutorial/,
https://familyboard.win/zh-tw/guides/familyboard-school-record-source-handoff-tutorial/,200,YES,NO,NO,https://familyboard.win/zh-tw/guides/familyboard-school-record-source-handoff-tutorial/,200,NO,NO,YES,NO,YES,YES,https://familyboard.win/zh-tw/guides/familyboard-school-record-source-handoff-tutorial/,
https://familyboard.win/zh-tw/guides/familyboard-seasonal-reset-tutorial/,200,YES,NO,NO,https://familyboard.win/zh-tw/guides/familyboard-seasonal-reset-tutorial/,200,NO,NO,YES,NO,YES,YES,https://familyboard.win/zh-tw/guides/familyboard-seasonal-reset-tutorial/,
https://familyboard.win/zh-tw/guides/familyboard-service-appointment-handoff-tutorial/,200,YES,NO,NO,https://familyboard.win/zh-tw/guides/familyboard-service-appointment-handoff-tutorial/,200,NO,NO,YES,NO,YES,YES,https://familyboard.win/zh-tw/guides/familyboard-service-appointment-handoff-tutorial/,
https://familyboard.win/zh-tw/guides/familyboard-service-provider-verification-tutorial/,200,YES,NO,NO,https://familyboard.win/zh-tw/guides/familyboard-service-provider-verification-tutorial/,200,NO,NO,YES,NO,YES,YES,https://familyboard.win/zh-tw/guides/familyboard-service-provider-verification-tutorial/,
https://familyboard.win/zh-tw/guides/familyboard-service-quote-comparison-tutorial/,200,YES,NO,NO,https://familyboard.win/zh-tw/guides/familyboard-service-quote-comparison-tutorial/,200,NO,NO,YES,NO,YES,YES,https://familyboard.win/zh-tw/guides/familyboard-service-quote-comparison-tutorial/,
https://familyboard.win/zh-tw/guides/familyboard-share-access-tutorial/,200,YES,NO,NO,https://familyboard.win/zh-tw/guides/familyboard-share-access-tutorial/,200,NO,NO,YES,NO,YES,YES,https://familyboard.win/zh-tw/guides/familyboard-share-access-tutorial/,
https://familyboard.win/zh-tw/guides/familyboard-shared-device-privacy-review-tutorial/,200,YES,NO,NO,https://familyboard.win/zh-tw/guides/familyboard-shared-device-privacy-review-tutorial/,200,NO,NO,YES,NO,YES,YES,https://familyboard.win/zh-tw/guides/familyboard-shared-device-privacy-review-tutorial/,
https://familyboard.win/zh-tw/guides/familyboard-shared-display-privacy-tutorial/,200,YES,NO,NO,https://familyboard.win/zh-tw/guides/familyboard-shared-display-privacy-tutorial/,200,NO,NO,YES,NO,YES,YES,https://familyboard.win/zh-tw/guides/familyboard-shared-display-privacy-tutorial/,
https://familyboard.win/zh-tw/guides/familyboard-shopping-list-planner-tutorial/,200,YES,NO,NO,https://familyboard.win/zh-tw/guides/familyboard-shopping-list-planner-tutorial/,200,NO,NO,YES,NO,YES,YES,https://familyboard.win/zh-tw/guides/familyboard-shopping-list-planner-tutorial/,
https://familyboard.win/zh-tw/guides/familyboard-storage-health-warning-tutorial/,200,YES,NO,NO,https://familyboard.win/zh-tw/guides/familyboard-storage-health-warning-tutorial/,200,NO,NO,YES,NO,YES,YES,https://familyboard.win/zh-tw/guides/familyboard-storage-health-warning-tutorial/,
https://familyboard.win/zh-tw/guides/familyboard-storage-open-error-tutorial/,200,YES,NO,NO,https://familyboard.win/zh-tw/guides/familyboard-storage-open-error-tutorial/,200,NO,NO,YES,NO,YES,YES,https://familyboard.win/zh-tw/guides/familyboard-storage-open-error-tutorial/,
https://familyboard.win/zh-tw/guides/familyboard-storage-unit-access-inventory-log-tutorial/,200,YES,NO,NO,https://familyboard.win/zh-tw/guides/familyboard-storage-unit-access-inventory-log-tutorial/,200,NO,NO,YES,NO,YES,YES,https://familyboard.win/zh-tw/guides/familyboard-storage-unit-access-inventory-log-tutorial/,
https://familyboard.win/zh-tw/guides/familyboard-storm-readiness-review-tutorial/,200,YES,NO,NO,https://familyboard.win/zh-tw/guides/familyboard-storm-readiness-review-tutorial/,200,NO,NO,YES,NO,YES,YES,https://familyboard.win/zh-tw/guides/familyboard-storm-readiness-review-tutorial/,
https://familyboard.win/zh-tw/guides/familyboard-subscription-cancellation-handoff-tutorial/,200,YES,NO,NO,https://familyboard.win/zh-tw/guides/familyboard-subscription-cancellation-handoff-tutorial/,200,NO,NO,YES,NO,YES,YES,https://familyboard.win/zh-tw/guides/familyboard-subscription-cancellation-handoff-tutorial/,
https://familyboard.win/zh-tw/guides/familyboard-subscription-cancellation-result-review-tutorial/,200,YES,NO,NO,https://familyboard.win/zh-tw/guides/familyboard-subscription-cancellation-result-review-tutorial/,200,NO,NO,YES,NO,YES,YES,https://familyboard.win/zh-tw/guides/familyboard-subscription-cancellation-result-review-tutorial/,
https://familyboard.win/zh-tw/guides/familyboard-subscription-renewal-review/,200,YES,NO,NO,https://familyboard.win/zh-tw/guides/familyboard-subscription-renewal-review/,200,NO,NO,YES,NO,YES,YES,https://familyboard.win/zh-tw/guides/familyboard-subscription-renewal-review/,
https://familyboard.win/zh-tw/guides/familyboard-task-completion-tutorial/,200,YES,NO,NO,https://familyboard.win/zh-tw/guides/familyboard-task-completion-tutorial/,200,NO,NO,YES,NO,YES,YES,https://familyboard.win/zh-tw/guides/familyboard-task-completion-tutorial/,
https://familyboard.win/zh-tw/guides/familyboard-task-load-calculator-tutorial/,200,YES,NO,NO,https://familyboard.win/zh-tw/guides/familyboard-task-load-calculator-tutorial/,200,NO,NO,YES,NO,YES,YES,https://familyboard.win/zh-tw/guides/familyboard-task-load-calculator-tutorial/,
https://familyboard.win/zh-tw/guides/familyboard-time-window-overlap-checker-tutorial/,200,YES,NO,NO,https://familyboard.win/zh-tw/guides/familyboard-time-window-overlap-checker-tutorial/,200,NO,NO,YES,NO,YES,YES,https://familyboard.win/zh-tw/guides/familyboard-time-window-overlap-checker-tutorial/,
https://familyboard.win/zh-tw/guides/familyboard-trip-handoff-tutorial/,200,YES,NO,NO,https://familyboard.win/zh-tw/guides/familyboard-trip-handoff-tutorial/,200,NO,NO,YES,NO,YES,YES,https://familyboard.win/zh-tw/guides/familyboard-trip-handoff-tutorial/,
https://familyboard.win/zh-tw/guides/familyboard-trip-packing-handoff-log-tutorial/,200,YES,NO,NO,https://familyboard.win/zh-tw/guides/familyboard-trip-packing-handoff-log-tutorial/,200,NO,NO,YES,NO,YES,YES,https://familyboard.win/zh-tw/guides/familyboard-trip-packing-handoff-log-tutorial/,
https://familyboard.win/zh-tw/guides/familyboard-utility-bill-anomaly-log-tutorial/,200,YES,NO,NO,https://familyboard.win/zh-tw/guides/familyboard-utility-bill-anomaly-log-tutorial/,200,NO,NO,YES,NO,YES,YES,https://familyboard.win/zh-tw/guides/familyboard-utility-bill-anomaly-log-tutorial/,
https://familyboard.win/zh-tw/guides/familyboard-utility-bill-difference-tutorial/,200,YES,NO,NO,https://familyboard.win/zh-tw/guides/familyboard-utility-bill-difference-tutorial/,200,NO,NO,YES,NO,YES,YES,https://familyboard.win/zh-tw/guides/familyboard-utility-bill-difference-tutorial/,
https://familyboard.win/zh-tw/guides/familyboard-utility-provider-handoff-tutorial/,200,YES,NO,NO,https://familyboard.win/zh-tw/guides/familyboard-utility-provider-handoff-tutorial/,200,NO,NO,YES,NO,YES,YES,https://familyboard.win/zh-tw/guides/familyboard-utility-provider-handoff-tutorial/,
https://familyboard.win/zh-tw/guides/familyboard-vacation-shutdown-checklist-generator-tutorial/,200,YES,NO,NO,https://familyboard.win/zh-tw/guides/familyboard-vacation-shutdown-checklist-generator-tutorial/,200,NO,NO,YES,NO,YES,YES,https://familyboard.win/zh-tw/guides/familyboard-vacation-shutdown-checklist-generator-tutorial/,
https://familyboard.win/zh-tw/guides/familyboard-vehicle-document-source-status-tutorial/,200,YES,NO,NO,https://familyboard.win/zh-tw/guides/familyboard-vehicle-document-source-status-tutorial/,200,NO,NO,YES,NO,YES,YES,https://familyboard.win/zh-tw/guides/familyboard-vehicle-document-source-status-tutorial/,
https://familyboard.win/zh-tw/guides/familyboard-vendor-onboarding-tutorial/,200,YES,NO,NO,https://familyboard.win/zh-tw/guides/familyboard-vendor-onboarding-tutorial/,200,NO,NO,YES,NO,YES,YES,https://familyboard.win/zh-tw/guides/familyboard-vendor-onboarding-tutorial/,
https://familyboard.win/zh-tw/guides/familyboard-warranty-checklist-generator-tutorial/,200,YES,NO,NO,https://familyboard.win/zh-tw/guides/familyboard-warranty-checklist-generator-tutorial/,200,NO,NO,YES,NO,YES,YES,https://familyboard.win/zh-tw/guides/familyboard-warranty-checklist-generator-tutorial/,
https://familyboard.win/zh-tw/guides/familyboard-warranty-claim-evidence-log-tutorial/,200,YES,NO,NO,https://familyboard.win/zh-tw/guides/familyboard-warranty-claim-evidence-log-tutorial/,200,NO,NO,YES,NO,YES,YES,https://familyboard.win/zh-tw/guides/familyboard-warranty-claim-evidence-log-tutorial/,
https://familyboard.win/zh-tw/guides/familyboard-warranty-expiration-calculator-tutorial/,200,YES,NO,NO,https://familyboard.win/zh-tw/guides/familyboard-warranty-expiration-calculator-tutorial/,200,NO,NO,YES,NO,YES,YES,https://familyboard.win/zh-tw/guides/familyboard-warranty-expiration-calculator-tutorial/,
https://familyboard.win/zh-tw/guides/familyboard-warranty-tracker-tutorial/,200,YES,NO,NO,https://familyboard.win/zh-tw/guides/familyboard-warranty-tracker-tutorial/,200,NO,NO,YES,NO,YES,YES,https://familyboard.win/zh-tw/guides/familyboard-warranty-tracker-tutorial/,
https://familyboard.win/zh-tw/guides/familyboard-water-leak-event-log-tutorial/,200,YES,NO,NO,https://familyboard.win/zh-tw/guides/familyboard-water-leak-event-log-tutorial/,200,NO,NO,YES,NO,YES,YES,https://familyboard.win/zh-tw/guides/familyboard-water-leak-event-log-tutorial/,
https://familyboard.win/zh-tw/guides/familyboard-weekly-household-decision-review-tutorial/,200,YES,NO,NO,https://familyboard.win/zh-tw/guides/familyboard-weekly-household-decision-review-tutorial/,200,NO,NO,YES,NO,YES,YES,https://familyboard.win/zh-tw/guides/familyboard-weekly-household-decision-review-tutorial/,
https://familyboard.win/zh-tw/guides/familyboard-weekly-reset-action-tutorial/,200,YES,NO,NO,https://familyboard.win/zh-tw/guides/familyboard-weekly-reset-action-tutorial/,200,NO,NO,YES,NO,YES,YES,https://familyboard.win/zh-tw/guides/familyboard-weekly-reset-action-tutorial/,
https://familyboard.win/zh-tw/guides/fire-extinguisher-records/,200,YES,NO,NO,https://familyboard.win/zh-tw/guides/fire-extinguisher-records/,200,NO,NO,YES,NO,YES,YES,https://familyboard.win/zh-tw/guides/fire-extinguisher-records/,
https://familyboard.win/zh-tw/guides/first-time-homeowner-maintenance-guide/,200,YES,NO,NO,https://familyboard.win/zh-tw/guides/first-time-homeowner-maintenance-guide/,200,NO,NO,YES,NO,YES,YES,https://familyboard.win/zh-tw/guides/first-time-homeowner-maintenance-guide/,
https://familyboard.win/zh-tw/guides/freezer-maintenance-checklist/,200,YES,NO,NO,https://familyboard.win/zh-tw/guides/freezer-maintenance-checklist/,200,NO,NO,YES,NO,YES,YES,https://familyboard.win/zh-tw/guides/freezer-maintenance-checklist/,
https://familyboard.win/zh-tw/guides/furnace-maintenance-records/,200,YES,NO,NO,https://familyboard.win/zh-tw/guides/furnace-maintenance-records/,200,NO,NO,YES,NO,YES,YES,https://familyboard.win/zh-tw/guides/furnace-maintenance-records/,
https://familyboard.win/zh-tw/guides/furniture-inventory/,200,YES,NO,NO,https://familyboard.win/zh-tw/guides/furniture-inventory/,200,NO,NO,YES,NO,YES,YES,https://familyboard.win/zh-tw/guides/furniture-inventory/,
https://familyboard.win/zh-tw/guides/garbage-disposal-maintenance-guide/,200,YES,NO,NO,https://familyboard.win/zh-tw/guides/garbage-disposal-maintenance-guide/,200,NO,NO,YES,NO,YES,YES,https://familyboard.win/zh-tw/guides/garbage-disposal-maintenance-guide/,
https://familyboard.win/zh-tw/guides/guest-preparation-checklist/,200,YES,NO,NO,https://familyboard.win/zh-tw/guides/guest-preparation-checklist/,200,NO,NO,YES,NO,YES,YES,https://familyboard.win/zh-tw/guides/guest-preparation-checklist/,
https://familyboard.win/zh-tw/guides/heat-pump-maintenance-records/,200,YES,NO,NO,https://familyboard.win/zh-tw/guides/heat-pump-maintenance-records/,200,NO,NO,YES,NO,YES,YES,https://familyboard.win/zh-tw/guides/heat-pump-maintenance-records/,
https://familyboard.win/zh-tw/guides/home-care-refund-and-collection-notices/,200,YES,NO,NO,https://familyboard.win/zh-tw/guides/home-care-refund-and-collection-notices/,200,NO,NO,YES,NO,YES,YES,https://familyboard.win/zh-tw/guides/home-care-refund-and-collection-notices/,
https://familyboard.win/zh-tw/guides/home-care-service-complaint-resolution/,200,YES,NO,NO,https://familyboard.win/zh-tw/guides/home-care-service-complaint-resolution/,200,NO,NO,YES,YES,YES,YES,https://familyboard.win/zh-tw/guides/home-care-service-complaint-resolution/,
https://familyboard.win/zh-tw/guides/home-care-service-fees-and-billing/,200,YES,NO,NO,https://familyboard.win/zh-tw/guides/home-care-service-fees-and-billing/,200,NO,NO,YES,NO,YES,YES,https://familyboard.win/zh-tw/guides/home-care-service-fees-and-billing/,
https://familyboard.win/zh-tw/guides/home-care-service-interruption-backup-plan/,200,YES,NO,NO,https://familyboard.win/zh-tw/guides/home-care-service-interruption-backup-plan/,200,NO,NO,YES,NO,YES,YES,https://familyboard.win/zh-tw/guides/home-care-service-interruption-backup-plan/,
https://familyboard.win/zh-tw/guides/home-care-service-plan-changes/,200,YES,NO,NO,https://familyboard.win/zh-tw/guides/home-care-service-plan-changes/,200,NO,NO,YES,NO,YES,YES,https://familyboard.win/zh-tw/guides/home-care-service-plan-changes/,
https://familyboard.win/zh-tw/guides/home-care-service-visit-records/,200,YES,NO,NO,https://familyboard.win/zh-tw/guides/home-care-service-visit-records/,200,NO,NO,YES,NO,YES,YES,https://familyboard.win/zh-tw/guides/home-care-service-visit-records/,
https://familyboard.win/zh-tw/guides/home-contact-list/,200,YES,NO,NO,https://familyboard.win/zh-tw/guides/home-contact-list/,200,NO,NO,YES,NO,YES,YES,https://familyboard.win/zh-tw/guides/home-contact-list/,
https://familyboard.win/zh-tw/guides/home-evacuation-information/,200,YES,NO,NO,https://familyboard.win/zh-tw/guides/home-evacuation-information/,200,NO,NO,YES,NO,YES,YES,https://familyboard.win/zh-tw/guides/home-evacuation-information/,
https://familyboard.win/zh-tw/guides/home-improvement-receipts/,200,YES,NO,NO,https://familyboard.win/zh-tw/guides/home-improvement-receipts/,200,NO,NO,YES,NO,YES,YES,https://familyboard.win/zh-tw/guides/home-improvement-receipts/,
https://familyboard.win/zh-tw/guides/home-inventory-checklist/,200,YES,NO,NO,https://familyboard.win/zh-tw/guides/home-inventory-checklist/,200,NO,NO,YES,NO,YES,YES,https://familyboard.win/zh-tw/guides/home-inventory-checklist/,
https://familyboard.win/zh-tw/guides/home-inventory-for-insurance/,200,YES,NO,NO,https://familyboard.win/zh-tw/guides/home-inventory-for-insurance/,200,NO,NO,YES,NO,YES,YES,https://familyboard.win/zh-tw/guides/home-inventory-for-insurance/,
https://familyboard.win/zh-tw/guides/home-maintenance-after-vacation/,200,YES,NO,NO,https://familyboard.win/zh-tw/guides/home-maintenance-after-vacation/,200,NO,NO,YES,NO,YES,YES,https://familyboard.win/zh-tw/guides/home-maintenance-after-vacation/,
https://familyboard.win/zh-tw/guides/home-maintenance-binder/,200,YES,NO,NO,https://familyboard.win/zh-tw/guides/home-maintenance-binder/,200,NO,NO,YES,NO,YES,YES,https://familyboard.win/zh-tw/guides/home-maintenance-binder/,
https://familyboard.win/zh-tw/guides/home-maintenance-budget/,200,YES,NO,NO,https://familyboard.win/zh-tw/guides/home-maintenance-budget/,200,NO,NO,YES,NO,YES,YES,https://familyboard.win/zh-tw/guides/home-maintenance-budget/,
https://familyboard.win/zh-tw/guides/home-maintenance-calendar/,200,YES,NO,NO,https://familyboard.win/zh-tw/guides/home-maintenance-calendar/,200,NO,NO,YES,NO,YES,YES,https://familyboard.win/zh-tw/guides/home-maintenance-calendar/,
https://familyboard.win/zh-tw/guides/home-maintenance-delegation/,200,YES,NO,NO,https://familyboard.win/zh-tw/guides/home-maintenance-delegation/,200,NO,NO,YES,NO,YES,YES,https://familyboard.win/zh-tw/guides/home-maintenance-delegation/,
https://familyboard.win/zh-tw/guides/home-maintenance-log/,200,YES,NO,NO,https://familyboard.win/zh-tw/guides/home-maintenance-log/,200,NO,NO,YES,YES,YES,YES,https://familyboard.win/zh-tw/guides/home-maintenance-log/,
https://familyboard.win/zh-tw/guides/home-maintenance-records/,200,YES,NO,NO,https://familyboard.win/zh-tw/guides/home-maintenance-records/,200,NO,NO,YES,NO,YES,YES,https://familyboard.win/zh-tw/guides/home-maintenance-records/,
https://familyboard.win/zh-tw/guides/home-maintenance-reminders/,200,YES,NO,NO,https://familyboard.win/zh-tw/guides/home-maintenance-reminders/,200,NO,NO,YES,NO,YES,YES,https://familyboard.win/zh-tw/guides/home-maintenance-reminders/,
https://familyboard.win/zh-tw/guides/home-maintenance-schedule/,200,YES,NO,NO,https://familyboard.win/zh-tw/guides/home-maintenance-schedule/,200,NO,NO,YES,NO,YES,YES,https://familyboard.win/zh-tw/guides/home-maintenance-schedule/,
https://familyboard.win/zh-tw/guides/home-purchase-records/,200,YES,NO,NO,https://familyboard.win/zh-tw/guides/home-purchase-records/,200,NO,NO,YES,NO,YES,YES,https://familyboard.win/zh-tw/guides/home-purchase-records/,
https://familyboard.win/zh-tw/guides/home-repair-history/,200,YES,NO,NO,https://familyboard.win/zh-tw/guides/home-repair-history/,200,NO,NO,YES,NO,YES,YES,https://familyboard.win/zh-tw/guides/home-repair-history/,
https://familyboard.win/zh-tw/guides/home-service-provider-list/,200,YES,NO,NO,https://familyboard.win/zh-tw/guides/home-service-provider-list/,200,NO,NO,YES,NO,YES,YES,https://familyboard.win/zh-tw/guides/home-service-provider-list/,
https://familyboard.win/zh-tw/guides/house-sitter-information/,200,YES,NO,NO,https://familyboard.win/zh-tw/guides/house-sitter-information/,200,NO,NO,YES,NO,YES,YES,https://familyboard.win/zh-tw/guides/house-sitter-information/,
https://familyboard.win/zh-tw/guides/household-account-list/,200,YES,NO,NO,https://familyboard.win/zh-tw/guides/household-account-list/,200,NO,NO,YES,NO,YES,YES,https://familyboard.win/zh-tw/guides/household-account-list/,
https://familyboard.win/zh-tw/guides/household-admin-backup-person/,200,YES,NO,NO,https://familyboard.win/zh-tw/guides/household-admin-backup-person/,200,NO,NO,YES,NO,YES,YES,https://familyboard.win/zh-tw/guides/household-admin-backup-person/,
https://familyboard.win/zh-tw/guides/household-admin-day/,200,YES,NO,NO,https://familyboard.win/zh-tw/guides/household-admin-day/,200,NO,NO,YES,NO,YES,YES,https://familyboard.win/zh-tw/guides/household-admin-day/,
https://familyboard.win/zh-tw/guides/household-documents-organizer/,200,YES,NO,NO,https://familyboard.win/zh-tw/guides/household-documents-organizer/,200,NO,NO,YES,YES,YES,YES,https://familyboard.win/zh-tw/guides/household-documents-organizer/,
https://familyboard.win/zh-tw/guides/household-event-source-check-taiwan/,200,YES,NO,NO,https://familyboard.win/zh-tw/guides/household-event-source-check-taiwan/,200,NO,NO,YES,NO,YES,YES,https://familyboard.win/zh-tw/guides/household-event-source-check-taiwan/,
https://familyboard.win/zh-tw/guides/household-handoff/,200,YES,NO,NO,https://familyboard.win/zh-tw/guides/household-handoff/,200,NO,NO,YES,NO,YES,YES,https://familyboard.win/zh-tw/guides/household-handoff/,
https://familyboard.win/zh-tw/guides/household-management-checklist/,200,YES,NO,NO,https://familyboard.win/zh-tw/guides/household-management-checklist/,200,NO,NO,YES,NO,YES,YES,https://familyboard.win/zh-tw/guides/household-management-checklist/,
https://familyboard.win/zh-tw/guides/household-medical-information-organization/,200,YES,NO,NO,https://familyboard.win/zh-tw/guides/household-medical-information-organization/,200,NO,NO,YES,NO,YES,YES,https://familyboard.win/zh-tw/guides/household-medical-information-organization/,
https://familyboard.win/zh-tw/guides/household-monthly-review/,200,YES,NO,NO,https://familyboard.win/zh-tw/guides/household-monthly-review/,200,NO,NO,YES,NO,YES,YES,https://familyboard.win/zh-tw/guides/household-monthly-review/,
https://familyboard.win/zh-tw/guides/household-replacement-reserve/,200,YES,NO,NO,https://familyboard.win/zh-tw/guides/household-replacement-reserve/,200,NO,NO,YES,NO,YES,YES,https://familyboard.win/zh-tw/guides/household-replacement-reserve/,
https://familyboard.win/zh-tw/guides/household-shopping-staples/,200,YES,NO,NO,https://familyboard.win/zh-tw/guides/household-shopping-staples/,200,NO,NO,YES,NO,YES,YES,https://familyboard.win/zh-tw/guides/household-shopping-staples/,
https://familyboard.win/zh-tw/guides/household-supplies-inventory/,200,YES,NO,NO,https://familyboard.win/zh-tw/guides/household-supplies-inventory/,200,NO,NO,YES,NO,YES,YES,https://familyboard.win/zh-tw/guides/household-supplies-inventory/,
https://familyboard.win/zh-tw/guides/household-weekly-reset/,200,YES,NO,NO,https://familyboard.win/zh-tw/guides/household-weekly-reset/,200,NO,NO,YES,NO,YES,YES,https://familyboard.win/zh-tw/guides/household-weekly-reset/,
https://familyboard.win/zh-tw/guides/how-long-to-keep-household-records/,200,YES,NO,NO,https://familyboard.win/zh-tw/guides/how-long-to-keep-household-records/,200,NO,NO,YES,NO,YES,YES,https://familyboard.win/zh-tw/guides/how-long-to-keep-household-records/,
https://familyboard.win/zh-tw/guides/how-to-track-product-warranties/,200,YES,NO,NO,https://familyboard.win/zh-tw/guides/how-to-track-product-warranties/,200,NO,NO,YES,NO,YES,YES,https://familyboard.win/zh-tw/guides/how-to-track-product-warranties/,
https://familyboard.win/zh-tw/guides/humidifier-maintenance-guide/,200,YES,NO,NO,https://familyboard.win/zh-tw/guides/humidifier-maintenance-guide/,200,NO,NO,YES,NO,YES,YES,https://familyboard.win/zh-tw/guides/humidifier-maintenance-guide/,
https://familyboard.win/zh-tw/guides/hvac-filter-tracker/,200,YES,NO,NO,https://familyboard.win/zh-tw/guides/hvac-filter-tracker/,200,NO,NO,YES,NO,YES,YES,https://familyboard.win/zh-tw/guides/hvac-filter-tracker/,
https://familyboard.win/zh-tw/guides/important-household-documents/,200,YES,NO,NO,https://familyboard.win/zh-tw/guides/important-household-documents/,200,NO,NO,YES,NO,YES,YES,https://familyboard.win/zh-tw/guides/important-household-documents/,
https://familyboard.win/zh-tw/guides/maintenance-priorities/,200,YES,NO,NO,https://familyboard.win/zh-tw/guides/maintenance-priorities/,200,NO,NO,YES,NO,YES,YES,https://familyboard.win/zh-tw/guides/maintenance-priorities/,
https://familyboard.win/zh-tw/guides/microwave-maintenance-checklist/,200,YES,NO,NO,https://familyboard.win/zh-tw/guides/microwave-maintenance-checklist/,200,NO,NO,YES,NO,YES,YES,https://familyboard.win/zh-tw/guides/microwave-maintenance-checklist/,
https://familyboard.win/zh-tw/guides/monthly-home-maintenance-checklist/,200,YES,NO,NO,https://familyboard.win/zh-tw/guides/monthly-home-maintenance-checklist/,200,NO,NO,YES,NO,YES,YES,https://familyboard.win/zh-tw/guides/monthly-home-maintenance-checklist/,
https://familyboard.win/zh-tw/guides/move-in-maintenance-checklist/,200,YES,NO,NO,https://familyboard.win/zh-tw/guides/move-in-maintenance-checklist/,200,NO,NO,YES,NO,YES,YES,https://familyboard.win/zh-tw/guides/move-in-maintenance-checklist/,
https://familyboard.win/zh-tw/guides/move-out-home-records/,200,YES,NO,NO,https://familyboard.win/zh-tw/guides/move-out-home-records/,200,NO,NO,YES,NO,YES,YES,https://familyboard.win/zh-tw/guides/move-out-home-records/,
https://familyboard.win/zh-tw/guides/moving-house-organizer/,200,YES,NO,NO,https://familyboard.win/zh-tw/guides/moving-house-organizer/,200,NO,NO,YES,NO,YES,YES,https://familyboard.win/zh-tw/guides/moving-house-organizer/,
https://familyboard.win/zh-tw/guides/moving-inventory/,200,YES,NO,NO,https://familyboard.win/zh-tw/guides/moving-inventory/,200,NO,NO,YES,NO,YES,YES,https://familyboard.win/zh-tw/guides/moving-inventory/,
https://familyboard.win/zh-tw/guides/new-home-setup-checklist/,200,YES,NO,NO,https://familyboard.win/zh-tw/guides/new-home-setup-checklist/,200,NO,NO,YES,NO,YES,YES,https://familyboard.win/zh-tw/guides/new-home-setup-checklist/,
https://familyboard.win/zh-tw/guides/organize-appliance-manuals/,200,YES,NO,NO,https://familyboard.win/zh-tw/guides/organize-appliance-manuals/,200,NO,NO,YES,NO,YES,YES,https://familyboard.win/zh-tw/guides/organize-appliance-manuals/,
https://familyboard.win/zh-tw/guides/organize-household-subscriptions/,200,YES,NO,NO,https://familyboard.win/zh-tw/guides/organize-household-subscriptions/,200,NO,NO,YES,YES,YES,YES,https://familyboard.win/zh-tw/guides/organize-household-subscriptions/,
https://familyboard.win/zh-tw/guides/organize-insurance-documents/,200,YES,NO,NO,https://familyboard.win/zh-tw/guides/organize-insurance-documents/,200,NO,NO,YES,NO,YES,YES,https://familyboard.win/zh-tw/guides/organize-insurance-documents/,
https://familyboard.win/zh-tw/guides/organize-pet-records/,200,YES,NO,NO,https://familyboard.win/zh-tw/guides/organize-pet-records/,200,NO,NO,YES,NO,YES,YES,https://familyboard.win/zh-tw/guides/organize-pet-records/,
https://familyboard.win/zh-tw/guides/organize-school-records-at-home/,200,YES,NO,NO,https://familyboard.win/zh-tw/guides/organize-school-records-at-home/,200,NO,NO,YES,NO,YES,YES,https://familyboard.win/zh-tw/guides/organize-school-records-at-home/,
https://familyboard.win/zh-tw/guides/organize-utility-account-information/,200,YES,NO,NO,https://familyboard.win/zh-tw/guides/organize-utility-account-information/,200,NO,NO,YES,NO,YES,YES,https://familyboard.win/zh-tw/guides/organize-utility-account-information/,
https://familyboard.win/zh-tw/guides/organize-vehicle-documents-at-home/,200,YES,NO,NO,https://familyboard.win/zh-tw/guides/organize-vehicle-documents-at-home/,200,NO,NO,YES,NO,YES,YES,https://familyboard.win/zh-tw/guides/organize-vehicle-documents-at-home/,
https://familyboard.win/zh-tw/guides/oven-maintenance-checklist/,200,YES,NO,NO,https://familyboard.win/zh-tw/guides/oven-maintenance-checklist/,200,NO,NO,YES,NO,YES,YES,https://familyboard.win/zh-tw/guides/oven-maintenance-checklist/,
https://familyboard.win/zh-tw/guides/pantry-restock-system/,200,YES,NO,NO,https://familyboard.win/zh-tw/guides/pantry-restock-system/,200,NO,NO,YES,NO,YES,YES,https://familyboard.win/zh-tw/guides/pantry-restock-system/,
https://familyboard.win/zh-tw/guides/pet-sitter-information/,200,YES,NO,NO,https://familyboard.win/zh-tw/guides/pet-sitter-information/,200,NO,NO,YES,NO,YES,YES,https://familyboard.win/zh-tw/guides/pet-sitter-information/,
https://familyboard.win/zh-tw/guides/photo-home-inventory/,200,YES,NO,NO,https://familyboard.win/zh-tw/guides/photo-home-inventory/,200,NO,NO,YES,NO,YES,YES,https://familyboard.win/zh-tw/guides/photo-home-inventory/,
https://familyboard.win/zh-tw/guides/power-outage-home-preparedness/,200,YES,NO,NO,https://familyboard.win/zh-tw/guides/power-outage-home-preparedness/,200,NO,NO,YES,NO,YES,YES,https://familyboard.win/zh-tw/guides/power-outage-home-preparedness/,
https://familyboard.win/zh-tw/guides/power-outage-recovery-household-records/,200,YES,NO,NO,https://familyboard.win/zh-tw/guides/power-outage-recovery-household-records/,200,NO,NO,YES,NO,YES,YES,https://familyboard.win/zh-tw/guides/power-outage-recovery-household-records/,
https://familyboard.win/zh-tw/guides/preventive-home-maintenance/,200,YES,NO,NO,https://familyboard.win/zh-tw/guides/preventive-home-maintenance/,200,NO,NO,YES,NO,YES,YES,https://familyboard.win/zh-tw/guides/preventive-home-maintenance/,
https://familyboard.win/zh-tw/guides/product-registration-tracker/,200,YES,NO,NO,https://familyboard.win/zh-tw/guides/product-registration-tracker/,200,NO,NO,YES,NO,YES,YES,https://familyboard.win/zh-tw/guides/product-registration-tracker/,
https://familyboard.win/zh-tw/guides/purchase-receipt-organizer/,200,YES,NO,NO,https://familyboard.win/zh-tw/guides/purchase-receipt-organizer/,200,NO,NO,YES,NO,YES,YES,https://familyboard.win/zh-tw/guides/purchase-receipt-organizer/,
https://familyboard.win/zh-tw/guides/quarterly-home-maintenance-checklist/,200,YES,NO,NO,https://familyboard.win/zh-tw/guides/quarterly-home-maintenance-checklist/,200,NO,NO,YES,NO,YES,YES,https://familyboard.win/zh-tw/guides/quarterly-home-maintenance-checklist/,
https://familyboard.win/zh-tw/guides/range-hood-maintenance-checklist/,200,YES,NO,NO,https://familyboard.win/zh-tw/guides/range-hood-maintenance-checklist/,200,NO,NO,YES,NO,YES,YES,https://familyboard.win/zh-tw/guides/range-hood-maintenance-checklist/,
https://familyboard.win/zh-tw/guides/recurring-bills-tracker/,200,YES,NO,NO,https://familyboard.win/zh-tw/guides/recurring-bills-tracker/,200,NO,NO,YES,NO,YES,YES,https://familyboard.win/zh-tw/guides/recurring-bills-tracker/,
https://familyboard.win/zh-tw/guides/recurring-household-tasks/,200,YES,NO,NO,https://familyboard.win/zh-tw/guides/recurring-household-tasks/,200,NO,NO,YES,NO,YES,YES,https://familyboard.win/zh-tw/guides/recurring-household-tasks/,
https://familyboard.win/zh-tw/guides/refrigerator-maintenance-checklist/,200,YES,NO,NO,https://familyboard.win/zh-tw/guides/refrigerator-maintenance-checklist/,200,NO,NO,YES,NO,YES,YES,https://familyboard.win/zh-tw/guides/refrigerator-maintenance-checklist/,
https://familyboard.win/zh-tw/guides/renovation-records/,200,YES,NO,NO,https://familyboard.win/zh-tw/guides/renovation-records/,200,NO,NO,YES,NO,YES,YES,https://familyboard.win/zh-tw/guides/renovation-records/,
https://familyboard.win/zh-tw/guides/rental-home-maintenance-log/,200,YES,NO,NO,https://familyboard.win/zh-tw/guides/rental-home-maintenance-log/,200,NO,NO,YES,NO,YES,YES,https://familyboard.win/zh-tw/guides/rental-home-maintenance-log/,
https://familyboard.win/zh-tw/guides/rental-security-deposit-move-out-claims/,200,YES,NO,NO,https://familyboard.win/zh-tw/guides/rental-security-deposit-move-out-claims/,200,NO,NO,YES,NO,YES,YES,https://familyboard.win/zh-tw/guides/rental-security-deposit-move-out-claims/,
https://familyboard.win/zh-tw/guides/repair-history/,200,YES,NO,NO,https://familyboard.win/zh-tw/guides/repair-history/,200,NO,NO,YES,NO,YES,YES,https://familyboard.win/zh-tw/guides/repair-history/,
https://familyboard.win/zh-tw/guides/returning-home-after-travel-checklist/,200,YES,NO,NO,https://familyboard.win/zh-tw/guides/returning-home-after-travel-checklist/,200,NO,NO,YES,NO,YES,YES,https://familyboard.win/zh-tw/guides/returning-home-after-travel-checklist/,
https://familyboard.win/zh-tw/guides/robot-vacuum-maintenance-guide/,200,YES,NO,NO,https://familyboard.win/zh-tw/guides/robot-vacuum-maintenance-guide/,200,NO,NO,YES,NO,YES,YES,https://familyboard.win/zh-tw/guides/robot-vacuum-maintenance-guide/,
https://familyboard.win/zh-tw/guides/room-by-room-home-inventory/,200,YES,NO,NO,https://familyboard.win/zh-tw/guides/room-by-room-home-inventory/,200,NO,NO,YES,NO,YES,YES,https://familyboard.win/zh-tw/guides/room-by-room-home-inventory/,
https://familyboard.win/zh-tw/guides/seasonal-home-maintenance-checklist/,200,YES,NO,NO,https://familyboard.win/zh-tw/guides/seasonal-home-maintenance-checklist/,200,NO,NO,YES,NO,YES,YES,https://familyboard.win/zh-tw/guides/seasonal-home-maintenance-checklist/,
https://familyboard.win/zh-tw/guides/serial-number-tracker/,200,YES,NO,NO,https://familyboard.win/zh-tw/guides/serial-number-tracker/,200,NO,NO,YES,NO,YES,YES,https://familyboard.win/zh-tw/guides/serial-number-tracker/,
https://familyboard.win/zh-tw/guides/service-history/,200,YES,NO,NO,https://familyboard.win/zh-tw/guides/service-history/,200,NO,NO,YES,NO,YES,YES,https://familyboard.win/zh-tw/guides/service-history/,
https://familyboard.win/zh-tw/guides/service-provider-contact-list/,200,YES,NO,NO,https://familyboard.win/zh-tw/guides/service-provider-contact-list/,200,NO,NO,YES,NO,YES,YES,https://familyboard.win/zh-tw/guides/service-provider-contact-list/,
https://familyboard.win/zh-tw/guides/smoke-alarm-records/,200,YES,NO,NO,https://familyboard.win/zh-tw/guides/smoke-alarm-records/,200,NO,NO,YES,NO,YES,YES,https://familyboard.win/zh-tw/guides/smoke-alarm-records/,
https://familyboard.win/zh-tw/guides/solar-panel-maintenance-records/,200,YES,NO,NO,https://familyboard.win/zh-tw/guides/solar-panel-maintenance-records/,200,NO,NO,YES,NO,YES,YES,https://familyboard.win/zh-tw/guides/solar-panel-maintenance-records/,
https://familyboard.win/zh-tw/guides/spring-home-maintenance-checklist/,200,YES,NO,NO,https://familyboard.win/zh-tw/guides/spring-home-maintenance-checklist/,200,NO,NO,YES,NO,YES,YES,https://familyboard.win/zh-tw/guides/spring-home-maintenance-checklist/,
https://familyboard.win/zh-tw/guides/storage-unit-inventory/,200,YES,NO,NO,https://familyboard.win/zh-tw/guides/storage-unit-inventory/,200,NO,NO,YES,NO,YES,YES,https://familyboard.win/zh-tw/guides/storage-unit-inventory/,
https://familyboard.win/zh-tw/guides/storm-preparation-home-checklist/,200,YES,NO,NO,https://familyboard.win/zh-tw/guides/storm-preparation-home-checklist/,200,NO,NO,YES,NO,YES,YES,https://familyboard.win/zh-tw/guides/storm-preparation-home-checklist/,
https://familyboard.win/zh-tw/guides/subscription-cancellation-refund-records/,200,YES,NO,NO,https://familyboard.win/zh-tw/guides/subscription-cancellation-refund-records/,200,NO,NO,YES,NO,YES,YES,https://familyboard.win/zh-tw/guides/subscription-cancellation-refund-records/,
https://familyboard.win/zh-tw/guides/subscription-renewal-tracker/,200,YES,NO,NO,https://familyboard.win/zh-tw/guides/subscription-renewal-tracker/,200,NO,NO,YES,NO,YES,YES,https://familyboard.win/zh-tw/guides/subscription-renewal-tracker/,
https://familyboard.win/zh-tw/guides/summer-home-maintenance-checklist/,200,YES,NO,NO,https://familyboard.win/zh-tw/guides/summer-home-maintenance-checklist/,200,NO,NO,YES,NO,YES,YES,https://familyboard.win/zh-tw/guides/summer-home-maintenance-checklist/,
https://familyboard.win/zh-tw/guides/travel-household-handoff/,200,YES,NO,NO,https://familyboard.win/zh-tw/guides/travel-household-handoff/,200,NO,NO,YES,NO,YES,YES,https://familyboard.win/zh-tw/guides/travel-household-handoff/,
https://familyboard.win/zh-tw/guides/ups-battery-backup-records/,200,YES,NO,NO,https://familyboard.win/zh-tw/guides/ups-battery-backup-records/,200,NO,NO,YES,NO,YES,YES,https://familyboard.win/zh-tw/guides/ups-battery-backup-records/,
https://familyboard.win/zh-tw/guides/utility-shutoff-information/,200,YES,NO,NO,https://familyboard.win/zh-tw/guides/utility-shutoff-information/,200,NO,NO,YES,NO,YES,YES,https://familyboard.win/zh-tw/guides/utility-shutoff-information/,
https://familyboard.win/zh-tw/guides/vacation-home-shutdown-checklist/,200,YES,NO,NO,https://familyboard.win/zh-tw/guides/vacation-home-shutdown-checklist/,200,NO,NO,YES,NO,YES,YES,https://familyboard.win/zh-tw/guides/vacation-home-shutdown-checklist/,
https://familyboard.win/zh-tw/guides/vacuum-cleaner-maintenance-guide/,200,YES,NO,NO,https://familyboard.win/zh-tw/guides/vacuum-cleaner-maintenance-guide/,200,NO,NO,YES,NO,YES,YES,https://familyboard.win/zh-tw/guides/vacuum-cleaner-maintenance-guide/,
https://familyboard.win/zh-tw/guides/valuable-item-inventory/,200,YES,NO,NO,https://familyboard.win/zh-tw/guides/valuable-item-inventory/,200,NO,NO,YES,NO,YES,YES,https://familyboard.win/zh-tw/guides/valuable-item-inventory/,
https://familyboard.win/zh-tw/guides/warranty-expiration/,200,YES,NO,NO,https://familyboard.win/zh-tw/guides/warranty-expiration/,200,NO,NO,YES,NO,YES,YES,https://familyboard.win/zh-tw/guides/warranty-expiration/,
https://familyboard.win/zh-tw/guides/washing-machine-maintenance-checklist/,200,YES,NO,NO,https://familyboard.win/zh-tw/guides/washing-machine-maintenance-checklist/,200,NO,NO,YES,NO,YES,YES,https://familyboard.win/zh-tw/guides/washing-machine-maintenance-checklist/,
https://familyboard.win/zh-tw/guides/water-filter-replacement-guide/,200,YES,NO,NO,https://familyboard.win/zh-tw/guides/water-filter-replacement-guide/,200,NO,NO,YES,NO,YES,YES,https://familyboard.win/zh-tw/guides/water-filter-replacement-guide/,
https://familyboard.win/zh-tw/guides/water-heater-maintenance-records/,200,YES,NO,NO,https://familyboard.win/zh-tw/guides/water-heater-maintenance-records/,200,NO,NO,YES,NO,YES,YES,https://familyboard.win/zh-tw/guides/water-heater-maintenance-records/,
https://familyboard.win/zh-tw/guides/water-leak-photo-evidence-records/,200,YES,NO,NO,https://familyboard.win/zh-tw/guides/water-leak-photo-evidence-records/,200,NO,NO,YES,NO,YES,YES,https://familyboard.win/zh-tw/guides/water-leak-photo-evidence-records/,
https://familyboard.win/zh-tw/guides/water-leak-response-home-records/,200,YES,NO,NO,https://familyboard.win/zh-tw/guides/water-leak-response-home-records/,200,NO,NO,YES,YES,YES,YES,https://familyboard.win/zh-tw/guides/water-leak-response-home-records/,
https://familyboard.win/zh-tw/guides/water-softener-maintenance-records/,200,YES,NO,NO,https://familyboard.win/zh-tw/guides/water-softener-maintenance-records/,200,NO,NO,YES,NO,YES,YES,https://familyboard.win/zh-tw/guides/water-softener-maintenance-records/,
https://familyboard.win/zh-tw/guides/what-spouse-needs-to-know/,200,YES,NO,NO,https://familyboard.win/zh-tw/guides/what-spouse-needs-to-know/,200,NO,NO,YES,NO,YES,YES,https://familyboard.win/zh-tw/guides/what-spouse-needs-to-know/,
https://familyboard.win/zh-tw/guides/wifi-router-maintenance-records/,200,YES,NO,NO,https://familyboard.win/zh-tw/guides/wifi-router-maintenance-records/,200,NO,NO,YES,YES,YES,YES,https://familyboard.win/zh-tw/guides/wifi-router-maintenance-records/,
https://familyboard.win/zh-tw/guides/winter-home-maintenance-checklist/,200,YES,NO,NO,https://familyboard.win/zh-tw/guides/winter-home-maintenance-checklist/,200,NO,NO,YES,NO,YES,YES,https://familyboard.win/zh-tw/guides/winter-home-maintenance-checklist/,
https://familyboard.win/zh-tw/pricing/,200,YES,NO,NO,https://familyboard.win/zh-tw/pricing/,200,NO,NO,YES,NO,YES,YES,https://familyboard.win/zh-tw/pricing/,
https://familyboard.win/zh-tw/privacy/,200,YES,NO,NO,https://familyboard.win/zh-tw/privacy/,200,NO,NO,YES,YES,YES,YES,https://familyboard.win/zh-tw/privacy/,
https://familyboard.win/zh-tw/roadmap/,200,YES,NO,NO,https://familyboard.win/zh-tw/roadmap/,200,NO,NO,YES,YES,YES,YES,https://familyboard.win/zh-tw/roadmap/,
https://familyboard.win/zh-tw/security/,200,YES,NO,NO,https://familyboard.win/zh-tw/security/,200,NO,NO,YES,YES,YES,YES,https://familyboard.win/zh-tw/security/,
https://familyboard.win/zh-tw/templates/,200,YES,NO,NO,https://familyboard.win/zh-tw/templates/,200,NO,NO,YES,NO,YES,YES,https://familyboard.win/zh-tw/templates/,
https://familyboard.win/zh-tw/templates/printable-annual-renewals/,200,YES,NO,NO,https://familyboard.win/zh-tw/templates/printable-annual-renewals/,200,NO,NO,YES,NO,YES,YES,https://familyboard.win/zh-tw/templates/printable-annual-renewals/,
https://familyboard.win/zh-tw/templates/printable-appliance-inventory/,200,YES,NO,NO,https://familyboard.win/zh-tw/templates/printable-appliance-inventory/,200,NO,NO,YES,NO,YES,YES,https://familyboard.win/zh-tw/templates/printable-appliance-inventory/,
https://familyboard.win/zh-tw/templates/printable-chore-chart/,200,YES,NO,NO,https://familyboard.win/zh-tw/templates/printable-chore-chart/,200,NO,NO,YES,NO,YES,YES,https://familyboard.win/zh-tw/templates/printable-chore-chart/,
https://familyboard.win/zh-tw/templates/printable-cleaning-schedule/,200,YES,NO,NO,https://familyboard.win/zh-tw/templates/printable-cleaning-schedule/,200,NO,NO,YES,NO,YES,YES,https://familyboard.win/zh-tw/templates/printable-cleaning-schedule/,
https://familyboard.win/zh-tw/templates/printable-emergency-contacts/,200,YES,NO,NO,https://familyboard.win/zh-tw/templates/printable-emergency-contacts/,200,NO,NO,YES,NO,YES,YES,https://familyboard.win/zh-tw/templates/printable-emergency-contacts/,
https://familyboard.win/zh-tw/templates/printable-home-inventory-template/,200,YES,NO,NO,https://familyboard.win/zh-tw/templates/printable-home-inventory-template/,200,NO,NO,YES,NO,YES,YES,https://familyboard.win/zh-tw/templates/printable-home-inventory-template/,
https://familyboard.win/zh-tw/templates/printable-household-contacts/,200,YES,NO,NO,https://familyboard.win/zh-tw/templates/printable-household-contacts/,200,NO,NO,YES,NO,YES,YES,https://familyboard.win/zh-tw/templates/printable-household-contacts/,
https://familyboard.win/zh-tw/templates/printable-household-handoff-sheet/,200,YES,NO,NO,https://familyboard.win/zh-tw/templates/printable-household-handoff-sheet/,200,NO,NO,YES,NO,YES,YES,https://familyboard.win/zh-tw/templates/printable-household-handoff-sheet/,
https://familyboard.win/zh-tw/templates/printable-repair-log/,200,YES,NO,NO,https://familyboard.win/zh-tw/templates/printable-repair-log/,200,NO,NO,YES,NO,YES,YES,https://familyboard.win/zh-tw/templates/printable-repair-log/,
https://familyboard.win/zh-tw/templates/printable-service-provider-list/,200,YES,NO,NO,https://familyboard.win/zh-tw/templates/printable-service-provider-list/,200,NO,NO,YES,NO,YES,YES,https://familyboard.win/zh-tw/templates/printable-service-provider-list/,
https://familyboard.win/zh-tw/templates/printable-subscription-tracker/,200,YES,NO,NO,https://familyboard.win/zh-tw/templates/printable-subscription-tracker/,200,NO,NO,YES,NO,YES,YES,https://familyboard.win/zh-tw/templates/printable-subscription-tracker/,
https://familyboard.win/zh-tw/templates/printable-warranty-tracker/,200,YES,NO,NO,https://familyboard.win/zh-tw/templates/printable-warranty-tracker/,200,NO,NO,YES,NO,YES,YES,https://familyboard.win/zh-tw/templates/printable-warranty-tracker/,
https://familyboard.win/zh-tw/terms/,200,YES,NO,NO,https://familyboard.win/zh-tw/terms/,200,NO,NO,YES,YES,YES,YES,https://familyboard.win/zh-tw/terms/,
https://familyboard.win/zh-tw/tools/,200,YES,NO,NO,https://familyboard.win/zh-tw/tools/,200,NO,NO,YES,NO,YES,YES,https://familyboard.win/zh-tw/tools/,
https://familyboard.win/zh-tw/tools/annual-subscription-cost-calculator/,200,YES,NO,NO,https://familyboard.win/zh-tw/tools/annual-subscription-cost-calculator/,200,NO,NO,YES,YES,YES,YES,https://familyboard.win/zh-tw/tools/annual-subscription-cost-calculator/,
https://familyboard.win/zh-tw/tools/appliance-age-calculator/,200,YES,NO,NO,https://familyboard.win/zh-tw/tools/appliance-age-calculator/,200,NO,NO,YES,YES,YES,YES,https://familyboard.win/zh-tw/tools/appliance-age-calculator/,
https://familyboard.win/zh-tw/tools/appliance-maintenance-checklist-generator/,200,YES,NO,NO,https://familyboard.win/zh-tw/tools/appliance-maintenance-checklist-generator/,200,NO,NO,YES,NO,YES,YES,https://familyboard.win/zh-tw/tools/appliance-maintenance-checklist-generator/,
https://familyboard.win/zh-tw/tools/appliance-manual-source-check-log/,200,YES,NO,NO,https://familyboard.win/zh-tw/tools/appliance-manual-source-check-log/,200,NO,NO,YES,NO,YES,YES,https://familyboard.win/zh-tw/tools/appliance-manual-source-check-log/,
https://familyboard.win/zh-tw/tools/appliance-purchase-installation-record/,200,YES,NO,NO,https://familyboard.win/zh-tw/tools/appliance-purchase-installation-record/,200,NO,NO,YES,NO,YES,YES,https://familyboard.win/zh-tw/tools/appliance-purchase-installation-record/,
https://familyboard.win/zh-tw/tools/appliance-repair-callback-log/,200,YES,NO,NO,https://familyboard.win/zh-tw/tools/appliance-repair-callback-log/,200,NO,NO,YES,YES,YES,YES,https://familyboard.win/zh-tw/tools/appliance-repair-callback-log/,
https://familyboard.win/zh-tw/tools/appliance-replacement-planner/,200,YES,NO,NO,https://familyboard.win/zh-tw/tools/appliance-replacement-planner/,200,NO,NO,YES,NO,YES,YES,https://familyboard.win/zh-tw/tools/appliance-replacement-planner/,
https://familyboard.win/zh-tw/tools/appliance-service-visit-log/,200,YES,NO,NO,https://familyboard.win/zh-tw/tools/appliance-service-visit-log/,200,NO,NO,YES,NO,YES,YES,https://familyboard.win/zh-tw/tools/appliance-service-visit-log/,
https://familyboard.win/zh-tw/tools/caregiver-handoff-source-authorization-log/,200,YES,NO,NO,https://familyboard.win/zh-tw/tools/caregiver-handoff-source-authorization-log/,200,NO,NO,YES,NO,YES,YES,https://familyboard.win/zh-tw/tools/caregiver-handoff-source-authorization-log/,
https://familyboard.win/zh-tw/tools/cleaning-schedule-generator/,200,YES,NO,NO,https://familyboard.win/zh-tw/tools/cleaning-schedule-generator/,200,NO,NO,YES,YES,YES,YES,https://familyboard.win/zh-tw/tools/cleaning-schedule-generator/,
https://familyboard.win/zh-tw/tools/emergency-binder-generator/,200,YES,NO,NO,https://familyboard.win/zh-tw/tools/emergency-binder-generator/,200,NO,NO,YES,YES,YES,YES,https://familyboard.win/zh-tw/tools/emergency-binder-generator/,
https://familyboard.win/zh-tw/tools/emergency-contact-sheet-generator/,200,YES,NO,NO,https://familyboard.win/zh-tw/tools/emergency-contact-sheet-generator/,200,NO,NO,YES,YES,YES,YES,https://familyboard.win/zh-tw/tools/emergency-contact-sheet-generator/,
https://familyboard.win/zh-tw/tools/emergency-contact-verification-log/,200,YES,NO,NO,https://familyboard.win/zh-tw/tools/emergency-contact-verification-log/,200,NO,NO,YES,YES,YES,YES,https://familyboard.win/zh-tw/tools/emergency-contact-verification-log/,
https://familyboard.win/zh-tw/tools/emergency-supply-inventory-audit/,200,YES,NO,NO,https://familyboard.win/zh-tw/tools/emergency-supply-inventory-audit/,200,NO,NO,YES,YES,YES,YES,https://familyboard.win/zh-tw/tools/emergency-supply-inventory-audit/,
https://familyboard.win/zh-tw/tools/home-care-charge-service-payment-discrepancy-log/,200,YES,NO,NO,https://familyboard.win/zh-tw/tools/home-care-charge-service-payment-discrepancy-log/,200,NO,NO,YES,YES,YES,YES,https://familyboard.win/zh-tw/tools/home-care-charge-service-payment-discrepancy-log/,
https://familyboard.win/zh-tw/tools/home-care-complaint-response-resolution-log/,200,YES,NO,NO,https://familyboard.win/zh-tw/tools/home-care-complaint-response-resolution-log/,200,NO,NO,YES,YES,YES,YES,https://familyboard.win/zh-tw/tools/home-care-complaint-response-resolution-log/,
https://familyboard.win/zh-tw/tools/home-care-payment-refund-collection-notice-log/,200,YES,NO,NO,https://familyboard.win/zh-tw/tools/home-care-payment-refund-collection-notice-log/,200,NO,NO,YES,YES,YES,YES,https://familyboard.win/zh-tw/tools/home-care-payment-refund-collection-notice-log/,
https://familyboard.win/zh-tw/tools/home-care-service-interruption-backup-continuity-log/,200,YES,NO,NO,https://familyboard.win/zh-tw/tools/home-care-service-interruption-backup-continuity-log/,200,NO,NO,YES,YES,YES,YES,https://familyboard.win/zh-tw/tools/home-care-service-interruption-backup-continuity-log/,
https://familyboard.win/zh-tw/tools/home-care-service-plan-change-notice-log/,200,YES,NO,NO,https://familyboard.win/zh-tw/tools/home-care-service-plan-change-notice-log/,200,NO,NO,YES,YES,YES,YES,https://familyboard.win/zh-tw/tools/home-care-service-plan-change-notice-log/,
https://familyboard.win/zh-tw/tools/home-care-visit-scope-service-result-log/,200,YES,NO,NO,https://familyboard.win/zh-tw/tools/home-care-visit-scope-service-result-log/,200,NO,NO,YES,NO,YES,YES,https://familyboard.win/zh-tw/tools/home-care-visit-scope-service-result-log/,
https://familyboard.win/zh-tw/tools/home-emergency-drill-record-generator/,200,YES,NO,NO,https://familyboard.win/zh-tw/tools/home-emergency-drill-record-generator/,200,NO,NO,YES,NO,YES,YES,https://familyboard.win/zh-tw/tools/home-emergency-drill-record-generator/,
https://familyboard.win/zh-tw/tools/home-handoff-summary-generator/,200,YES,NO,NO,https://familyboard.win/zh-tw/tools/home-handoff-summary-generator/,200,NO,NO,YES,NO,YES,YES,https://familyboard.win/zh-tw/tools/home-handoff-summary-generator/,
https://familyboard.win/zh-tw/tools/home-inventory-checklist-generator/,200,YES,NO,NO,https://familyboard.win/zh-tw/tools/home-inventory-checklist-generator/,200,NO,NO,YES,NO,YES,YES,https://familyboard.win/zh-tw/tools/home-inventory-checklist-generator/,
https://familyboard.win/zh-tw/tools/home-maintenance-cost-tracker/,200,YES,NO,NO,https://familyboard.win/zh-tw/tools/home-maintenance-cost-tracker/,200,NO,NO,YES,YES,YES,YES,https://familyboard.win/zh-tw/tools/home-maintenance-cost-tracker/,
https://familyboard.win/zh-tw/tools/home-maintenance-schedule-generator/,200,YES,NO,NO,https://familyboard.win/zh-tw/tools/home-maintenance-schedule-generator/,200,NO,NO,YES,NO,YES,YES,https://familyboard.win/zh-tw/tools/home-maintenance-schedule-generator/,
https://familyboard.win/zh-tw/tools/home-repair-change-order-log/,200,YES,NO,NO,https://familyboard.win/zh-tw/tools/home-repair-change-order-log/,200,NO,NO,YES,YES,YES,YES,https://familyboard.win/zh-tw/tools/home-repair-change-order-log/,
https://familyboard.win/zh-tw/tools/home-repair-closeout-checklist/,200,YES,NO,NO,https://familyboard.win/zh-tw/tools/home-repair-closeout-checklist/,200,NO,NO,YES,YES,YES,YES,https://familyboard.win/zh-tw/tools/home-repair-closeout-checklist/,
https://familyboard.win/zh-tw/tools/home-repair-cost-log/,200,YES,NO,NO,https://familyboard.win/zh-tw/tools/home-repair-cost-log/,200,NO,NO,YES,NO,YES,YES,https://familyboard.win/zh-tw/tools/home-repair-cost-log/,
https://familyboard.win/zh-tw/tools/home-repair-punch-list/,200,YES,NO,NO,https://familyboard.win/zh-tw/tools/home-repair-punch-list/,200,NO,NO,YES,YES,YES,YES,https://familyboard.win/zh-tw/tools/home-repair-punch-list/,
https://familyboard.win/zh-tw/tools/home-service-provider-verification-log/,200,YES,NO,NO,https://familyboard.win/zh-tw/tools/home-service-provider-verification-log/,200,NO,NO,YES,YES,YES,YES,https://familyboard.win/zh-tw/tools/home-service-provider-verification-log/,
https://familyboard.win/zh-tw/tools/home-service-reminder-generator/,200,YES,NO,NO,https://familyboard.win/zh-tw/tools/home-service-reminder-generator/,200,NO,NO,YES,NO,YES,YES,https://familyboard.win/zh-tw/tools/home-service-reminder-generator/,
https://familyboard.win/zh-tw/tools/house-sitter-instruction-generator/,200,YES,NO,NO,https://familyboard.win/zh-tw/tools/house-sitter-instruction-generator/,200,NO,NO,YES,NO,YES,YES,https://familyboard.win/zh-tw/tools/house-sitter-instruction-generator/,
https://familyboard.win/zh-tw/tools/household-accessibility-walkthrough-log/,200,YES,NO,NO,https://familyboard.win/zh-tw/tools/household-accessibility-walkthrough-log/,200,NO,NO,YES,NO,YES,YES,https://familyboard.win/zh-tw/tools/household-accessibility-walkthrough-log/,
https://familyboard.win/zh-tw/tools/household-account-list/,200,YES,NO,NO,https://familyboard.win/zh-tw/tools/household-account-list/,200,NO,NO,YES,NO,YES,YES,https://familyboard.win/zh-tw/tools/household-account-list/,
https://familyboard.win/zh-tw/tools/household-annual-review-generator/,200,YES,NO,NO,https://familyboard.win/zh-tw/tools/household-annual-review-generator/,200,NO,NO,YES,NO,YES,YES,https://familyboard.win/zh-tw/tools/household-annual-review-generator/,
https://familyboard.win/zh-tw/tools/household-backup-recovery-checker/,200,YES,NO,NO,https://familyboard.win/zh-tw/tools/household-backup-recovery-checker/,200,NO,NO,YES,NO,YES,YES,https://familyboard.win/zh-tw/tools/household-backup-recovery-checker/,
https://familyboard.win/zh-tw/tools/household-bill-source-status-log/,200,YES,NO,NO,https://familyboard.win/zh-tw/tools/household-bill-source-status-log/,200,NO,NO,YES,NO,YES,YES,https://familyboard.win/zh-tw/tools/household-bill-source-status-log/,
https://familyboard.win/zh-tw/tools/household-building-notice-response-log/,200,YES,NO,NO,https://familyboard.win/zh-tw/tools/household-building-notice-response-log/,200,NO,NO,YES,NO,YES,YES,https://familyboard.win/zh-tw/tools/household-building-notice-response-log/,
https://familyboard.win/zh-tw/tools/household-clothing-care-repair-log/,200,YES,NO,NO,https://familyboard.win/zh-tw/tools/household-clothing-care-repair-log/,200,NO,NO,YES,NO,YES,YES,https://familyboard.win/zh-tw/tools/household-clothing-care-repair-log/,
https://familyboard.win/zh-tw/tools/household-consumable-change-history-log/,200,YES,NO,NO,https://familyboard.win/zh-tw/tools/household-consumable-change-history-log/,200,NO,NO,YES,NO,YES,YES,https://familyboard.win/zh-tw/tools/household-consumable-change-history-log/,
https://familyboard.win/zh-tw/tools/household-date-offset-planner/,200,YES,NO,NO,https://familyboard.win/zh-tw/tools/household-date-offset-planner/,200,NO,NO,YES,NO,YES,YES,https://familyboard.win/zh-tw/tools/household-date-offset-planner/,
https://familyboard.win/zh-tw/tools/household-decision-register/,200,YES,NO,NO,https://familyboard.win/zh-tw/tools/household-decision-register/,200,NO,NO,YES,NO,YES,YES,https://familyboard.win/zh-tw/tools/household-decision-register/,
https://familyboard.win/zh-tw/tools/household-device-retirement-handoff-log/,200,YES,NO,NO,https://familyboard.win/zh-tw/tools/household-device-retirement-handoff-log/,200,NO,NO,YES,NO,YES,YES,https://familyboard.win/zh-tw/tools/household-device-retirement-handoff-log/,
https://familyboard.win/zh-tw/tools/household-document-index-generator/,200,YES,NO,NO,https://familyboard.win/zh-tw/tools/household-document-index-generator/,200,NO,NO,YES,NO,YES,YES,https://familyboard.win/zh-tw/tools/household-document-index-generator/,
https://familyboard.win/zh-tw/tools/household-document-renewal-review-log/,200,YES,NO,NO,https://familyboard.win/zh-tw/tools/household-document-renewal-review-log/,200,NO,NO,YES,NO,YES,YES,https://familyboard.win/zh-tw/tools/household-document-renewal-review-log/,
https://familyboard.win/zh-tw/tools/household-donation-handoff-log/,200,YES,NO,NO,https://familyboard.win/zh-tw/tools/household-donation-handoff-log/,200,NO,NO,YES,NO,YES,YES,https://familyboard.win/zh-tw/tools/household-donation-handoff-log/,
https://familyboard.win/zh-tw/tools/household-event-duration-calculator/,200,YES,NO,NO,https://familyboard.win/zh-tw/tools/household-event-duration-calculator/,200,NO,NO,YES,NO,YES,YES,https://familyboard.win/zh-tw/tools/household-event-duration-calculator/,
https://familyboard.win/zh-tw/tools/household-event-source-index-log/,200,YES,NO,NO,https://familyboard.win/zh-tw/tools/household-event-source-index-log/,200,NO,NO,YES,NO,YES,YES,https://familyboard.win/zh-tw/tools/household-event-source-index-log/,
https://familyboard.win/zh-tw/tools/household-guest-arrival-prep-log/,200,YES,NO,NO,https://familyboard.win/zh-tw/tools/household-guest-arrival-prep-log/,200,NO,NO,YES,NO,YES,YES,https://familyboard.win/zh-tw/tools/household-guest-arrival-prep-log/,
https://familyboard.win/zh-tw/tools/household-home-access-handoff-log/,200,YES,NO,NO,https://familyboard.win/zh-tw/tools/household-home-access-handoff-log/,200,NO,NO,YES,NO,YES,YES,https://familyboard.win/zh-tw/tools/household-home-access-handoff-log/,
https://familyboard.win/zh-tw/tools/household-insurance-claim-timeline-log/,200,YES,NO,NO,https://familyboard.win/zh-tw/tools/household-insurance-claim-timeline-log/,200,NO,NO,YES,NO,YES,YES,https://familyboard.win/zh-tw/tools/household-insurance-claim-timeline-log/,
https://familyboard.win/zh-tw/tools/household-insurance-policy-source-version-log/,200,YES,NO,NO,https://familyboard.win/zh-tw/tools/household-insurance-policy-source-version-log/,200,NO,NO,YES,NO,YES,YES,https://familyboard.win/zh-tw/tools/household-insurance-policy-source-version-log/,
https://familyboard.win/zh-tw/tools/household-internet-incident-review-log/,200,YES,NO,NO,https://familyboard.win/zh-tw/tools/household-internet-incident-review-log/,200,NO,NO,YES,NO,YES,YES,https://familyboard.win/zh-tw/tools/household-internet-incident-review-log/,
https://familyboard.win/zh-tw/tools/household-inventory-photo-capture-log/,200,YES,NO,NO,https://familyboard.win/zh-tw/tools/household-inventory-photo-capture-log/,200,NO,NO,YES,NO,YES,YES,https://familyboard.win/zh-tw/tools/household-inventory-photo-capture-log/,
https://familyboard.win/zh-tw/tools/household-mail-package-handoff-log/,200,YES,NO,NO,https://familyboard.win/zh-tw/tools/household-mail-package-handoff-log/,200,NO,NO,YES,NO,YES,YES,https://familyboard.win/zh-tw/tools/household-mail-package-handoff-log/,
https://familyboard.win/zh-tw/tools/household-maintenance-delegation-map/,200,YES,NO,NO,https://familyboard.win/zh-tw/tools/household-maintenance-delegation-map/,200,NO,NO,YES,NO,YES,YES,https://familyboard.win/zh-tw/tools/household-maintenance-delegation-map/,
https://familyboard.win/zh-tw/tools/household-maintenance-priority-review-log/,200,YES,NO,NO,https://familyboard.win/zh-tw/tools/household-maintenance-priority-review-log/,200,NO,NO,YES,NO,YES,YES,https://familyboard.win/zh-tw/tools/household-maintenance-priority-review-log/,
https://familyboard.win/zh-tw/tools/household-meal-prep-role-log/,200,YES,NO,NO,https://familyboard.win/zh-tw/tools/household-meal-prep-role-log/,200,NO,NO,YES,NO,YES,YES,https://familyboard.win/zh-tw/tools/household-meal-prep-role-log/,
https://familyboard.win/zh-tw/tools/household-medical-information-source-handoff-log/,200,YES,NO,NO,https://familyboard.win/zh-tw/tools/household-medical-information-source-handoff-log/,200,NO,NO,YES,NO,YES,YES,https://familyboard.win/zh-tw/tools/household-medical-information-source-handoff-log/,
https://familyboard.win/zh-tw/tools/household-meeting-agenda-action-log/,200,YES,NO,NO,https://familyboard.win/zh-tw/tools/household-meeting-agenda-action-log/,200,NO,NO,YES,NO,YES,YES,https://familyboard.win/zh-tw/tools/household-meeting-agenda-action-log/,
https://familyboard.win/zh-tw/tools/household-meter-reading-review-log/,200,YES,NO,NO,https://familyboard.win/zh-tw/tools/household-meter-reading-review-log/,200,NO,NO,YES,NO,YES,YES,https://familyboard.win/zh-tw/tools/household-meter-reading-review-log/,
https://familyboard.win/zh-tw/tools/household-monthly-review-action-log/,200,YES,NO,NO,https://familyboard.win/zh-tw/tools/household-monthly-review-action-log/,200,NO,NO,YES,NO,YES,YES,https://familyboard.win/zh-tw/tools/household-monthly-review-action-log/,
https://familyboard.win/zh-tw/tools/household-pantry-expiry-review-log/,200,YES,NO,NO,https://familyboard.win/zh-tw/tools/household-pantry-expiry-review-log/,200,NO,NO,YES,NO,YES,YES,https://familyboard.win/zh-tw/tools/household-pantry-expiry-review-log/,
https://familyboard.win/zh-tw/tools/household-pet-record-source-handoff-log/,200,YES,NO,NO,https://familyboard.win/zh-tw/tools/household-pet-record-source-handoff-log/,200,NO,NO,YES,NO,YES,YES,https://familyboard.win/zh-tw/tools/household-pet-record-source-handoff-log/,
https://familyboard.win/zh-tw/tools/household-plant-care-handoff-log/,200,YES,NO,NO,https://familyboard.win/zh-tw/tools/household-plant-care-handoff-log/,200,NO,NO,YES,NO,YES,YES,https://familyboard.win/zh-tw/tools/household-plant-care-handoff-log/,
https://familyboard.win/zh-tw/tools/household-power-outage-event-log/,200,YES,NO,NO,https://familyboard.win/zh-tw/tools/household-power-outage-event-log/,200,NO,NO,YES,YES,YES,YES,https://familyboard.win/zh-tw/tools/household-power-outage-event-log/,
https://familyboard.win/zh-tw/tools/household-record-retention-decision-log/,200,YES,NO,NO,https://familyboard.win/zh-tw/tools/household-record-retention-decision-log/,200,NO,NO,YES,NO,YES,YES,https://familyboard.win/zh-tw/tools/household-record-retention-decision-log/,
https://familyboard.win/zh-tw/tools/household-record-retrieval-drill-log/,200,YES,NO,NO,https://familyboard.win/zh-tw/tools/household-record-retrieval-drill-log/,200,NO,NO,YES,YES,YES,YES,https://familyboard.win/zh-tw/tools/household-record-retrieval-drill-log/,
https://familyboard.win/zh-tw/tools/household-recycling-handoff-log/,200,YES,NO,NO,https://familyboard.win/zh-tw/tools/household-recycling-handoff-log/,200,NO,NO,YES,NO,YES,YES,https://familyboard.win/zh-tw/tools/household-recycling-handoff-log/,
https://familyboard.win/zh-tw/tools/household-repair-evidence-timeline-log/,200,YES,NO,NO,https://familyboard.win/zh-tw/tools/household-repair-evidence-timeline-log/,200,NO,NO,YES,NO,YES,YES,https://familyboard.win/zh-tw/tools/household-repair-evidence-timeline-log/,
https://familyboard.win/zh-tw/tools/household-replacement-part-source-check-log/,200,YES,NO,NO,https://familyboard.win/zh-tw/tools/household-replacement-part-source-check-log/,200,NO,NO,YES,NO,YES,YES,https://familyboard.win/zh-tw/tools/household-replacement-part-source-check-log/,
https://familyboard.win/zh-tw/tools/household-responsibility-coverage-map/,200,YES,NO,NO,https://familyboard.win/zh-tw/tools/household-responsibility-coverage-map/,200,NO,NO,YES,NO,YES,YES,https://familyboard.win/zh-tw/tools/household-responsibility-coverage-map/,
https://familyboard.win/zh-tw/tools/household-return-handoff-log/,200,YES,NO,NO,https://familyboard.win/zh-tw/tools/household-return-handoff-log/,200,NO,NO,YES,NO,YES,YES,https://familyboard.win/zh-tw/tools/household-return-handoff-log/,
https://familyboard.win/zh-tw/tools/household-router-support-review-log/,200,YES,NO,NO,https://familyboard.win/zh-tw/tools/household-router-support-review-log/,200,NO,NO,YES,YES,YES,YES,https://familyboard.win/zh-tw/tools/household-router-support-review-log/,
https://familyboard.win/zh-tw/tools/household-schedule-conflict-review-log/,200,YES,NO,NO,https://familyboard.win/zh-tw/tools/household-schedule-conflict-review-log/,200,NO,NO,YES,NO,YES,YES,https://familyboard.win/zh-tw/tools/household-schedule-conflict-review-log/,
https://familyboard.win/zh-tw/tools/household-school-activity-handoff-log/,200,YES,NO,NO,https://familyboard.win/zh-tw/tools/household-school-activity-handoff-log/,200,NO,NO,YES,NO,YES,YES,https://familyboard.win/zh-tw/tools/household-school-activity-handoff-log/,
https://familyboard.win/zh-tw/tools/household-school-closure-continuity-log/,200,YES,NO,NO,https://familyboard.win/zh-tw/tools/household-school-closure-continuity-log/,200,NO,NO,YES,NO,YES,YES,https://familyboard.win/zh-tw/tools/household-school-closure-continuity-log/,
https://familyboard.win/zh-tw/tools/household-school-pickup-handoff-log/,200,YES,NO,NO,https://familyboard.win/zh-tw/tools/household-school-pickup-handoff-log/,200,NO,NO,YES,NO,YES,YES,https://familyboard.win/zh-tw/tools/household-school-pickup-handoff-log/,
https://familyboard.win/zh-tw/tools/household-school-record-source-handoff-log/,200,YES,NO,NO,https://familyboard.win/zh-tw/tools/household-school-record-source-handoff-log/,200,NO,NO,YES,NO,YES,YES,https://familyboard.win/zh-tw/tools/household-school-record-source-handoff-log/,
https://familyboard.win/zh-tw/tools/household-seasonal-reset-action-log/,200,YES,NO,NO,https://familyboard.win/zh-tw/tools/household-seasonal-reset-action-log/,200,NO,NO,YES,NO,YES,YES,https://familyboard.win/zh-tw/tools/household-seasonal-reset-action-log/,
https://familyboard.win/zh-tw/tools/household-service-appointment-handoff-log/,200,YES,NO,NO,https://familyboard.win/zh-tw/tools/household-service-appointment-handoff-log/,200,NO,NO,YES,NO,YES,YES,https://familyboard.win/zh-tw/tools/household-service-appointment-handoff-log/,
https://familyboard.win/zh-tw/tools/household-service-quote-comparison-log/,200,YES,NO,NO,https://familyboard.win/zh-tw/tools/household-service-quote-comparison-log/,200,NO,NO,YES,NO,YES,YES,https://familyboard.win/zh-tw/tools/household-service-quote-comparison-log/,
https://familyboard.win/zh-tw/tools/household-share-access-review-log/,200,YES,NO,NO,https://familyboard.win/zh-tw/tools/household-share-access-review-log/,200,NO,NO,YES,NO,YES,YES,https://familyboard.win/zh-tw/tools/household-share-access-review-log/,
https://familyboard.win/zh-tw/tools/household-shopping-list-planner/,200,YES,NO,NO,https://familyboard.win/zh-tw/tools/household-shopping-list-planner/,200,NO,NO,YES,NO,YES,YES,https://familyboard.win/zh-tw/tools/household-shopping-list-planner/,
https://familyboard.win/zh-tw/tools/household-storm-readiness-review/,200,YES,NO,NO,https://familyboard.win/zh-tw/tools/household-storm-readiness-review/,200,NO,NO,YES,YES,YES,YES,https://familyboard.win/zh-tw/tools/household-storm-readiness-review/,
https://familyboard.win/zh-tw/tools/household-subscription-cancellation-handoff-log/,200,YES,NO,NO,https://familyboard.win/zh-tw/tools/household-subscription-cancellation-handoff-log/,200,NO,NO,YES,NO,YES,YES,https://familyboard.win/zh-tw/tools/household-subscription-cancellation-handoff-log/,
https://familyboard.win/zh-tw/tools/household-subscription-cost-calculator/,200,YES,NO,NO,https://familyboard.win/zh-tw/tools/household-subscription-cost-calculator/,200,NO,NO,YES,YES,YES,YES,https://familyboard.win/zh-tw/tools/household-subscription-cost-calculator/,
https://familyboard.win/zh-tw/tools/household-task-load-calculator/,200,YES,NO,NO,https://familyboard.win/zh-tw/tools/household-task-load-calculator/,200,NO,NO,YES,NO,YES,YES,https://familyboard.win/zh-tw/tools/household-task-load-calculator/,
https://familyboard.win/zh-tw/tools/household-time-window-overlap-checker/,200,YES,NO,NO,https://familyboard.win/zh-tw/tools/household-time-window-overlap-checker/,200,NO,NO,YES,NO,YES,YES,https://familyboard.win/zh-tw/tools/household-time-window-overlap-checker/,
https://familyboard.win/zh-tw/tools/household-trip-packing-handoff-log/,200,YES,NO,NO,https://familyboard.win/zh-tw/tools/household-trip-packing-handoff-log/,200,NO,NO,YES,NO,YES,YES,https://familyboard.win/zh-tw/tools/household-trip-packing-handoff-log/,
https://familyboard.win/zh-tw/tools/household-utility-bill-anomaly-log/,200,YES,NO,NO,https://familyboard.win/zh-tw/tools/household-utility-bill-anomaly-log/,200,NO,NO,YES,NO,YES,YES,https://familyboard.win/zh-tw/tools/household-utility-bill-anomaly-log/,
https://familyboard.win/zh-tw/tools/household-utility-provider-service-handoff-log/,200,YES,NO,NO,https://familyboard.win/zh-tw/tools/household-utility-provider-service-handoff-log/,200,NO,NO,YES,YES,YES,YES,https://familyboard.win/zh-tw/tools/household-utility-provider-service-handoff-log/,
https://familyboard.win/zh-tw/tools/household-vehicle-document-source-status-log/,200,YES,NO,NO,https://familyboard.win/zh-tw/tools/household-vehicle-document-source-status-log/,200,NO,NO,YES,YES,YES,YES,https://familyboard.win/zh-tw/tools/household-vehicle-document-source-status-log/,
https://familyboard.win/zh-tw/tools/household-water-leak-event-log/,200,YES,NO,NO,https://familyboard.win/zh-tw/tools/household-water-leak-event-log/,200,NO,NO,YES,YES,YES,YES,https://familyboard.win/zh-tw/tools/household-water-leak-event-log/,
https://familyboard.win/zh-tw/tools/household-weekly-reset-action-log/,200,YES,NO,NO,https://familyboard.win/zh-tw/tools/household-weekly-reset-action-log/,200,NO,NO,YES,NO,YES,YES,https://familyboard.win/zh-tw/tools/household-weekly-reset-action-log/,
https://familyboard.win/zh-tw/tools/important-household-document-review/,200,YES,NO,NO,https://familyboard.win/zh-tw/tools/important-household-document-review/,200,NO,NO,YES,YES,YES,YES,https://familyboard.win/zh-tw/tools/important-household-document-review/,
https://familyboard.win/zh-tw/tools/move-in-checklist-generator/,200,YES,NO,NO,https://familyboard.win/zh-tw/tools/move-in-checklist-generator/,200,NO,NO,YES,NO,YES,YES,https://familyboard.win/zh-tw/tools/move-in-checklist-generator/,
https://familyboard.win/zh-tw/tools/move-out-condition-record-generator/,200,YES,NO,NO,https://familyboard.win/zh-tw/tools/move-out-condition-record-generator/,200,NO,NO,YES,YES,YES,YES,https://familyboard.win/zh-tw/tools/move-out-condition-record-generator/,
https://familyboard.win/zh-tw/tools/moving-box-handover-log/,200,YES,NO,NO,https://familyboard.win/zh-tw/tools/moving-box-handover-log/,200,NO,NO,YES,NO,YES,YES,https://familyboard.win/zh-tw/tools/moving-box-handover-log/,
https://familyboard.win/zh-tw/tools/pet-sitter-instruction-generator/,200,YES,NO,NO,https://familyboard.win/zh-tw/tools/pet-sitter-instruction-generator/,200,NO,NO,YES,NO,YES,YES,https://familyboard.win/zh-tw/tools/pet-sitter-instruction-generator/,
https://familyboard.win/zh-tw/tools/product-recall-action-log/,200,YES,NO,NO,https://familyboard.win/zh-tw/tools/product-recall-action-log/,200,NO,NO,YES,NO,YES,YES,https://familyboard.win/zh-tw/tools/product-recall-action-log/,
https://familyboard.win/zh-tw/tools/purchase-delivery-evidence-log/,200,YES,NO,NO,https://familyboard.win/zh-tw/tools/purchase-delivery-evidence-log/,200,NO,NO,YES,NO,YES,YES,https://familyboard.win/zh-tw/tools/purchase-delivery-evidence-log/,
https://familyboard.win/zh-tw/tools/receipt-retention-organizer/,200,YES,NO,NO,https://familyboard.win/zh-tw/tools/receipt-retention-organizer/,200,NO,NO,YES,NO,YES,YES,https://familyboard.win/zh-tw/tools/receipt-retention-organizer/,
https://familyboard.win/zh-tw/tools/recurring-chore-planner/,200,YES,NO,NO,https://familyboard.win/zh-tw/tools/recurring-chore-planner/,200,NO,NO,YES,NO,YES,YES,https://familyboard.win/zh-tw/tools/recurring-chore-planner/,
https://familyboard.win/zh-tw/tools/rental-repair-request-log/,200,YES,NO,NO,https://familyboard.win/zh-tw/tools/rental-repair-request-log/,200,NO,NO,YES,NO,YES,YES,https://familyboard.win/zh-tw/tools/rental-repair-request-log/,
https://familyboard.win/zh-tw/tools/rental-security-deposit-move-out-claim-log/,200,YES,NO,NO,https://familyboard.win/zh-tw/tools/rental-security-deposit-move-out-claim-log/,200,NO,NO,YES,NO,YES,YES,https://familyboard.win/zh-tw/tools/rental-security-deposit-move-out-claim-log/,
https://familyboard.win/zh-tw/tools/room-inventory-generator/,200,YES,NO,NO,https://familyboard.win/zh-tw/tools/room-inventory-generator/,200,NO,NO,YES,NO,YES,YES,https://familyboard.win/zh-tw/tools/room-inventory-generator/,
https://familyboard.win/zh-tw/tools/storage-unit-access-inventory-log/,200,YES,NO,NO,https://familyboard.win/zh-tw/tools/storage-unit-access-inventory-log/,200,NO,NO,YES,YES,YES,YES,https://familyboard.win/zh-tw/tools/storage-unit-access-inventory-log/,
https://familyboard.win/zh-tw/tools/vacation-shutdown-checklist-generator/,200,YES,NO,NO,https://familyboard.win/zh-tw/tools/vacation-shutdown-checklist-generator/,200,NO,NO,YES,NO,YES,YES,https://familyboard.win/zh-tw/tools/vacation-shutdown-checklist-generator/,
https://familyboard.win/zh-tw/tools/warranty-checklist-generator/,200,YES,NO,NO,https://familyboard.win/zh-tw/tools/warranty-checklist-generator/,200,NO,NO,YES,NO,YES,YES,https://familyboard.win/zh-tw/tools/warranty-checklist-generator/,
https://familyboard.win/zh-tw/tools/warranty-claim-evidence-log/,200,YES,NO,NO,https://familyboard.win/zh-tw/tools/warranty-claim-evidence-log/,200,NO,NO,YES,YES,YES,YES,https://familyboard.win/zh-tw/tools/warranty-claim-evidence-log/,
https://familyboard.win/zh-tw/tools/warranty-expiration-calculator/,200,YES,NO,NO,https://familyboard.win/zh-tw/tools/warranty-expiration-calculator/,200,NO,NO,YES,NO,YES,YES,https://familyboard.win/zh-tw/tools/warranty-expiration-calculator/,
