url,repo_indexable,production_sitemap,gsc_known,gsc_indexed,http_status,robots,canonical,google_canonical,last_crawl,discovery_source,cluster,page_type,main_content_inlinks,click_depth,decision
http://familyboard.win/,NO,NO,YES,NO,200,"index,follow,max-image-preview:large",https://familyboard.win/,,,unknown,,,11,0,keep redirect stub noindex; exclude from sitemap
http://www.familyboard.win/,NO,NO,YES,NO,200,"index,follow,max-image-preview:large",https://familyboard.win/,,,unknown,,,11,0,keep redirect stub noindex; exclude from sitemap
https://familyboard.win/,YES,YES,YES,YES,200,"index,follow,max-image-preview:large",https://familyboard.win/,,,sitemap,,,11,0,GSC indexed
https://familyboard.win/about/,YES,YES,NO,NO,200,"index,follow,max-image-preview:large",https://familyboard.win/about/,,,sitemap,,,4,1,GSC discovery gap
https://familyboard.win/affiliate-disclosure/,YES,YES,YES,YES,200,"index,follow,max-image-preview:large",https://familyboard.win/affiliate-disclosure/,,,sitemap,,,4,1,GSC indexed
https://familyboard.win/app/,NO,NO,YES,NO,200,"noindex,follow",https://familyboard.win/app/,,,unknown,,,,1,known but not indexed
https://familyboard.win/changelog/,YES,YES,YES,YES,200,"index,follow,max-image-preview:large",https://familyboard.win/changelog/,,,sitemap,,,6,1,GSC indexed
https://familyboard.win/checklists/,YES,YES,YES,YES,200,"index,follow,max-image-preview:large",https://familyboard.win/checklists/,,,sitemap,,,11,1,GSC indexed
https://familyboard.win/checklists/printable-emergency-binder-checklist/,YES,YES,NO,NO,200,"index,follow,max-image-preview:large",https://familyboard.win/checklists/printable-emergency-binder-checklist/,,,sitemap,,,9,2,GSC discovery gap
https://familyboard.win/checklists/printable-home-maintenance-checklist/,YES,YES,YES,YES,200,"index,follow,max-image-preview:large",https://familyboard.win/checklists/printable-home-maintenance-checklist/,,,sitemap,,,7,2,GSC indexed
https://familyboard.win/checklists/printable-house-sitter-checklist/,YES,YES,YES,YES,200,"index,follow,max-image-preview:large",https://familyboard.win/checklists/printable-house-sitter-checklist/,,,sitemap,,,9,2,GSC indexed
https://familyboard.win/checklists/printable-monthly-home-checklist/,YES,YES,YES,YES,200,"index,follow,max-image-preview:large",https://familyboard.win/checklists/printable-monthly-home-checklist/,,,sitemap,,,8,2,GSC indexed
https://familyboard.win/checklists/printable-moving-checklist/,YES,YES,YES,YES,200,"index,follow,max-image-preview:large",https://familyboard.win/checklists/printable-moving-checklist/,,,sitemap,,,7,2,GSC indexed
https://familyboard.win/checklists/printable-new-home-checklist/,YES,YES,YES,YES,200,"index,follow,max-image-preview:large",https://familyboard.win/checklists/printable-new-home-checklist/,,,sitemap,,,7,2,GSC indexed
https://familyboard.win/checklists/printable-pet-sitter-checklist/,YES,YES,YES,YES,200,"index,follow,max-image-preview:large",https://familyboard.win/checklists/printable-pet-sitter-checklist/,,,sitemap,,,9,2,GSC indexed
https://familyboard.win/checklists/printable-seasonal-home-checklist/,YES,YES,YES,YES,200,"index,follow,max-image-preview:large",https://familyboard.win/checklists/printable-seasonal-home-checklist/,,,sitemap,,,7,2,GSC indexed
https://familyboard.win/contact/,YES,YES,YES,YES,200,"index,follow,max-image-preview:large",https://familyboard.win/contact/,,,sitemap,,,500,1,GSC indexed
https://familyboard.win/disclaimer/,YES,YES,YES,YES,200,"index,follow,max-image-preview:large",https://familyboard.win/disclaimer/,,,sitemap,,,5,1,GSC indexed
https://familyboard.win/editorial-policy/,YES,YES,YES,YES,200,"index,follow,max-image-preview:large",https://familyboard.win/editorial-policy/,,,sitemap,,,1014,1,GSC indexed
https://familyboard.win/features/,YES,YES,YES,YES,200,"index,follow,max-image-preview:large",https://familyboard.win/features/,,,sitemap,,,11,1,GSC indexed
https://familyboard.win/features/emergency-information-organizer/,YES,YES,YES,NO,200,"index,follow,max-image-preview:large",https://familyboard.win/features/emergency-information-organizer/,,,sitemap,,,31,2,known but not indexed
https://familyboard.win/features/family-display-mode/,YES,YES,YES,YES,200,"index,follow,max-image-preview:large",https://familyboard.win/features/family-display-mode/,,,sitemap,,,13,2,GSC indexed
https://familyboard.win/features/family-task-manager/,YES,YES,NO,NO,200,"index,follow,max-image-preview:large",https://familyboard.win/features/family-task-manager/,,,sitemap,,,31,2,GSC discovery gap
https://familyboard.win/features/free-home-management-app/,YES,YES,YES,YES,200,"index,follow,max-image-preview:large",https://familyboard.win/features/free-home-management-app/,,,sitemap,,,35,2,GSC indexed
https://familyboard.win/features/home-dashboard/,YES,YES,NO,NO,200,"index,follow,max-image-preview:large",https://familyboard.win/features/home-dashboard/,,,sitemap,,,27,2,GSC discovery gap
https://familyboard.win/features/home-inventory-tracker/,YES,YES,YES,YES,200,"index,follow,max-image-preview:large",https://familyboard.win/features/home-inventory-tracker/,,,sitemap,,,34,1,GSC indexed
https://familyboard.win/features/home-record-keeper/,YES,YES,YES,NO,200,"index,follow,max-image-preview:large",https://familyboard.win/features/home-record-keeper/,,,sitemap,,,7,2,known but not indexed
https://familyboard.win/features/household-calendar/,YES,YES,NO,NO,200,"index,follow,max-image-preview:large",https://familyboard.win/features/household-calendar/,,,sitemap,,,14,2,GSC discovery gap
https://familyboard.win/features/household-documents-organizer/,YES,YES,YES,YES,200,"index,follow,max-image-preview:large",https://familyboard.win/features/household-documents-organizer/,,,sitemap,,,28,2,GSC indexed
https://familyboard.win/features/household-handoff/,YES,YES,YES,YES,200,"index,follow,max-image-preview:large",https://familyboard.win/features/household-handoff/,,,sitemap,,,34,1,GSC indexed
https://familyboard.win/features/household-operations-system/,YES,YES,NO,NO,200,"index,follow,max-image-preview:large",https://familyboard.win/features/household-operations-system/,,,sitemap,,,8,2,GSC discovery gap
https://familyboard.win/features/household-subscription-tracker/,YES,YES,NO,NO,200,"index,follow,max-image-preview:large",https://familyboard.win/features/household-subscription-tracker/,,,sitemap,,,16,2,GSC discovery gap
https://familyboard.win/features/local-first-home-organizer/,YES,YES,YES,NO,200,"index,follow,max-image-preview:large",https://familyboard.win/features/local-first-home-organizer/,,,sitemap,,,10,2,known but not indexed
https://familyboard.win/features/maintenance-tracker/,YES,YES,YES,YES,200,"index,follow,max-image-preview:large",https://familyboard.win/features/maintenance-tracker/,,,sitemap,,,48,1,GSC indexed
https://familyboard.win/features/no-account-family-organizer/,YES,YES,NO,NO,200,"index,follow,max-image-preview:large",https://familyboard.win/features/no-account-family-organizer/,,,sitemap,,,8,2,GSC discovery gap
https://familyboard.win/features/offline-household-organizer/,YES,YES,YES,NO,200,"index,follow,max-image-preview:large",https://familyboard.win/features/offline-household-organizer/,,,sitemap,,,9,2,known but not indexed
https://familyboard.win/features/private-family-organizer/,YES,YES,YES,YES,200,"index,follow,max-image-preview:large",https://familyboard.win/features/private-family-organizer/,,,sitemap,,,22,2,GSC indexed
https://familyboard.win/features/warranty-tracker/,YES,YES,NO,NO,200,"index,follow,max-image-preview:large",https://familyboard.win/features/warranty-tracker/,,,sitemap,,,18,2,GSC discovery gap
https://familyboard.win/guides/,YES,YES,YES,YES,200,"index,follow,max-image-preview:large",https://familyboard.win/guides/,,,sitemap,,,11,1,GSC indexed
https://familyboard.win/guides/air-conditioner-maintenance-checklist/,YES,YES,YES,YES,200,"index,follow,max-image-preview:large",https://familyboard.win/guides/air-conditioner-maintenance-checklist/,,,sitemap,,,11,2,GSC indexed
https://familyboard.win/guides/air-purifier-maintenance-guide/,YES,YES,NO,NO,200,"index,follow,max-image-preview:large",https://familyboard.win/guides/air-purifier-maintenance-guide/,,,sitemap,,,7,2,GSC discovery gap
https://familyboard.win/guides/annual-home-review/,YES,YES,NO,NO,200,"index,follow,max-image-preview:large",https://familyboard.win/guides/annual-home-review/,,,sitemap,,,12,2,GSC discovery gap
https://familyboard.win/guides/annual-renewal-calendar/,YES,YES,NO,NO,200,"index,follow,max-image-preview:large",https://familyboard.win/guides/annual-renewal-calendar/,,,sitemap,,,22,2,GSC discovery gap
https://familyboard.win/guides/apartment-maintenance-checklist/,YES,YES,NO,NO,200,"index,follow,max-image-preview:large",https://familyboard.win/guides/apartment-maintenance-checklist/,,,sitemap,,,8,2,GSC discovery gap
https://familyboard.win/guides/appliance-inventory/,YES,YES,NO,NO,200,"index,follow,max-image-preview:large",https://familyboard.win/guides/appliance-inventory/,,,sitemap,,,26,2,GSC discovery gap
https://familyboard.win/guides/appliance-lifespan-planning/,YES,YES,NO,NO,200,"index,follow,max-image-preview:large",https://familyboard.win/guides/appliance-lifespan-planning/,,,sitemap,,,10,2,GSC discovery gap
https://familyboard.win/guides/appliance-replacement-planning/,YES,YES,YES,YES,200,"index,follow,max-image-preview:large",https://familyboard.win/guides/appliance-replacement-planning/,,,sitemap,,,19,2,GSC indexed
https://familyboard.win/guides/bathroom-exhaust-fan-maintenance-checklist/,YES,YES,NO,NO,200,"index,follow,max-image-preview:large",https://familyboard.win/guides/bathroom-exhaust-fan-maintenance-checklist/,,,sitemap,,,8,2,GSC discovery gap
https://familyboard.win/guides/carbon-monoxide-alarm-records/,YES,YES,YES,YES,200,"index,follow,max-image-preview:large",https://familyboard.win/guides/carbon-monoxide-alarm-records/,,,sitemap,,,8,2,GSC indexed
https://familyboard.win/guides/caregiver-handoff-checklist/,YES,YES,NO,NO,200,"index,follow,max-image-preview:large",https://familyboard.win/guides/caregiver-handoff-checklist/,,,sitemap,,,14,2,GSC discovery gap
https://familyboard.win/guides/ceiling-fan-maintenance-checklist/,YES,YES,YES,YES,200,"index,follow,max-image-preview:large",https://familyboard.win/guides/ceiling-fan-maintenance-checklist/,,,sitemap,,,7,2,GSC indexed
https://familyboard.win/guides/chore-chart-for-adults/,YES,YES,YES,NO,200,"index,follow,max-image-preview:large",https://familyboard.win/guides/chore-chart-for-adults/,,,sitemap,,,8,2,known but not indexed
https://familyboard.win/guides/cleaning-schedule/,YES,YES,NO,NO,200,"index,follow,max-image-preview:large",https://familyboard.win/guides/cleaning-schedule/,,,sitemap,,,10,2,GSC discovery gap
https://familyboard.win/guides/coffee-maker-maintenance-guide/,YES,YES,YES,YES,200,"index,follow,max-image-preview:large",https://familyboard.win/guides/coffee-maker-maintenance-guide/,,,sitemap,,,7,2,GSC indexed
https://familyboard.win/guides/computer-electronics-inventory/,YES,YES,NO,NO,200,"index,follow,max-image-preview:large",https://familyboard.win/guides/computer-electronics-inventory/,,,sitemap,,,9,2,GSC discovery gap
https://familyboard.win/guides/condo-maintenance-checklist/,YES,YES,YES,YES,200,"index,follow,max-image-preview:large",https://familyboard.win/guides/condo-maintenance-checklist/,,,sitemap,,,7,2,GSC indexed
https://familyboard.win/guides/contractor-records/,YES,YES,NO,NO,200,"index,follow,max-image-preview:large",https://familyboard.win/guides/contractor-records/,,,sitemap,,,19,2,GSC discovery gap
https://familyboard.win/guides/deep-cleaning-tracker/,YES,YES,NO,NO,200,"index,follow,max-image-preview:large",https://familyboard.win/guides/deep-cleaning-tracker/,,,sitemap,,,10,2,GSC discovery gap
https://familyboard.win/guides/dehumidifier-maintenance-guide/,YES,YES,NO,NO,200,"index,follow,max-image-preview:large",https://familyboard.win/guides/dehumidifier-maintenance-guide/,,,sitemap,,,8,2,GSC discovery gap
https://familyboard.win/guides/dehumidifier-maintenance-records/,YES,YES,NO,NO,200,"index,follow,max-image-preview:large",https://familyboard.win/guides/dehumidifier-maintenance-records/,,,sitemap,,,7,2,GSC discovery gap
https://familyboard.win/guides/digital-home-binder/,YES,YES,YES,YES,200,"index,follow,max-image-preview:large",https://familyboard.win/guides/digital-home-binder/,,,sitemap,,,19,2,GSC indexed
https://familyboard.win/guides/digital-home-inventory-backup/,YES,YES,NO,NO,200,"index,follow,max-image-preview:large",https://familyboard.win/guides/digital-home-inventory-backup/,,,sitemap,,,19,2,GSC discovery gap
https://familyboard.win/guides/dishwasher-maintenance-checklist/,YES,YES,YES,YES,200,"index,follow,max-image-preview:large",https://familyboard.win/guides/dishwasher-maintenance-checklist/,,,sitemap,,,8,2,GSC indexed
https://familyboard.win/guides/divide-household-responsibilities/,YES,YES,NO,NO,200,"index,follow,max-image-preview:large",https://familyboard.win/guides/divide-household-responsibilities/,,,sitemap,,,11,2,GSC discovery gap
https://familyboard.win/guides/dryer-maintenance-checklist/,YES,YES,YES,YES,200,"index,follow,max-image-preview:large",https://familyboard.win/guides/dryer-maintenance-checklist/,,,sitemap,,,8,2,GSC indexed
https://familyboard.win/guides/electronics-inventory/,YES,YES,NO,NO,200,"index,follow,max-image-preview:large",https://familyboard.win/guides/electronics-inventory/,,,sitemap,,,11,2,GSC discovery gap
https://familyboard.win/guides/emergency-binder/,YES,YES,NO,NO,200,"index,follow,max-image-preview:large",https://familyboard.win/guides/emergency-binder/,,,sitemap,,,14,2,GSC discovery gap
https://familyboard.win/guides/emergency-information-sheet/,YES,YES,YES,NO,200,"index,follow,max-image-preview:large",https://familyboard.win/guides/emergency-information-sheet/,,,sitemap,,,27,2,known but not indexed
https://familyboard.win/guides/emergency-supply-inventory/,YES,YES,NO,NO,200,"index,follow,max-image-preview:large",https://familyboard.win/guides/emergency-supply-inventory/,,,sitemap,,,17,2,GSC discovery gap
https://familyboard.win/guides/fall-home-maintenance-checklist/,YES,YES,YES,YES,200,"index,follow,max-image-preview:large",https://familyboard.win/guides/fall-home-maintenance-checklist/,,,sitemap,,,10,2,GSC indexed
https://familyboard.win/guides/family-chore-system/,YES,YES,YES,YES,200,"index,follow,max-image-preview:large",https://familyboard.win/guides/family-chore-system/,,,sitemap,,,17,2,GSC indexed
https://familyboard.win/guides/family-continuity-plan/,YES,YES,YES,YES,200,"index,follow,max-image-preview:large",https://familyboard.win/guides/family-continuity-plan/,,,sitemap,,,13,2,GSC indexed
https://familyboard.win/guides/family-emergency-contacts/,YES,YES,NO,NO,200,"index,follow,max-image-preview:large",https://familyboard.win/guides/family-emergency-contacts/,,,sitemap,,,9,2,GSC discovery gap
https://familyboard.win/guides/familyboard-accessibility-walkthrough-tutorial/,YES,YES,NO,NO,200,"index,follow,max-image-preview:large",https://familyboard.win/guides/familyboard-accessibility-walkthrough-tutorial/,,,sitemap,,,8,2,GSC discovery gap
https://familyboard.win/guides/familyboard-annual-subscription-cost-calculator-tutorial/,YES,YES,NO,NO,200,"index,follow,max-image-preview:large",https://familyboard.win/guides/familyboard-annual-subscription-cost-calculator-tutorial/,,,sitemap,,,8,2,GSC discovery gap
https://familyboard.win/guides/familyboard-app-first-run-restore-tutorial/,YES,YES,NO,NO,200,"index,follow,max-image-preview:large",https://familyboard.win/guides/familyboard-app-first-run-restore-tutorial/,,,sitemap,,,8,2,GSC discovery gap
https://familyboard.win/guides/familyboard-appliance-age-calculator-tutorial/,YES,YES,NO,NO,200,"index,follow,max-image-preview:large",https://familyboard.win/guides/familyboard-appliance-age-calculator-tutorial/,,,sitemap,,,7,2,GSC discovery gap
https://familyboard.win/guides/familyboard-appliance-maintenance-checklist-generator-tutorial/,YES,YES,NO,NO,200,"index,follow,max-image-preview:large",https://familyboard.win/guides/familyboard-appliance-maintenance-checklist-generator-tutorial/,,,sitemap,,,7,2,GSC discovery gap
https://familyboard.win/guides/familyboard-appliance-manual-source-check-tutorial/,YES,YES,NO,NO,200,"index,follow,max-image-preview:large",https://familyboard.win/guides/familyboard-appliance-manual-source-check-tutorial/,,,sitemap,,,7,2,GSC discovery gap
https://familyboard.win/guides/familyboard-appliance-manual-source-tutorial/,YES,YES,NO,NO,200,"index,follow,max-image-preview:large",https://familyboard.win/guides/familyboard-appliance-manual-source-tutorial/,,,sitemap,,,7,2,GSC discovery gap
https://familyboard.win/guides/familyboard-appliance-purchase-installation-tutorial/,YES,YES,NO,NO,200,"index,follow,max-image-preview:large",https://familyboard.win/guides/familyboard-appliance-purchase-installation-tutorial/,,,sitemap,,,7,2,GSC discovery gap
https://familyboard.win/guides/familyboard-appliance-repair-callback-tutorial/,YES,YES,NO,NO,200,"index,follow,max-image-preview:large",https://familyboard.win/guides/familyboard-appliance-repair-callback-tutorial/,,,sitemap,,,7,2,GSC discovery gap
https://familyboard.win/guides/familyboard-appliance-replacement-planner-tutorial/,YES,YES,NO,NO,200,"index,follow,max-image-preview:large",https://familyboard.win/guides/familyboard-appliance-replacement-planner-tutorial/,,,sitemap,,,8,2,GSC discovery gap
https://familyboard.win/guides/familyboard-appliance-service-visit-tutorial/,YES,YES,NO,NO,200,"index,follow,max-image-preview:large",https://familyboard.win/guides/familyboard-appliance-service-visit-tutorial/,,,sitemap,,,7,2,GSC discovery gap
https://familyboard.win/guides/familyboard-attachment-expiry-review-tutorial/,YES,YES,NO,NO,200,"index,follow,max-image-preview:large",https://familyboard.win/guides/familyboard-attachment-expiry-review-tutorial/,,,sitemap,,,8,2,GSC discovery gap
https://familyboard.win/guides/familyboard-attachment-metadata-tutorial/,YES,YES,NO,NO,200,"index,follow,max-image-preview:large",https://familyboard.win/guides/familyboard-attachment-metadata-tutorial/,,,sitemap,,,7,2,GSC discovery gap
https://familyboard.win/guides/familyboard-backup-recovery-checker-tutorial/,YES,YES,NO,NO,200,"index,follow,max-image-preview:large",https://familyboard.win/guides/familyboard-backup-recovery-checker-tutorial/,,,sitemap,,,7,2,GSC discovery gap
https://familyboard.win/guides/familyboard-backup-restore-rehearsal-tutorial/,YES,YES,NO,NO,200,"index,follow,max-image-preview:large",https://familyboard.win/guides/familyboard-backup-restore-rehearsal-tutorial/,,,sitemap,,,7,2,GSC discovery gap
https://familyboard.win/guides/familyboard-bill-review-tutorial/,YES,YES,NO,NO,200,"index,follow,max-image-preview:large",https://familyboard.win/guides/familyboard-bill-review-tutorial/,,,sitemap,,,7,2,GSC discovery gap
https://familyboard.win/guides/familyboard-browser-storage-cleanup-tutorial/,YES,YES,NO,NO,200,"index,follow,max-image-preview:large",https://familyboard.win/guides/familyboard-browser-storage-cleanup-tutorial/,,,sitemap,,,7,2,GSC discovery gap
https://familyboard.win/guides/familyboard-browser-storage-maintenance/,YES,YES,NO,NO,200,"index,follow,max-image-preview:large",https://familyboard.win/guides/familyboard-browser-storage-maintenance/,,,sitemap,,,9,2,GSC discovery gap
https://familyboard.win/guides/familyboard-building-notice-response-tutorial/,YES,YES,NO,NO,200,"index,follow,max-image-preview:large",https://familyboard.win/guides/familyboard-building-notice-response-tutorial/,,,sitemap,,,7,2,GSC discovery gap
https://familyboard.win/guides/familyboard-calendar-timezone-tutorial/,YES,YES,NO,NO,200,"index,follow,max-image-preview:large",https://familyboard.win/guides/familyboard-calendar-timezone-tutorial/,,,sitemap,,,7,2,GSC discovery gap
https://familyboard.win/guides/familyboard-calendar-tutorial/,YES,YES,NO,NO,200,"index,follow,max-image-preview:large",https://familyboard.win/guides/familyboard-calendar-tutorial/,,,sitemap,,,8,2,GSC discovery gap
https://familyboard.win/guides/familyboard-caregiver-handoff-source-authorization-tutorial/,YES,YES,NO,NO,200,"index,follow,max-image-preview:large",https://familyboard.win/guides/familyboard-caregiver-handoff-source-authorization-tutorial/,,,sitemap,,,7,2,GSC discovery gap
https://familyboard.win/guides/familyboard-cleaning-schedule-generator-tutorial/,YES,YES,NO,NO,200,"index,follow,max-image-preview:large",https://familyboard.win/guides/familyboard-cleaning-schedule-generator-tutorial/,,,sitemap,,,8,2,GSC discovery gap
https://familyboard.win/guides/familyboard-clothing-care-repair-log-tutorial/,YES,YES,NO,NO,200,"index,follow,max-image-preview:large",https://familyboard.win/guides/familyboard-clothing-care-repair-log-tutorial/,,,sitemap,,,8,2,GSC discovery gap
https://familyboard.win/guides/familyboard-clothing-care-tutorial/,YES,YES,NO,NO,200,"index,follow,max-image-preview:large",https://familyboard.win/guides/familyboard-clothing-care-tutorial/,,,sitemap,,,7,2,GSC discovery gap
https://familyboard.win/guides/familyboard-consumable-change-history-tutorial/,YES,YES,NO,NO,200,"index,follow,max-image-preview:large",https://familyboard.win/guides/familyboard-consumable-change-history-tutorial/,,,sitemap,,,7,2,GSC discovery gap
https://familyboard.win/guides/familyboard-contact-sensitivity-tutorial/,YES,YES,NO,NO,200,"index,follow,max-image-preview:large",https://familyboard.win/guides/familyboard-contact-sensitivity-tutorial/,,,sitemap,,,8,2,GSC discovery gap
https://familyboard.win/guides/familyboard-data-export-redaction-tutorial/,YES,YES,NO,NO,200,"index,follow,max-image-preview:large",https://familyboard.win/guides/familyboard-data-export-redaction-tutorial/,,,sitemap,,,8,2,GSC discovery gap
https://familyboard.win/guides/familyboard-date-offset-planner-tutorial/,YES,YES,NO,NO,200,"index,follow,max-image-preview:large",https://familyboard.win/guides/familyboard-date-offset-planner-tutorial/,,,sitemap,,,7,2,GSC discovery gap
https://familyboard.win/guides/familyboard-device-retirement-tutorial/,YES,YES,NO,NO,200,"index,follow,max-image-preview:large",https://familyboard.win/guides/familyboard-device-retirement-tutorial/,,,sitemap,,,8,2,GSC discovery gap
https://familyboard.win/guides/familyboard-document-renewal-tutorial/,YES,YES,NO,NO,200,"index,follow,max-image-preview:large",https://familyboard.win/guides/familyboard-document-renewal-tutorial/,,,sitemap,,,8,2,GSC discovery gap
https://familyboard.win/guides/familyboard-document-source-handoff-tutorial/,YES,YES,NO,NO,200,"index,follow,max-image-preview:large",https://familyboard.win/guides/familyboard-document-source-handoff-tutorial/,,,sitemap,,,7,2,GSC discovery gap
https://familyboard.win/guides/familyboard-documents-source-review-tutorial/,YES,YES,NO,NO,200,"index,follow,max-image-preview:large",https://familyboard.win/guides/familyboard-documents-source-review-tutorial/,,,sitemap,,,7,2,GSC discovery gap
https://familyboard.win/guides/familyboard-donation-handoff-tutorial/,YES,YES,NO,NO,200,"index,follow,max-image-preview:large",https://familyboard.win/guides/familyboard-donation-handoff-tutorial/,,,sitemap,,,8,2,GSC discovery gap
https://familyboard.win/guides/familyboard-emergency-binder-generator-tutorial/,YES,YES,NO,NO,200,"index,follow,max-image-preview:large",https://familyboard.win/guides/familyboard-emergency-binder-generator-tutorial/,,,sitemap,,,8,2,GSC discovery gap
https://familyboard.win/guides/familyboard-emergency-contact-sheet-generator-tutorial/,YES,YES,NO,NO,200,"index,follow,max-image-preview:large",https://familyboard.win/guides/familyboard-emergency-contact-sheet-generator-tutorial/,,,sitemap,,,8,2,GSC discovery gap
https://familyboard.win/guides/familyboard-emergency-contact-verification-tutorial/,YES,YES,NO,NO,200,"index,follow,max-image-preview:large",https://familyboard.win/guides/familyboard-emergency-contact-verification-tutorial/,,,sitemap,,,8,2,GSC discovery gap
https://familyboard.win/guides/familyboard-emergency-drill-tutorial/,YES,YES,NO,NO,200,"index,follow,max-image-preview:large",https://familyboard.win/guides/familyboard-emergency-drill-tutorial/,,,sitemap,,,7,2,GSC discovery gap
https://familyboard.win/guides/familyboard-emergency-information-privacy-tutorial/,YES,YES,NO,NO,200,"index,follow,max-image-preview:large",https://familyboard.win/guides/familyboard-emergency-information-privacy-tutorial/,,,sitemap,,,7,2,GSC discovery gap
https://familyboard.win/guides/familyboard-emergency-supply-inventory-audit-tutorial/,YES,YES,NO,NO,200,"index,follow,max-image-preview:large",https://familyboard.win/guides/familyboard-emergency-supply-inventory-audit-tutorial/,,,sitemap,,,8,2,GSC discovery gap
https://familyboard.win/guides/familyboard-encrypted-backup-password-tutorial/,YES,YES,NO,NO,200,"index,follow,max-image-preview:large",https://familyboard.win/guides/familyboard-encrypted-backup-password-tutorial/,,,sitemap,,,7,2,GSC discovery gap
https://familyboard.win/guides/familyboard-event-duration-calculator-tutorial/,YES,YES,NO,NO,200,"index,follow,max-image-preview:large",https://familyboard.win/guides/familyboard-event-duration-calculator-tutorial/,,,sitemap,,,8,2,GSC discovery gap
https://familyboard.win/guides/familyboard-event-source-index-tutorial/,YES,YES,NO,NO,200,"index,follow,max-image-preview:large",https://familyboard.win/guides/familyboard-event-source-index-tutorial/,,,sitemap,,,7,2,GSC discovery gap
https://familyboard.win/guides/familyboard-family-display-mode-setup/,YES,YES,NO,NO,200,"index,follow,max-image-preview:large",https://familyboard.win/guides/familyboard-family-display-mode-setup/,,,sitemap,,,8,2,GSC discovery gap
https://familyboard.win/guides/familyboard-free-home-management-app-tutorial/,YES,YES,NO,NO,200,"index,follow,max-image-preview:large",https://familyboard.win/guides/familyboard-free-home-management-app-tutorial/,,,sitemap,,,7,2,GSC discovery gap
https://familyboard.win/guides/familyboard-guest-arrival-prep-tutorial/,YES,YES,NO,NO,200,"index,follow,max-image-preview:large",https://familyboard.win/guides/familyboard-guest-arrival-prep-tutorial/,,,sitemap,,,8,2,GSC discovery gap
https://familyboard.win/guides/familyboard-guest-service-visit-reset-tutorial/,YES,YES,NO,NO,200,"index,follow,max-image-preview:large",https://familyboard.win/guides/familyboard-guest-service-visit-reset-tutorial/,,,sitemap,,,7,2,GSC discovery gap
https://familyboard.win/guides/familyboard-handoff-acceptance-tutorial/,YES,YES,NO,NO,200,"index,follow,max-image-preview:large",https://familyboard.win/guides/familyboard-handoff-acceptance-tutorial/,,,sitemap,,,7,2,GSC discovery gap
https://familyboard.win/guides/familyboard-home-access-handoff-tutorial/,YES,YES,NO,NO,200,"index,follow,max-image-preview:large",https://familyboard.win/guides/familyboard-home-access-handoff-tutorial/,,,sitemap,,,9,2,GSC discovery gap
https://familyboard.win/guides/familyboard-home-accessibility-walkthrough-log-tutorial/,YES,YES,NO,NO,200,"index,follow,max-image-preview:large",https://familyboard.win/guides/familyboard-home-accessibility-walkthrough-log-tutorial/,,,sitemap,,,8,2,GSC discovery gap
https://familyboard.win/guides/familyboard-home-care-billing-discrepancy-tutorial/,YES,YES,NO,NO,200,"index,follow,max-image-preview:large",https://familyboard.win/guides/familyboard-home-care-billing-discrepancy-tutorial/,,,sitemap,,,8,2,GSC discovery gap
https://familyboard.win/guides/familyboard-home-care-complaint-response-resolution-tutorial/,YES,YES,NO,NO,200,"index,follow,max-image-preview:large",https://familyboard.win/guides/familyboard-home-care-complaint-response-resolution-tutorial/,,,sitemap,,,7,2,GSC discovery gap
https://familyboard.win/guides/familyboard-home-care-payment-refund-collection-notice-tutorial/,YES,YES,NO,NO,200,"index,follow,max-image-preview:large",https://familyboard.win/guides/familyboard-home-care-payment-refund-collection-notice-tutorial/,,,sitemap,,,7,2,GSC discovery gap
https://familyboard.win/guides/familyboard-home-care-service-interruption-backup-continuity-tutorial/,YES,YES,NO,NO,200,"index,follow,max-image-preview:large",https://familyboard.win/guides/familyboard-home-care-service-interruption-backup-continuity-tutorial/,,,sitemap,,,7,2,GSC discovery gap
https://familyboard.win/guides/familyboard-home-care-service-plan-change-notice-tutorial/,YES,YES,NO,NO,200,"index,follow,max-image-preview:large",https://familyboard.win/guides/familyboard-home-care-service-plan-change-notice-tutorial/,,,sitemap,,,8,2,GSC discovery gap
https://familyboard.win/guides/familyboard-home-care-visit-scope-service-result-tutorial/,YES,YES,NO,NO,200,"index,follow,max-image-preview:large",https://familyboard.win/guides/familyboard-home-care-visit-scope-service-result-tutorial/,,,sitemap,,,7,2,GSC discovery gap
https://familyboard.win/guides/familyboard-home-closure-reopening-tutorial/,YES,YES,NO,NO,200,"index,follow,max-image-preview:large",https://familyboard.win/guides/familyboard-home-closure-reopening-tutorial/,,,sitemap,,,7,2,GSC discovery gap
https://familyboard.win/guides/familyboard-home-dashboard-weekly-review-tutorial/,YES,YES,NO,NO,200,"index,follow,max-image-preview:large",https://familyboard.win/guides/familyboard-home-dashboard-weekly-review-tutorial/,,,sitemap,,,8,2,GSC discovery gap
https://familyboard.win/guides/familyboard-home-emergency-drill-record-tutorial/,YES,YES,NO,NO,200,"index,follow,max-image-preview:large",https://familyboard.win/guides/familyboard-home-emergency-drill-record-tutorial/,,,sitemap,,,7,2,GSC discovery gap
https://familyboard.win/guides/familyboard-home-handoff-summary-generator-tutorial/,YES,YES,NO,NO,200,"index,follow,max-image-preview:large",https://familyboard.win/guides/familyboard-home-handoff-summary-generator-tutorial/,,,sitemap,,,7,2,GSC discovery gap
https://familyboard.win/guides/familyboard-home-inventory-checklist-generator-tutorial/,YES,YES,NO,NO,200,"index,follow,max-image-preview:large",https://familyboard.win/guides/familyboard-home-inventory-checklist-generator-tutorial/,,,sitemap,,,8,2,GSC discovery gap
https://familyboard.win/guides/familyboard-home-maintenance-cost-tracker-tutorial/,YES,YES,NO,NO,200,"index,follow,max-image-preview:large",https://familyboard.win/guides/familyboard-home-maintenance-cost-tracker-tutorial/,,,sitemap,,,7,2,GSC discovery gap
https://familyboard.win/guides/familyboard-home-maintenance-schedule-generator-tutorial/,YES,YES,NO,NO,200,"index,follow,max-image-preview:large",https://familyboard.win/guides/familyboard-home-maintenance-schedule-generator-tutorial/,,,sitemap,,,9,2,GSC discovery gap
https://familyboard.win/guides/familyboard-home-repair-change-order-tutorial/,YES,YES,NO,NO,200,"index,follow,max-image-preview:large",https://familyboard.win/guides/familyboard-home-repair-change-order-tutorial/,,,sitemap,,,7,2,GSC discovery gap
https://familyboard.win/guides/familyboard-home-repair-closeout-checklist-tutorial/,YES,YES,NO,NO,200,"index,follow,max-image-preview:large",https://familyboard.win/guides/familyboard-home-repair-closeout-checklist-tutorial/,,,sitemap,,,7,2,GSC discovery gap
https://familyboard.win/guides/familyboard-home-repair-cost-log-tutorial/,YES,YES,NO,NO,200,"index,follow,max-image-preview:large",https://familyboard.win/guides/familyboard-home-repair-cost-log-tutorial/,,,sitemap,,,7,2,GSC discovery gap
https://familyboard.win/guides/familyboard-home-service-provider-verification-tutorial/,YES,YES,NO,NO,200,"index,follow,max-image-preview:large",https://familyboard.win/guides/familyboard-home-service-provider-verification-tutorial/,,,sitemap,,,7,2,GSC discovery gap
https://familyboard.win/guides/familyboard-home-service-reminder-generator-tutorial/,YES,YES,NO,NO,200,"index,follow,max-image-preview:large",https://familyboard.win/guides/familyboard-home-service-reminder-generator-tutorial/,,,sitemap,,,7,2,GSC discovery gap
https://familyboard.win/guides/familyboard-house-sitter-instruction-generator-tutorial/,YES,YES,NO,NO,200,"index,follow,max-image-preview:large",https://familyboard.win/guides/familyboard-house-sitter-instruction-generator-tutorial/,,,sitemap,,,7,2,GSC discovery gap
https://familyboard.win/guides/familyboard-household-account-list-tutorial/,YES,YES,NO,NO,200,"index,follow,max-image-preview:large",https://familyboard.win/guides/familyboard-household-account-list-tutorial/,,,sitemap,,,9,2,GSC discovery gap
https://familyboard.win/guides/familyboard-household-admin-backup-tutorial/,YES,YES,NO,NO,200,"index,follow,max-image-preview:large",https://familyboard.win/guides/familyboard-household-admin-backup-tutorial/,,,sitemap,,,9,2,GSC discovery gap
https://familyboard.win/guides/familyboard-household-admin-escalation-tutorial/,YES,YES,NO,NO,200,"index,follow,max-image-preview:large",https://familyboard.win/guides/familyboard-household-admin-escalation-tutorial/,,,sitemap,,,7,2,GSC discovery gap
https://familyboard.win/guides/familyboard-household-annual-review-generator-tutorial/,YES,YES,NO,NO,200,"index,follow,max-image-preview:large",https://familyboard.win/guides/familyboard-household-annual-review-generator-tutorial/,,,sitemap,,,7,2,GSC discovery gap
https://familyboard.win/guides/familyboard-household-availability-window-tutorial/,YES,YES,NO,NO,200,"index,follow,max-image-preview:large",https://familyboard.win/guides/familyboard-household-availability-window-tutorial/,,,sitemap,,,7,2,GSC discovery gap
https://familyboard.win/guides/familyboard-household-backup-recovery-checker-tutorial/,YES,YES,NO,NO,200,"index,follow,max-image-preview:large",https://familyboard.win/guides/familyboard-household-backup-recovery-checker-tutorial/,,,sitemap,,,7,2,GSC discovery gap
https://familyboard.win/guides/familyboard-household-bill-source-status-tutorial/,YES,YES,NO,NO,200,"index,follow,max-image-preview:large",https://familyboard.win/guides/familyboard-household-bill-source-status-tutorial/,,,sitemap,,,7,2,GSC discovery gap
https://familyboard.win/guides/familyboard-household-decision-log-tutorial/,YES,YES,NO,NO,200,"index,follow,max-image-preview:large",https://familyboard.win/guides/familyboard-household-decision-log-tutorial/,,,sitemap,,,7,2,GSC discovery gap
https://familyboard.win/guides/familyboard-household-decision-register-tutorial/,YES,YES,NO,NO,200,"index,follow,max-image-preview:large",https://familyboard.win/guides/familyboard-household-decision-register-tutorial/,,,sitemap,,,7,2,GSC discovery gap
https://familyboard.win/guides/familyboard-household-document-index-generator-tutorial/,YES,YES,NO,NO,200,"index,follow,max-image-preview:large",https://familyboard.win/guides/familyboard-household-document-index-generator-tutorial/,,,sitemap,,,7,2,GSC discovery gap
https://familyboard.win/guides/familyboard-household-document-redaction-tutorial/,YES,YES,NO,NO,200,"index,follow,max-image-preview:large",https://familyboard.win/guides/familyboard-household-document-redaction-tutorial/,,,sitemap,,,7,2,GSC discovery gap
https://familyboard.win/guides/familyboard-household-export-scope-review-tutorial/,YES,YES,NO,NO,200,"index,follow,max-image-preview:large",https://familyboard.win/guides/familyboard-household-export-scope-review-tutorial/,,,sitemap,,,7,2,GSC discovery gap
https://familyboard.win/guides/familyboard-household-handoff-tutorial/,YES,YES,NO,NO,200,"index,follow,max-image-preview:large",https://familyboard.win/guides/familyboard-household-handoff-tutorial/,,,sitemap,,,16,2,GSC discovery gap
https://familyboard.win/guides/familyboard-household-language-preference-handoff-tutorial/,YES,YES,NO,NO,200,"index,follow,max-image-preview:large",https://familyboard.win/guides/familyboard-household-language-preference-handoff-tutorial/,,,sitemap,,,6,2,GSC discovery gap
https://familyboard.win/guides/familyboard-household-meeting-agenda-action-log-tutorial/,YES,YES,NO,NO,200,"index,follow,max-image-preview:large",https://familyboard.win/guides/familyboard-household-meeting-agenda-action-log-tutorial/,,,sitemap,,,7,2,GSC discovery gap
https://familyboard.win/guides/familyboard-household-meeting-tutorial/,YES,YES,NO,NO,200,"index,follow,max-image-preview:large",https://familyboard.win/guides/familyboard-household-meeting-tutorial/,,,sitemap,,,10,2,GSC discovery gap
https://familyboard.win/guides/familyboard-household-members-responsibilities-tutorial/,YES,YES,NO,NO,200,"index,follow,max-image-preview:large",https://familyboard.win/guides/familyboard-household-members-responsibilities-tutorial/,,,sitemap,,,7,2,GSC discovery gap
https://familyboard.win/guides/familyboard-household-notification-routing-tutorial/,YES,YES,NO,NO,200,"index,follow,max-image-preview:large",https://familyboard.win/guides/familyboard-household-notification-routing-tutorial/,,,sitemap,,,7,2,GSC discovery gap
https://familyboard.win/guides/familyboard-household-quiet-hours-tutorial/,YES,YES,NO,NO,200,"index,follow,max-image-preview:large",https://familyboard.win/guides/familyboard-household-quiet-hours-tutorial/,,,sitemap,,,7,2,GSC discovery gap
https://familyboard.win/guides/familyboard-household-responsibility-coverage-map-tutorial/,YES,YES,NO,NO,200,"index,follow,max-image-preview:large",https://familyboard.win/guides/familyboard-household-responsibility-coverage-map-tutorial/,,,sitemap,,,7,2,GSC discovery gap
https://familyboard.win/guides/familyboard-household-responsibility-coverage-tutorial/,YES,YES,NO,NO,200,"index,follow,max-image-preview:large",https://familyboard.win/guides/familyboard-household-responsibility-coverage-tutorial/,,,sitemap,,,8,2,GSC discovery gap
https://familyboard.win/guides/familyboard-household-return-handoff-tutorial/,YES,YES,NO,NO,200,"index,follow,max-image-preview:large",https://familyboard.win/guides/familyboard-household-return-handoff-tutorial/,,,sitemap,,,9,2,GSC discovery gap
https://familyboard.win/guides/familyboard-household-role-change-audit-tutorial/,YES,YES,NO,NO,200,"index,follow,max-image-preview:large",https://familyboard.win/guides/familyboard-household-role-change-audit-tutorial/,,,sitemap,,,7,2,GSC discovery gap
https://familyboard.win/guides/familyboard-household-shopping-list-planner-tutorial/,YES,YES,NO,NO,200,"index,follow,max-image-preview:large",https://familyboard.win/guides/familyboard-household-shopping-list-planner-tutorial/,,,sitemap,,,7,2,GSC discovery gap
https://familyboard.win/guides/familyboard-household-subscription-cost-calculator-tutorial/,YES,YES,NO,NO,200,"index,follow,max-image-preview:large",https://familyboard.win/guides/familyboard-household-subscription-cost-calculator-tutorial/,,,sitemap,,,8,2,GSC discovery gap
https://familyboard.win/guides/familyboard-household-task-dependency-map-tutorial/,YES,YES,NO,NO,200,"index,follow,max-image-preview:large",https://familyboard.win/guides/familyboard-household-task-dependency-map-tutorial/,,,sitemap,,,7,2,GSC discovery gap
https://familyboard.win/guides/familyboard-household-time-window-overlap-checker-tutorial/,YES,YES,NO,NO,200,"index,follow,max-image-preview:large",https://familyboard.win/guides/familyboard-household-time-window-overlap-checker-tutorial/,,,sitemap,,,7,2,GSC discovery gap
https://familyboard.win/guides/familyboard-important-household-document-review-tutorial/,YES,YES,NO,NO,200,"index,follow,max-image-preview:large",https://familyboard.win/guides/familyboard-important-household-document-review-tutorial/,,,sitemap,,,7,2,GSC discovery gap
https://familyboard.win/guides/familyboard-insurance-claim-timeline-tutorial/,YES,YES,NO,NO,200,"index,follow,max-image-preview:large",https://familyboard.win/guides/familyboard-insurance-claim-timeline-tutorial/,,,sitemap,,,8,2,GSC discovery gap
https://familyboard.win/guides/familyboard-insurance-policy-source-version-tutorial/,YES,YES,NO,NO,200,"index,follow,max-image-preview:large",https://familyboard.win/guides/familyboard-insurance-policy-source-version-tutorial/,,,sitemap,,,7,2,GSC discovery gap
https://familyboard.win/guides/familyboard-internet-incident-tutorial/,YES,YES,NO,NO,200,"index,follow,max-image-preview:large",https://familyboard.win/guides/familyboard-internet-incident-tutorial/,,,sitemap,,,8,2,GSC discovery gap
https://familyboard.win/guides/familyboard-mail-package-handoff-log-tutorial/,YES,YES,NO,NO,200,"index,follow,max-image-preview:large",https://familyboard.win/guides/familyboard-mail-package-handoff-log-tutorial/,,,sitemap,,,7,2,GSC discovery gap
https://familyboard.win/guides/familyboard-mail-package-handoff-tutorial/,YES,YES,NO,NO,200,"index,follow,max-image-preview:large",https://familyboard.win/guides/familyboard-mail-package-handoff-tutorial/,,,sitemap,,,8,2,GSC discovery gap
https://familyboard.win/guides/familyboard-maintenance-delegation-map-tutorial/,YES,YES,NO,NO,200,"index,follow,max-image-preview:large",https://familyboard.win/guides/familyboard-maintenance-delegation-map-tutorial/,,,sitemap,,,7,2,GSC discovery gap
https://familyboard.win/guides/familyboard-maintenance-event-cost-tutorial/,YES,YES,NO,NO,200,"index,follow,max-image-preview:large",https://familyboard.win/guides/familyboard-maintenance-event-cost-tutorial/,,,sitemap,,,7,2,GSC discovery gap
https://familyboard.win/guides/familyboard-maintenance-evidence-confidence-tutorial/,YES,YES,NO,NO,200,"index,follow,max-image-preview:large",https://familyboard.win/guides/familyboard-maintenance-evidence-confidence-tutorial/,,,sitemap,,,7,2,GSC discovery gap
https://familyboard.win/guides/familyboard-maintenance-history-review/,YES,YES,NO,NO,200,"index,follow,max-image-preview:large",https://familyboard.win/guides/familyboard-maintenance-history-review/,,,sitemap,,,7,2,GSC discovery gap
https://familyboard.win/guides/familyboard-maintenance-priority-review-tutorial/,YES,YES,NO,NO,200,"index,follow,max-image-preview:large",https://familyboard.win/guides/familyboard-maintenance-priority-review-tutorial/,,,sitemap,,,8,2,GSC discovery gap
https://familyboard.win/guides/familyboard-maintenance-tracker-tutorial/,YES,YES,NO,NO,200,"index,follow,max-image-preview:large",https://familyboard.win/guides/familyboard-maintenance-tracker-tutorial/,,,sitemap,,,7,2,GSC discovery gap
https://familyboard.win/guides/familyboard-master-csv-edit-import-tutorial/,YES,YES,NO,NO,200,"index,follow,max-image-preview:large",https://familyboard.win/guides/familyboard-master-csv-edit-import-tutorial/,,,sitemap,,,7,2,GSC discovery gap
https://familyboard.win/guides/familyboard-master-csv-edit-import/,YES,YES,NO,NO,200,"index,follow,max-image-preview:large",https://familyboard.win/guides/familyboard-master-csv-edit-import/,,,sitemap,,,9,2,GSC discovery gap
https://familyboard.win/guides/familyboard-meal-prep-role-log-tutorial/,YES,YES,NO,NO,200,"index,follow,max-image-preview:large",https://familyboard.win/guides/familyboard-meal-prep-role-log-tutorial/,,,sitemap,,,7,2,GSC discovery gap
https://familyboard.win/guides/familyboard-meal-prep-tutorial/,YES,YES,NO,NO,200,"index,follow,max-image-preview:large",https://familyboard.win/guides/familyboard-meal-prep-tutorial/,,,sitemap,,,7,2,GSC discovery gap
https://familyboard.win/guides/familyboard-medical-information-source-handoff-tutorial/,YES,YES,NO,NO,200,"index,follow,max-image-preview:large",https://familyboard.win/guides/familyboard-medical-information-source-handoff-tutorial/,,,sitemap,,,7,2,GSC discovery gap
https://familyboard.win/guides/familyboard-member-archive-tutorial/,YES,YES,NO,NO,200,"index,follow,max-image-preview:large",https://familyboard.win/guides/familyboard-member-archive-tutorial/,,,sitemap,,,7,2,GSC discovery gap
https://familyboard.win/guides/familyboard-meter-reading-tutorial/,YES,YES,NO,NO,200,"index,follow,max-image-preview:large",https://familyboard.win/guides/familyboard-meter-reading-tutorial/,,,sitemap,,,7,2,GSC discovery gap
https://familyboard.win/guides/familyboard-monthly-review-action-tutorial/,YES,YES,NO,NO,200,"index,follow,max-image-preview:large",https://familyboard.win/guides/familyboard-monthly-review-action-tutorial/,,,sitemap,,,11,2,GSC discovery gap
https://familyboard.win/guides/familyboard-move-in-checklist-generator-tutorial/,YES,YES,NO,NO,200,"index,follow,max-image-preview:large",https://familyboard.win/guides/familyboard-move-in-checklist-generator-tutorial/,,,sitemap,,,7,2,GSC discovery gap
https://familyboard.win/guides/familyboard-move-out-condition-report-generator-tutorial/,YES,YES,NO,NO,200,"index,follow,max-image-preview:large",https://familyboard.win/guides/familyboard-move-out-condition-report-generator-tutorial/,,,sitemap,,,7,2,GSC discovery gap
https://familyboard.win/guides/familyboard-move-out-condition-tutorial/,YES,YES,NO,NO,200,"index,follow,max-image-preview:large",https://familyboard.win/guides/familyboard-move-out-condition-tutorial/,,,sitemap,,,7,2,GSC discovery gap
https://familyboard.win/guides/familyboard-moving-box-handover-log-tutorial/,YES,YES,NO,NO,200,"index,follow,max-image-preview:large",https://familyboard.win/guides/familyboard-moving-box-handover-log-tutorial/,,,sitemap,,,7,2,GSC discovery gap
https://familyboard.win/guides/familyboard-offline-backup-restore/,YES,YES,NO,NO,200,"index,follow,max-image-preview:large",https://familyboard.win/guides/familyboard-offline-backup-restore/,,,sitemap,,,18,2,GSC discovery gap
https://familyboard.win/guides/familyboard-old-tablet-display-tutorial/,YES,YES,NO,NO,200,"index,follow,max-image-preview:large",https://familyboard.win/guides/familyboard-old-tablet-display-tutorial/,,,sitemap,,,7,2,GSC discovery gap
https://familyboard.win/guides/familyboard-pantry-expiry-review-log-tutorial/,YES,YES,NO,NO,200,"index,follow,max-image-preview:large",https://familyboard.win/guides/familyboard-pantry-expiry-review-log-tutorial/,,,sitemap,,,7,2,GSC discovery gap
https://familyboard.win/guides/familyboard-pantry-review-tutorial/,YES,YES,NO,NO,200,"index,follow,max-image-preview:large",https://familyboard.win/guides/familyboard-pantry-review-tutorial/,,,sitemap,,,9,2,GSC discovery gap
https://familyboard.win/guides/familyboard-pet-record-source-handoff-tutorial/,YES,YES,NO,NO,200,"index,follow,max-image-preview:large",https://familyboard.win/guides/familyboard-pet-record-source-handoff-tutorial/,,,sitemap,,,7,2,GSC discovery gap
https://familyboard.win/guides/familyboard-pet-sitter-instruction-generator-tutorial/,YES,YES,NO,NO,200,"index,follow,max-image-preview:large",https://familyboard.win/guides/familyboard-pet-sitter-instruction-generator-tutorial/,,,sitemap,,,7,2,GSC discovery gap
https://familyboard.win/guides/familyboard-photo-inventory-tutorial/,YES,YES,NO,NO,200,"index,follow,max-image-preview:large",https://familyboard.win/guides/familyboard-photo-inventory-tutorial/,,,sitemap,,,7,2,GSC discovery gap
https://familyboard.win/guides/familyboard-plant-care-handoff-log-tutorial/,YES,YES,NO,NO,200,"index,follow,max-image-preview:large",https://familyboard.win/guides/familyboard-plant-care-handoff-log-tutorial/,,,sitemap,,,7,2,GSC discovery gap
https://familyboard.win/guides/familyboard-plant-care-handoff-tutorial/,YES,YES,NO,NO,200,"index,follow,max-image-preview:large",https://familyboard.win/guides/familyboard-plant-care-handoff-tutorial/,,,sitemap,,,7,2,GSC discovery gap
https://familyboard.win/guides/familyboard-power-outage-event-log-tutorial/,YES,YES,NO,NO,200,"index,follow,max-image-preview:large",https://familyboard.win/guides/familyboard-power-outage-event-log-tutorial/,,,sitemap,,,10,2,GSC discovery gap
https://familyboard.win/guides/familyboard-printout-download-retention-tutorial/,YES,YES,NO,NO,200,"index,follow,max-image-preview:large",https://familyboard.win/guides/familyboard-printout-download-retention-tutorial/,,,sitemap,,,7,2,GSC discovery gap
https://familyboard.win/guides/familyboard-privacy-review-handoff-tutorial/,YES,YES,NO,NO,200,"index,follow,max-image-preview:large",https://familyboard.win/guides/familyboard-privacy-review-handoff-tutorial/,,,sitemap,,,7,2,GSC discovery gap
https://familyboard.win/guides/familyboard-private-family-organizer-tutorial/,YES,YES,NO,NO,200,"index,follow,max-image-preview:large",https://familyboard.win/guides/familyboard-private-family-organizer-tutorial/,,,sitemap,,,8,2,GSC discovery gap
https://familyboard.win/guides/familyboard-product-recall-action-log-tutorial/,YES,YES,NO,NO,200,"index,follow,max-image-preview:large",https://familyboard.win/guides/familyboard-product-recall-action-log-tutorial/,,,sitemap,,,7,2,GSC discovery gap
https://familyboard.win/guides/familyboard-product-recall-action-tutorial/,YES,YES,NO,NO,200,"index,follow,max-image-preview:large",https://familyboard.win/guides/familyboard-product-recall-action-tutorial/,,,sitemap,,,7,2,GSC discovery gap
https://familyboard.win/guides/familyboard-purchase-comparison-tutorial/,YES,YES,NO,NO,200,"index,follow,max-image-preview:large",https://familyboard.win/guides/familyboard-purchase-comparison-tutorial/,,,sitemap,,,7,2,GSC discovery gap
https://familyboard.win/guides/familyboard-purchase-delivery-evidence-tutorial/,YES,YES,NO,NO,200,"index,follow,max-image-preview:large",https://familyboard.win/guides/familyboard-purchase-delivery-evidence-tutorial/,,,sitemap,,,7,2,GSC discovery gap
https://familyboard.win/guides/familyboard-pwa-update-tutorial/,YES,YES,NO,NO,200,"index,follow,max-image-preview:large",https://familyboard.win/guides/familyboard-pwa-update-tutorial/,,,sitemap,,,7,2,GSC discovery gap
https://familyboard.win/guides/familyboard-receipt-retention-organizer-tutorial/,YES,YES,NO,NO,200,"index,follow,max-image-preview:large",https://familyboard.win/guides/familyboard-receipt-retention-organizer-tutorial/,,,sitemap,,,7,2,GSC discovery gap
https://familyboard.win/guides/familyboard-receipt-source-verification-tutorial/,YES,YES,NO,NO,200,"index,follow,max-image-preview:large",https://familyboard.win/guides/familyboard-receipt-source-verification-tutorial/,,,sitemap,,,7,2,GSC discovery gap
https://familyboard.win/guides/familyboard-record-linking-tutorial/,YES,YES,NO,NO,200,"index,follow,max-image-preview:large",https://familyboard.win/guides/familyboard-record-linking-tutorial/,,,sitemap,,,7,2,GSC discovery gap
https://familyboard.win/guides/familyboard-record-retention-decision-log-tutorial/,YES,YES,NO,NO,200,"index,follow,max-image-preview:large",https://familyboard.win/guides/familyboard-record-retention-decision-log-tutorial/,,,sitemap,,,7,2,GSC discovery gap
https://familyboard.win/guides/familyboard-record-retention-decision-tutorial/,YES,YES,NO,NO,200,"index,follow,max-image-preview:large",https://familyboard.win/guides/familyboard-record-retention-decision-tutorial/,,,sitemap,,,7,2,GSC discovery gap
https://familyboard.win/guides/familyboard-record-retrieval-drill-tutorial/,YES,YES,NO,NO,200,"index,follow,max-image-preview:large",https://familyboard.win/guides/familyboard-record-retrieval-drill-tutorial/,,,sitemap,,,7,2,GSC discovery gap
https://familyboard.win/guides/familyboard-record-retrieval-practice-tutorial/,YES,YES,NO,NO,200,"index,follow,max-image-preview:large",https://familyboard.win/guides/familyboard-record-retrieval-practice-tutorial/,,,sitemap,,,7,2,GSC discovery gap
https://familyboard.win/guides/familyboard-recurring-chore-planner-tutorial/,YES,YES,NO,NO,200,"index,follow,max-image-preview:large",https://familyboard.win/guides/familyboard-recurring-chore-planner-tutorial/,,,sitemap,,,7,2,GSC discovery gap
https://familyboard.win/guides/familyboard-recycling-handoff-tutorial/,YES,YES,NO,NO,200,"index,follow,max-image-preview:large",https://familyboard.win/guides/familyboard-recycling-handoff-tutorial/,,,sitemap,,,8,2,GSC discovery gap
https://familyboard.win/guides/familyboard-rental-home-maintenance-handoff-tutorial/,YES,YES,NO,NO,200,"index,follow,max-image-preview:large",https://familyboard.win/guides/familyboard-rental-home-maintenance-handoff-tutorial/,,,sitemap,,,7,2,GSC discovery gap
https://familyboard.win/guides/familyboard-rental-repair-request-tutorial/,YES,YES,NO,NO,200,"index,follow,max-image-preview:large",https://familyboard.win/guides/familyboard-rental-repair-request-tutorial/,,,sitemap,,,7,2,GSC discovery gap
https://familyboard.win/guides/familyboard-rental-security-deposit-move-out-tutorial/,YES,YES,NO,NO,200,"index,follow,max-image-preview:large",https://familyboard.win/guides/familyboard-rental-security-deposit-move-out-tutorial/,,,sitemap,,,7,2,GSC discovery gap
https://familyboard.win/guides/familyboard-repair-change-order-tutorial/,YES,YES,NO,NO,200,"index,follow,max-image-preview:large",https://familyboard.win/guides/familyboard-repair-change-order-tutorial/,,,sitemap,,,7,2,GSC discovery gap
https://familyboard.win/guides/familyboard-repair-evidence-timeline-tutorial/,YES,YES,NO,NO,200,"index,follow,max-image-preview:large",https://familyboard.win/guides/familyboard-repair-evidence-timeline-tutorial/,,,sitemap,,,7,2,GSC discovery gap
https://familyboard.win/guides/familyboard-repair-punch-list-review-tutorial/,YES,YES,NO,NO,200,"index,follow,max-image-preview:large",https://familyboard.win/guides/familyboard-repair-punch-list-review-tutorial/,,,sitemap,,,7,2,GSC discovery gap
https://familyboard.win/guides/familyboard-repair-punch-list-tutorial/,YES,YES,NO,NO,200,"index,follow,max-image-preview:large",https://familyboard.win/guides/familyboard-repair-punch-list-tutorial/,,,sitemap,,,9,2,GSC discovery gap
https://familyboard.win/guides/familyboard-replacement-part-source-check-log-tutorial/,YES,YES,NO,NO,200,"index,follow,max-image-preview:large",https://familyboard.win/guides/familyboard-replacement-part-source-check-log-tutorial/,,,sitemap,,,7,2,GSC discovery gap
https://familyboard.win/guides/familyboard-replacement-part-source-check-tutorial/,YES,YES,NO,NO,200,"index,follow,max-image-preview:large",https://familyboard.win/guides/familyboard-replacement-part-source-check-tutorial/,,,sitemap,,,7,2,GSC discovery gap
https://familyboard.win/guides/familyboard-reset-local-household-tutorial/,YES,YES,NO,NO,200,"index,follow,max-image-preview:large",https://familyboard.win/guides/familyboard-reset-local-household-tutorial/,,,sitemap,,,7,2,GSC discovery gap
https://familyboard.win/guides/familyboard-restore-merge-replace-tutorial/,YES,YES,NO,NO,200,"index,follow,max-image-preview:large",https://familyboard.win/guides/familyboard-restore-merge-replace-tutorial/,,,sitemap,,,7,2,GSC discovery gap
https://familyboard.win/guides/familyboard-room-inventory-generator-tutorial/,YES,YES,NO,NO,200,"index,follow,max-image-preview:large",https://familyboard.win/guides/familyboard-room-inventory-generator-tutorial/,,,sitemap,,,7,2,GSC discovery gap
https://familyboard.win/guides/familyboard-router-support-review-tutorial/,YES,YES,NO,NO,200,"index,follow,max-image-preview:large",https://familyboard.win/guides/familyboard-router-support-review-tutorial/,,,sitemap,,,7,2,GSC discovery gap
https://familyboard.win/guides/familyboard-schedule-conflict-review-tutorial/,YES,YES,NO,NO,200,"index,follow,max-image-preview:large",https://familyboard.win/guides/familyboard-schedule-conflict-review-tutorial/,,,sitemap,,,8,2,GSC discovery gap
https://familyboard.win/guides/familyboard-school-activity-handoff-tutorial/,YES,YES,NO,NO,200,"index,follow,max-image-preview:large",https://familyboard.win/guides/familyboard-school-activity-handoff-tutorial/,,,sitemap,,,7,2,GSC discovery gap
https://familyboard.win/guides/familyboard-school-closure-continuity-tutorial/,YES,YES,NO,NO,200,"index,follow,max-image-preview:large",https://familyboard.win/guides/familyboard-school-closure-continuity-tutorial/,,,sitemap,,,9,2,GSC discovery gap
https://familyboard.win/guides/familyboard-school-pickup-handoff-tutorial/,YES,YES,NO,NO,200,"index,follow,max-image-preview:large",https://familyboard.win/guides/familyboard-school-pickup-handoff-tutorial/,,,sitemap,,,7,2,GSC discovery gap
https://familyboard.win/guides/familyboard-school-record-source-handoff-tutorial/,YES,YES,NO,NO,200,"index,follow,max-image-preview:large",https://familyboard.win/guides/familyboard-school-record-source-handoff-tutorial/,,,sitemap,,,7,2,GSC discovery gap
https://familyboard.win/guides/familyboard-seasonal-reset-tutorial/,YES,YES,NO,NO,200,"index,follow,max-image-preview:large",https://familyboard.win/guides/familyboard-seasonal-reset-tutorial/,,,sitemap,,,7,2,GSC discovery gap
https://familyboard.win/guides/familyboard-service-appointment-handoff-tutorial/,YES,YES,NO,NO,200,"index,follow,max-image-preview:large",https://familyboard.win/guides/familyboard-service-appointment-handoff-tutorial/,,,sitemap,,,8,2,GSC discovery gap
https://familyboard.win/guides/familyboard-service-provider-verification-tutorial/,YES,YES,NO,NO,200,"index,follow,max-image-preview:large",https://familyboard.win/guides/familyboard-service-provider-verification-tutorial/,,,sitemap,,,7,2,GSC discovery gap
https://familyboard.win/guides/familyboard-service-quote-comparison-tutorial/,YES,YES,NO,NO,200,"index,follow,max-image-preview:large",https://familyboard.win/guides/familyboard-service-quote-comparison-tutorial/,,,sitemap,,,7,2,GSC discovery gap
https://familyboard.win/guides/familyboard-share-access-tutorial/,YES,YES,NO,NO,200,"index,follow,max-image-preview:large",https://familyboard.win/guides/familyboard-share-access-tutorial/,,,sitemap,,,11,2,GSC discovery gap
https://familyboard.win/guides/familyboard-shared-device-privacy-review-tutorial/,YES,YES,NO,NO,200,"index,follow,max-image-preview:large",https://familyboard.win/guides/familyboard-shared-device-privacy-review-tutorial/,,,sitemap,,,7,2,GSC discovery gap
https://familyboard.win/guides/familyboard-shared-display-privacy-tutorial/,YES,YES,NO,NO,200,"index,follow,max-image-preview:large",https://familyboard.win/guides/familyboard-shared-display-privacy-tutorial/,,,sitemap,,,7,2,GSC discovery gap
https://familyboard.win/guides/familyboard-shopping-list-planner-tutorial/,YES,YES,NO,NO,200,"index,follow,max-image-preview:large",https://familyboard.win/guides/familyboard-shopping-list-planner-tutorial/,,,sitemap,,,7,2,GSC discovery gap
https://familyboard.win/guides/familyboard-storage-health-warning-tutorial/,YES,YES,NO,NO,200,"index,follow,max-image-preview:large",https://familyboard.win/guides/familyboard-storage-health-warning-tutorial/,,,sitemap,,,7,2,GSC discovery gap
https://familyboard.win/guides/familyboard-storage-open-error-tutorial/,YES,YES,NO,NO,200,"index,follow,max-image-preview:large",https://familyboard.win/guides/familyboard-storage-open-error-tutorial/,,,sitemap,,,7,2,GSC discovery gap
https://familyboard.win/guides/familyboard-storage-unit-access-inventory-log-tutorial/,YES,YES,NO,NO,200,"index,follow,max-image-preview:large",https://familyboard.win/guides/familyboard-storage-unit-access-inventory-log-tutorial/,,,sitemap,,,7,2,GSC discovery gap
https://familyboard.win/guides/familyboard-storm-readiness-review-tutorial/,YES,YES,NO,NO,200,"index,follow,max-image-preview:large",https://familyboard.win/guides/familyboard-storm-readiness-review-tutorial/,,,sitemap,,,7,2,GSC discovery gap
https://familyboard.win/guides/familyboard-subscription-cancellation-handoff-tutorial/,YES,YES,NO,NO,200,"index,follow,max-image-preview:large",https://familyboard.win/guides/familyboard-subscription-cancellation-handoff-tutorial/,,,sitemap,,,7,2,GSC discovery gap
https://familyboard.win/guides/familyboard-subscription-cancellation-result-review-tutorial/,YES,YES,NO,NO,200,"index,follow,max-image-preview:large",https://familyboard.win/guides/familyboard-subscription-cancellation-result-review-tutorial/,,,sitemap,,,7,2,GSC discovery gap
https://familyboard.win/guides/familyboard-subscription-renewal-review/,YES,YES,NO,NO,200,"index,follow,max-image-preview:large",https://familyboard.win/guides/familyboard-subscription-renewal-review/,,,sitemap,,,7,2,GSC discovery gap
https://familyboard.win/guides/familyboard-task-completion-tutorial/,YES,YES,NO,NO,200,"index,follow,max-image-preview:large",https://familyboard.win/guides/familyboard-task-completion-tutorial/,,,sitemap,,,7,2,GSC discovery gap
https://familyboard.win/guides/familyboard-task-load-calculator-tutorial/,YES,YES,NO,NO,200,"index,follow,max-image-preview:large",https://familyboard.win/guides/familyboard-task-load-calculator-tutorial/,,,sitemap,,,7,2,GSC discovery gap
https://familyboard.win/guides/familyboard-time-window-overlap-checker-tutorial/,YES,YES,NO,NO,200,"index,follow,max-image-preview:large",https://familyboard.win/guides/familyboard-time-window-overlap-checker-tutorial/,,,sitemap,,,7,2,GSC discovery gap
https://familyboard.win/guides/familyboard-trip-handoff-tutorial/,YES,YES,NO,NO,200,"index,follow,max-image-preview:large",https://familyboard.win/guides/familyboard-trip-handoff-tutorial/,,,sitemap,,,10,2,GSC discovery gap
https://familyboard.win/guides/familyboard-trip-packing-handoff-log-tutorial/,YES,YES,NO,NO,200,"index,follow,max-image-preview:large",https://familyboard.win/guides/familyboard-trip-packing-handoff-log-tutorial/,,,sitemap,,,7,2,GSC discovery gap
https://familyboard.win/guides/familyboard-utility-bill-anomaly-log-tutorial/,YES,YES,NO,NO,200,"index,follow,max-image-preview:large",https://familyboard.win/guides/familyboard-utility-bill-anomaly-log-tutorial/,,,sitemap,,,7,2,GSC discovery gap
https://familyboard.win/guides/familyboard-utility-bill-difference-tutorial/,YES,YES,NO,NO,200,"index,follow,max-image-preview:large",https://familyboard.win/guides/familyboard-utility-bill-difference-tutorial/,,,sitemap,,,7,2,GSC discovery gap
https://familyboard.win/guides/familyboard-utility-provider-handoff-tutorial/,YES,YES,NO,NO,200,"index,follow,max-image-preview:large",https://familyboard.win/guides/familyboard-utility-provider-handoff-tutorial/,,,sitemap,,,7,2,GSC discovery gap
https://familyboard.win/guides/familyboard-vacation-shutdown-checklist-generator-tutorial/,YES,YES,NO,NO,200,"index,follow,max-image-preview:large",https://familyboard.win/guides/familyboard-vacation-shutdown-checklist-generator-tutorial/,,,sitemap,,,7,2,GSC discovery gap
https://familyboard.win/guides/familyboard-vehicle-document-source-status-tutorial/,YES,YES,NO,NO,200,"index,follow,max-image-preview:large",https://familyboard.win/guides/familyboard-vehicle-document-source-status-tutorial/,,,sitemap,,,7,2,GSC discovery gap
https://familyboard.win/guides/familyboard-vendor-onboarding-tutorial/,YES,YES,NO,NO,200,"index,follow,max-image-preview:large",https://familyboard.win/guides/familyboard-vendor-onboarding-tutorial/,,,sitemap,,,7,2,GSC discovery gap
https://familyboard.win/guides/familyboard-warranty-checklist-generator-tutorial/,YES,YES,NO,NO,200,"index,follow,max-image-preview:large",https://familyboard.win/guides/familyboard-warranty-checklist-generator-tutorial/,,,sitemap,,,7,2,GSC discovery gap
https://familyboard.win/guides/familyboard-warranty-claim-evidence-log-tutorial/,YES,YES,NO,NO,200,"index,follow,max-image-preview:large",https://familyboard.win/guides/familyboard-warranty-claim-evidence-log-tutorial/,,,sitemap,,,7,2,GSC discovery gap
https://familyboard.win/guides/familyboard-warranty-expiration-calculator-tutorial/,YES,YES,NO,NO,200,"index,follow,max-image-preview:large",https://familyboard.win/guides/familyboard-warranty-expiration-calculator-tutorial/,,,sitemap,,,7,2,GSC discovery gap
https://familyboard.win/guides/familyboard-warranty-tracker-tutorial/,YES,YES,NO,NO,200,"index,follow,max-image-preview:large",https://familyboard.win/guides/familyboard-warranty-tracker-tutorial/,,,sitemap,,,7,2,GSC discovery gap
https://familyboard.win/guides/familyboard-water-leak-event-log-tutorial/,YES,YES,NO,NO,200,"index,follow,max-image-preview:large",https://familyboard.win/guides/familyboard-water-leak-event-log-tutorial/,,,sitemap,,,6,2,GSC discovery gap
https://familyboard.win/guides/familyboard-weekly-household-decision-review-tutorial/,YES,YES,NO,NO,200,"index,follow,max-image-preview:large",https://familyboard.win/guides/familyboard-weekly-household-decision-review-tutorial/,,,sitemap,,,7,2,GSC discovery gap
https://familyboard.win/guides/familyboard-weekly-reset-action-tutorial/,YES,YES,NO,NO,200,"index,follow,max-image-preview:large",https://familyboard.win/guides/familyboard-weekly-reset-action-tutorial/,,,sitemap,,,8,2,GSC discovery gap
https://familyboard.win/guides/fire-extinguisher-records/,YES,YES,NO,NO,200,"index,follow,max-image-preview:large",https://familyboard.win/guides/fire-extinguisher-records/,,,sitemap,,,8,2,GSC discovery gap
https://familyboard.win/guides/first-time-homeowner-maintenance-guide/,YES,YES,YES,NO,200,"index,follow,max-image-preview:large",https://familyboard.win/guides/first-time-homeowner-maintenance-guide/,,,sitemap,,,10,2,known but not indexed
https://familyboard.win/guides/freezer-maintenance-checklist/,YES,YES,YES,YES,200,"index,follow,max-image-preview:large",https://familyboard.win/guides/freezer-maintenance-checklist/,,,sitemap,,,7,2,GSC indexed
https://familyboard.win/guides/furnace-maintenance-records/,YES,YES,NO,NO,200,"index,follow,max-image-preview:large",https://familyboard.win/guides/furnace-maintenance-records/,,,sitemap,,,11,2,GSC discovery gap
https://familyboard.win/guides/furniture-inventory/,YES,YES,NO,NO,200,"index,follow,max-image-preview:large",https://familyboard.win/guides/furniture-inventory/,,,sitemap,,,7,2,GSC discovery gap
https://familyboard.win/guides/garbage-disposal-maintenance-guide/,YES,YES,YES,YES,200,"index,follow,max-image-preview:large",https://familyboard.win/guides/garbage-disposal-maintenance-guide/,,,sitemap,,,7,2,GSC indexed
https://familyboard.win/guides/guest-preparation-checklist/,YES,YES,YES,YES,200,"index,follow,max-image-preview:large",https://familyboard.win/guides/guest-preparation-checklist/,,,sitemap,,,8,2,GSC indexed
https://familyboard.win/guides/heat-pump-maintenance-records/,YES,YES,NO,NO,200,"index,follow,max-image-preview:large",https://familyboard.win/guides/heat-pump-maintenance-records/,,,sitemap,,,7,2,GSC discovery gap
https://familyboard.win/guides/home-contact-list/,YES,YES,NO,NO,200,"index,follow,max-image-preview:large",https://familyboard.win/guides/home-contact-list/,,,sitemap,,,8,2,GSC discovery gap
https://familyboard.win/guides/home-evacuation-information/,YES,YES,YES,YES,200,"index,follow,max-image-preview:large",https://familyboard.win/guides/home-evacuation-information/,,,sitemap,,,10,2,GSC indexed
https://familyboard.win/guides/home-improvement-receipts/,YES,YES,NO,NO,200,"index,follow,max-image-preview:large",https://familyboard.win/guides/home-improvement-receipts/,,,sitemap,,,13,2,GSC discovery gap
https://familyboard.win/guides/home-inventory-checklist/,YES,YES,YES,YES,200,"index,follow,max-image-preview:large",https://familyboard.win/guides/home-inventory-checklist/,,,sitemap,,,12,2,GSC indexed
https://familyboard.win/guides/home-inventory-for-insurance/,YES,YES,YES,YES,200,"index,follow,max-image-preview:large",https://familyboard.win/guides/home-inventory-for-insurance/,,,sitemap,,,14,2,GSC indexed
https://familyboard.win/guides/home-maintenance-after-vacation/,YES,YES,YES,YES,200,"index,follow,max-image-preview:large",https://familyboard.win/guides/home-maintenance-after-vacation/,,,sitemap,,,10,2,GSC indexed
https://familyboard.win/guides/home-maintenance-binder/,YES,YES,NO,NO,200,"index,follow,max-image-preview:large",https://familyboard.win/guides/home-maintenance-binder/,,,sitemap,,,8,2,GSC discovery gap
https://familyboard.win/guides/home-maintenance-budget/,YES,YES,NO,NO,200,"index,follow,max-image-preview:large",https://familyboard.win/guides/home-maintenance-budget/,,,sitemap,,,12,2,GSC discovery gap
https://familyboard.win/guides/home-maintenance-calendar/,YES,YES,NO,NO,200,"index,follow,max-image-preview:large",https://familyboard.win/guides/home-maintenance-calendar/,,,sitemap,,,11,2,GSC discovery gap
https://familyboard.win/guides/home-maintenance-delegation/,YES,YES,NO,NO,200,"index,follow,max-image-preview:large",https://familyboard.win/guides/home-maintenance-delegation/,,,sitemap,,,11,2,GSC discovery gap
https://familyboard.win/guides/home-maintenance-log/,YES,YES,NO,NO,200,"index,follow,max-image-preview:large",https://familyboard.win/guides/home-maintenance-log/,,,sitemap,,,9,2,GSC discovery gap
https://familyboard.win/guides/home-maintenance-records/,YES,YES,NO,NO,200,"index,follow,max-image-preview:large",https://familyboard.win/guides/home-maintenance-records/,,,sitemap,,,13,2,GSC discovery gap
https://familyboard.win/guides/home-maintenance-reminders/,YES,YES,NO,NO,200,"index,follow,max-image-preview:large",https://familyboard.win/guides/home-maintenance-reminders/,,,sitemap,,,15,2,GSC discovery gap
https://familyboard.win/guides/home-maintenance-schedule/,YES,YES,NO,NO,200,"index,follow,max-image-preview:large",https://familyboard.win/guides/home-maintenance-schedule/,,,sitemap,,,13,2,GSC discovery gap
https://familyboard.win/guides/home-purchase-records/,YES,YES,NO,NO,200,"index,follow,max-image-preview:large",https://familyboard.win/guides/home-purchase-records/,,,sitemap,,,10,2,GSC discovery gap
https://familyboard.win/guides/home-repair-history/,YES,YES,YES,YES,200,"index,follow,max-image-preview:large",https://familyboard.win/guides/home-repair-history/,,,sitemap,,,18,2,GSC indexed
https://familyboard.win/guides/home-service-provider-list/,YES,YES,YES,YES,200,"index,follow,max-image-preview:large",https://familyboard.win/guides/home-service-provider-list/,,,sitemap,,,24,2,GSC indexed
https://familyboard.win/guides/house-sitter-information/,YES,YES,YES,YES,200,"index,follow,max-image-preview:large",https://familyboard.win/guides/house-sitter-information/,,,sitemap,,,14,2,GSC indexed
https://familyboard.win/guides/household-account-list/,YES,YES,NO,NO,200,"index,follow,max-image-preview:large",https://familyboard.win/guides/household-account-list/,,,sitemap,,,15,2,GSC discovery gap
https://familyboard.win/guides/household-admin-backup-person/,YES,YES,YES,YES,200,"index,follow,max-image-preview:large",https://familyboard.win/guides/household-admin-backup-person/,,,sitemap,,,22,2,GSC indexed
https://familyboard.win/guides/household-admin-day/,YES,YES,NO,NO,200,"index,follow,max-image-preview:large",https://familyboard.win/guides/household-admin-day/,,,sitemap,,,7,2,GSC discovery gap
https://familyboard.win/guides/household-documents-organizer/,YES,YES,YES,YES,200,"index,follow,max-image-preview:large",https://familyboard.win/guides/household-documents-organizer/,,,sitemap,,,14,2,GSC indexed
https://familyboard.win/guides/household-handoff/,YES,YES,NO,NO,200,"index,follow,max-image-preview:large",https://familyboard.win/guides/household-handoff/,,,sitemap,,,8,2,GSC discovery gap
https://familyboard.win/guides/household-management-checklist/,YES,YES,YES,YES,200,"index,follow,max-image-preview:large",https://familyboard.win/guides/household-management-checklist/,,,sitemap,,,10,2,GSC indexed
https://familyboard.win/guides/household-medical-information-organization/,YES,YES,NO,NO,200,"index,follow,max-image-preview:large",https://familyboard.win/guides/household-medical-information-organization/,,,sitemap,,,12,2,GSC discovery gap
https://familyboard.win/guides/household-monthly-review/,YES,YES,NO,NO,200,"index,follow,max-image-preview:large",https://familyboard.win/guides/household-monthly-review/,,,sitemap,,,16,2,GSC discovery gap
https://familyboard.win/guides/household-replacement-reserve/,YES,YES,YES,YES,200,"index,follow,max-image-preview:large",https://familyboard.win/guides/household-replacement-reserve/,,,sitemap,,,11,2,GSC indexed
https://familyboard.win/guides/household-shopping-staples/,YES,YES,YES,NO,200,"index,follow,max-image-preview:large",https://familyboard.win/guides/household-shopping-staples/,,,sitemap,,,8,2,known but not indexed
https://familyboard.win/guides/household-supplies-inventory/,YES,YES,YES,YES,200,"index,follow,max-image-preview:large",https://familyboard.win/guides/household-supplies-inventory/,,,sitemap,,,21,2,GSC indexed
https://familyboard.win/guides/household-weekly-reset/,YES,YES,NO,NO,200,"index,follow,max-image-preview:large",https://familyboard.win/guides/household-weekly-reset/,,,sitemap,,,19,2,GSC discovery gap
https://familyboard.win/guides/how-long-to-keep-household-records/,YES,YES,YES,YES,200,"index,follow,max-image-preview:large",https://familyboard.win/guides/how-long-to-keep-household-records/,,,sitemap,,,13,2,GSC indexed
https://familyboard.win/guides/how-to-track-product-warranties/,YES,YES,YES,YES,200,"index,follow,max-image-preview:large",https://familyboard.win/guides/how-to-track-product-warranties/,,,sitemap,,,23,2,GSC indexed
https://familyboard.win/guides/humidifier-maintenance-guide/,YES,YES,YES,YES,200,"index,follow,max-image-preview:large",https://familyboard.win/guides/humidifier-maintenance-guide/,,,sitemap,,,8,2,GSC indexed
https://familyboard.win/guides/hvac-filter-tracker/,YES,YES,NO,NO,200,"index,follow,max-image-preview:large",https://familyboard.win/guides/hvac-filter-tracker/,,,sitemap,,,13,2,GSC discovery gap
https://familyboard.win/guides/important-household-documents/,YES,YES,NO,NO,200,"index,follow,max-image-preview:large",https://familyboard.win/guides/important-household-documents/,,,sitemap,,,15,2,GSC discovery gap
https://familyboard.win/guides/maintenance-priorities/,YES,YES,YES,YES,200,"index,follow,max-image-preview:large",https://familyboard.win/guides/maintenance-priorities/,,,sitemap,,,11,2,GSC indexed
https://familyboard.win/guides/microwave-maintenance-checklist/,YES,YES,YES,YES,200,"index,follow,max-image-preview:large",https://familyboard.win/guides/microwave-maintenance-checklist/,,,sitemap,,,7,2,GSC indexed
https://familyboard.win/guides/monthly-home-maintenance-checklist/,YES,YES,YES,YES,200,"index,follow,max-image-preview:large",https://familyboard.win/guides/monthly-home-maintenance-checklist/,,,sitemap,,,9,2,GSC indexed
https://familyboard.win/guides/move-in-maintenance-checklist/,YES,YES,YES,NO,200,"index,follow,max-image-preview:large",https://familyboard.win/guides/move-in-maintenance-checklist/,,,sitemap,,,13,2,known but not indexed
https://familyboard.win/guides/move-out-home-records/,YES,YES,NO,NO,200,"index,follow,max-image-preview:large",https://familyboard.win/guides/move-out-home-records/,,,sitemap,,,11,2,GSC discovery gap
https://familyboard.win/guides/moving-house-organizer/,YES,YES,YES,YES,200,"index,follow,max-image-preview:large",https://familyboard.win/guides/moving-house-organizer/,,,sitemap,,,11,2,GSC indexed
https://familyboard.win/guides/moving-inventory/,YES,YES,YES,YES,200,"index,follow,max-image-preview:large",https://familyboard.win/guides/moving-inventory/,,,sitemap,,,14,2,GSC indexed
https://familyboard.win/guides/new-home-setup-checklist/,YES,YES,YES,NO,200,"index,follow,max-image-preview:large",https://familyboard.win/guides/new-home-setup-checklist/,,,sitemap,,,11,2,known but not indexed
https://familyboard.win/guides/organize-appliance-manuals/,YES,YES,NO,NO,200,"index,follow,max-image-preview:large",https://familyboard.win/guides/organize-appliance-manuals/,,,sitemap,,,9,2,GSC discovery gap
https://familyboard.win/guides/organize-household-subscriptions/,YES,YES,NO,NO,200,"index,follow,max-image-preview:large",https://familyboard.win/guides/organize-household-subscriptions/,,,sitemap,,,17,2,GSC discovery gap
https://familyboard.win/guides/organize-insurance-documents/,YES,YES,NO,NO,200,"index,follow,max-image-preview:large",https://familyboard.win/guides/organize-insurance-documents/,,,sitemap,,,12,2,GSC discovery gap
https://familyboard.win/guides/organize-pet-records/,YES,YES,YES,YES,200,"index,follow,max-image-preview:large",https://familyboard.win/guides/organize-pet-records/,,,sitemap,,,13,2,GSC indexed
https://familyboard.win/guides/organize-school-records-at-home/,YES,YES,YES,YES,200,"index,follow,max-image-preview:large",https://familyboard.win/guides/organize-school-records-at-home/,,,sitemap,,,10,2,GSC indexed
https://familyboard.win/guides/organize-utility-account-information/,YES,YES,YES,YES,200,"index,follow,max-image-preview:large",https://familyboard.win/guides/organize-utility-account-information/,,,sitemap,,,11,2,GSC indexed
https://familyboard.win/guides/organize-vehicle-documents-at-home/,YES,YES,YES,YES,200,"index,follow,max-image-preview:large",https://familyboard.win/guides/organize-vehicle-documents-at-home/,,,sitemap,,,10,2,GSC indexed
https://familyboard.win/guides/oven-maintenance-checklist/,YES,YES,YES,YES,200,"index,follow,max-image-preview:large",https://familyboard.win/guides/oven-maintenance-checklist/,,,sitemap,,,8,2,GSC indexed
https://familyboard.win/guides/pantry-restock-system/,YES,YES,NO,NO,200,"index,follow,max-image-preview:large",https://familyboard.win/guides/pantry-restock-system/,,,sitemap,,,10,2,GSC discovery gap
https://familyboard.win/guides/pet-sitter-information/,YES,YES,NO,NO,200,"index,follow,max-image-preview:large",https://familyboard.win/guides/pet-sitter-information/,,,sitemap,,,11,2,GSC discovery gap
https://familyboard.win/guides/photo-home-inventory/,YES,YES,YES,YES,200,"index,follow,max-image-preview:large",https://familyboard.win/guides/photo-home-inventory/,,,sitemap,,,15,2,GSC indexed
https://familyboard.win/guides/power-outage-home-preparedness/,YES,YES,YES,YES,200,"index,follow,max-image-preview:large",https://familyboard.win/guides/power-outage-home-preparedness/,,,sitemap,,,20,2,GSC indexed
https://familyboard.win/guides/preventive-home-maintenance/,YES,YES,NO,NO,200,"index,follow,max-image-preview:large",https://familyboard.win/guides/preventive-home-maintenance/,,,sitemap,,,9,2,GSC discovery gap
https://familyboard.win/guides/product-registration-tracker/,YES,YES,NO,NO,200,"index,follow,max-image-preview:large",https://familyboard.win/guides/product-registration-tracker/,,,sitemap,,,12,2,GSC discovery gap
https://familyboard.win/guides/purchase-receipt-organizer/,YES,YES,NO,NO,200,"index,follow,max-image-preview:large",https://familyboard.win/guides/purchase-receipt-organizer/,,,sitemap,,,18,2,GSC discovery gap
https://familyboard.win/guides/quarterly-home-maintenance-checklist/,YES,YES,YES,YES,200,"index,follow,max-image-preview:large",https://familyboard.win/guides/quarterly-home-maintenance-checklist/,,,sitemap,,,7,2,GSC indexed
https://familyboard.win/guides/range-hood-maintenance-checklist/,YES,YES,YES,YES,200,"index,follow,max-image-preview:large",https://familyboard.win/guides/range-hood-maintenance-checklist/,,,sitemap,,,7,2,GSC indexed
https://familyboard.win/guides/recurring-bills-tracker/,YES,YES,NO,NO,200,"index,follow,max-image-preview:large",https://familyboard.win/guides/recurring-bills-tracker/,,,sitemap,,,15,2,GSC discovery gap
https://familyboard.win/guides/recurring-household-tasks/,YES,YES,NO,NO,200,"index,follow,max-image-preview:large",https://familyboard.win/guides/recurring-household-tasks/,,,sitemap,,,8,2,GSC discovery gap
https://familyboard.win/guides/refrigerator-maintenance-checklist/,YES,YES,NO,NO,200,"index,follow,max-image-preview:large",https://familyboard.win/guides/refrigerator-maintenance-checklist/,,,sitemap,,,8,2,GSC discovery gap
https://familyboard.win/guides/renovation-records/,YES,YES,YES,YES,200,"index,follow,max-image-preview:large",https://familyboard.win/guides/renovation-records/,,,sitemap,,,18,2,GSC indexed
https://familyboard.win/guides/rental-home-maintenance-log/,YES,YES,NO,NO,200,"index,follow,max-image-preview:large",https://familyboard.win/guides/rental-home-maintenance-log/,,,sitemap,,,10,2,GSC discovery gap
https://familyboard.win/guides/repair-history/,YES,YES,YES,YES,200,"index,follow,max-image-preview:large",https://familyboard.win/guides/repair-history/,,,sitemap,,,17,2,GSC indexed
https://familyboard.win/guides/returning-home-after-travel-checklist/,YES,YES,NO,NO,200,"index,follow,max-image-preview:large",https://familyboard.win/guides/returning-home-after-travel-checklist/,,,sitemap,,,9,2,GSC discovery gap
https://familyboard.win/guides/robot-vacuum-maintenance-guide/,YES,YES,YES,YES,200,"index,follow,max-image-preview:large",https://familyboard.win/guides/robot-vacuum-maintenance-guide/,,,sitemap,,,8,2,GSC indexed
https://familyboard.win/guides/room-by-room-home-inventory/,YES,YES,YES,YES,200,"index,follow,max-image-preview:large",https://familyboard.win/guides/room-by-room-home-inventory/,,,sitemap,,,17,2,GSC indexed
https://familyboard.win/guides/seasonal-home-maintenance-checklist/,YES,YES,NO,NO,200,"index,follow,max-image-preview:large",https://familyboard.win/guides/seasonal-home-maintenance-checklist/,,,sitemap,,,13,2,GSC discovery gap
https://familyboard.win/guides/serial-number-tracker/,YES,YES,NO,NO,200,"index,follow,max-image-preview:large",https://familyboard.win/guides/serial-number-tracker/,,,sitemap,,,16,2,GSC discovery gap
https://familyboard.win/guides/service-history/,YES,YES,YES,YES,200,"index,follow,max-image-preview:large",https://familyboard.win/guides/service-history/,,,sitemap,,,9,2,GSC indexed
https://familyboard.win/guides/service-provider-contact-list/,YES,YES,NO,NO,200,"index,follow,max-image-preview:large",https://familyboard.win/guides/service-provider-contact-list/,,,sitemap,,,8,2,GSC discovery gap
https://familyboard.win/guides/smoke-alarm-records/,YES,YES,NO,NO,200,"index,follow,max-image-preview:large",https://familyboard.win/guides/smoke-alarm-records/,,,sitemap,,,10,2,GSC discovery gap
https://familyboard.win/guides/spring-home-maintenance-checklist/,YES,YES,YES,YES,200,"index,follow,max-image-preview:large",https://familyboard.win/guides/spring-home-maintenance-checklist/,,,sitemap,,,8,2,GSC indexed
https://familyboard.win/guides/storage-unit-inventory/,YES,YES,NO,NO,200,"index,follow,max-image-preview:large",https://familyboard.win/guides/storage-unit-inventory/,,,sitemap,,,9,2,GSC discovery gap
https://familyboard.win/guides/storm-preparation-home-checklist/,YES,YES,NO,NO,200,"index,follow,max-image-preview:large",https://familyboard.win/guides/storm-preparation-home-checklist/,,,sitemap,,,13,2,GSC discovery gap
https://familyboard.win/guides/subscription-cancellation-refund-records/,YES,YES,NO,NO,200,"index,follow,max-image-preview:large",https://familyboard.win/guides/subscription-cancellation-refund-records/,,,sitemap,,,9,2,GSC discovery gap
https://familyboard.win/guides/subscription-renewal-tracker/,YES,YES,NO,NO,200,"index,follow,max-image-preview:large",https://familyboard.win/guides/subscription-renewal-tracker/,,,sitemap,,,7,2,GSC discovery gap
https://familyboard.win/guides/summer-home-maintenance-checklist/,YES,YES,YES,YES,200,"index,follow,max-image-preview:large",https://familyboard.win/guides/summer-home-maintenance-checklist/,,,sitemap,,,8,2,GSC indexed
https://familyboard.win/guides/travel-household-handoff/,YES,YES,NO,NO,200,"index,follow,max-image-preview:large",https://familyboard.win/guides/travel-household-handoff/,,,sitemap,,,14,2,GSC discovery gap
https://familyboard.win/guides/ups-battery-backup-records/,YES,YES,NO,NO,200,"index,follow,max-image-preview:large",https://familyboard.win/guides/ups-battery-backup-records/,,,sitemap,,,10,2,GSC discovery gap
https://familyboard.win/guides/utility-shutoff-information/,YES,YES,NO,NO,200,"index,follow,max-image-preview:large",https://familyboard.win/guides/utility-shutoff-information/,,,sitemap,,,7,2,GSC discovery gap
https://familyboard.win/guides/vacation-home-shutdown-checklist/,YES,YES,YES,NO,200,"index,follow,max-image-preview:large",https://familyboard.win/guides/vacation-home-shutdown-checklist/,,,sitemap,,,13,2,known but not indexed
https://familyboard.win/guides/vacuum-cleaner-maintenance-guide/,YES,YES,NO,NO,200,"index,follow,max-image-preview:large",https://familyboard.win/guides/vacuum-cleaner-maintenance-guide/,,,sitemap,,,7,2,GSC discovery gap
https://familyboard.win/guides/valuable-item-inventory/,YES,YES,NO,NO,200,"index,follow,max-image-preview:large",https://familyboard.win/guides/valuable-item-inventory/,,,sitemap,,,12,2,GSC discovery gap
https://familyboard.win/guides/warranty-expiration/,YES,YES,YES,YES,200,"index,follow,max-image-preview:large",https://familyboard.win/guides/warranty-expiration/,,,sitemap,,,11,2,GSC indexed
https://familyboard.win/guides/washing-machine-maintenance-checklist/,YES,YES,YES,YES,200,"index,follow,max-image-preview:large",https://familyboard.win/guides/washing-machine-maintenance-checklist/,,,sitemap,,,9,2,GSC indexed
https://familyboard.win/guides/water-filter-replacement-guide/,YES,YES,NO,NO,200,"index,follow,max-image-preview:large",https://familyboard.win/guides/water-filter-replacement-guide/,,,sitemap,,,8,2,GSC discovery gap
https://familyboard.win/guides/water-heater-maintenance-records/,YES,YES,YES,YES,200,"index,follow,max-image-preview:large",https://familyboard.win/guides/water-heater-maintenance-records/,,,sitemap,,,7,2,GSC indexed
https://familyboard.win/guides/water-leak-response-home-records/,YES,YES,YES,YES,200,"index,follow,max-image-preview:large",https://familyboard.win/guides/water-leak-response-home-records/,,,sitemap,,,16,2,GSC indexed
https://familyboard.win/guides/water-softener-maintenance-records/,YES,YES,NO,NO,200,"index,follow,max-image-preview:large",https://familyboard.win/guides/water-softener-maintenance-records/,,,sitemap,,,8,2,GSC discovery gap
https://familyboard.win/guides/what-spouse-needs-to-know/,YES,YES,YES,NO,200,"index,follow,max-image-preview:large",https://familyboard.win/guides/what-spouse-needs-to-know/,,,sitemap,,,7,2,known but not indexed
https://familyboard.win/guides/wifi-router-maintenance-records/,YES,YES,NO,NO,200,"index,follow,max-image-preview:large",https://familyboard.win/guides/wifi-router-maintenance-records/,,,sitemap,,,12,2,GSC discovery gap
https://familyboard.win/guides/winter-home-maintenance-checklist/,YES,YES,YES,YES,200,"index,follow,max-image-preview:large",https://familyboard.win/guides/winter-home-maintenance-checklist/,,,sitemap,,,10,2,GSC indexed
https://familyboard.win/pricing/,YES,YES,YES,YES,200,"index,follow,max-image-preview:large",https://familyboard.win/pricing/,,,sitemap,,,7,1,GSC indexed
https://familyboard.win/privacy/,YES,YES,YES,YES,200,"index,follow,max-image-preview:large",https://familyboard.win/privacy/,,,sitemap,,,20,1,GSC indexed
https://familyboard.win/roadmap/,YES,YES,YES,YES,200,"index,follow,max-image-preview:large",https://familyboard.win/roadmap/,,,sitemap,,,6,1,GSC indexed
https://familyboard.win/search/,NO,NO,YES,YES,200,"noindex,follow",https://familyboard.win/search/,,,unknown,,,,1,GSC indexed
https://familyboard.win/security/,YES,YES,YES,YES,200,"index,follow,max-image-preview:large",https://familyboard.win/security/,,,sitemap,,,8,1,GSC indexed
https://familyboard.win/templates/,YES,YES,YES,YES,200,"index,follow,max-image-preview:large",https://familyboard.win/templates/,,,sitemap,,,10,1,GSC indexed
https://familyboard.win/templates/printable-annual-renewals/,YES,YES,YES,YES,200,"index,follow,max-image-preview:large",https://familyboard.win/templates/printable-annual-renewals/,,,sitemap,,,7,2,GSC indexed
https://familyboard.win/templates/printable-appliance-inventory/,YES,YES,NO,NO,200,"index,follow,max-image-preview:large",https://familyboard.win/templates/printable-appliance-inventory/,,,sitemap,,,7,2,GSC discovery gap
https://familyboard.win/templates/printable-chore-chart/,YES,YES,YES,YES,200,"index,follow,max-image-preview:large",https://familyboard.win/templates/printable-chore-chart/,,,sitemap,,,10,2,GSC indexed
https://familyboard.win/templates/printable-cleaning-schedule/,YES,YES,NO,NO,200,"index,follow,max-image-preview:large",https://familyboard.win/templates/printable-cleaning-schedule/,,,sitemap,,,10,2,GSC discovery gap
https://familyboard.win/templates/printable-emergency-contacts/,YES,YES,NO,NO,200,"index,follow,max-image-preview:large",https://familyboard.win/templates/printable-emergency-contacts/,,,sitemap,,,10,2,GSC discovery gap
https://familyboard.win/templates/printable-home-inventory-template/,YES,YES,YES,YES,200,"index,follow,max-image-preview:large",https://familyboard.win/templates/printable-home-inventory-template/,,,sitemap,,,9,1,GSC indexed
https://familyboard.win/templates/printable-household-contacts/,YES,YES,NO,NO,200,"index,follow,max-image-preview:large",https://familyboard.win/templates/printable-household-contacts/,,,sitemap,,,9,2,GSC discovery gap
https://familyboard.win/templates/printable-household-handoff-sheet/,YES,YES,YES,YES,200,"index,follow,max-image-preview:large",https://familyboard.win/templates/printable-household-handoff-sheet/,,,sitemap,,,8,2,GSC indexed
https://familyboard.win/templates/printable-repair-log/,YES,YES,NO,NO,200,"index,follow,max-image-preview:large",https://familyboard.win/templates/printable-repair-log/,,,sitemap,,,12,2,GSC discovery gap
https://familyboard.win/templates/printable-service-provider-list/,YES,YES,YES,YES,200,"index,follow,max-image-preview:large",https://familyboard.win/templates/printable-service-provider-list/,,,sitemap,,,11,2,GSC indexed
https://familyboard.win/templates/printable-subscription-tracker/,YES,YES,NO,NO,200,"index,follow,max-image-preview:large",https://familyboard.win/templates/printable-subscription-tracker/,,,sitemap,,,8,2,GSC discovery gap
https://familyboard.win/templates/printable-warranty-tracker/,YES,YES,NO,NO,200,"index,follow,max-image-preview:large",https://familyboard.win/templates/printable-warranty-tracker/,,,sitemap,,,7,2,GSC discovery gap
https://familyboard.win/terms/,YES,YES,YES,YES,200,"index,follow,max-image-preview:large",https://familyboard.win/terms/,,,sitemap,,,5,1,GSC indexed
https://familyboard.win/tools/,YES,YES,YES,YES,200,"index,follow,max-image-preview:large",https://familyboard.win/tools/,,,sitemap,,,10,1,GSC indexed
https://familyboard.win/tools/annual-subscription-cost-calculator/,YES,YES,YES,YES,200,"index,follow,max-image-preview:large",https://familyboard.win/tools/annual-subscription-cost-calculator/,,,sitemap,,,11,2,GSC indexed
https://familyboard.win/tools/appliance-age-calculator/,YES,YES,NO,NO,200,"index,follow,max-image-preview:large",https://familyboard.win/tools/appliance-age-calculator/,,,sitemap,,,11,2,GSC discovery gap
https://familyboard.win/tools/appliance-maintenance-checklist-generator/,YES,YES,YES,YES,200,"index,follow,max-image-preview:large",https://familyboard.win/tools/appliance-maintenance-checklist-generator/,,,sitemap,,,13,2,GSC indexed
https://familyboard.win/tools/appliance-manual-source-check-log/,YES,YES,NO,NO,200,"index,follow,max-image-preview:large",https://familyboard.win/tools/appliance-manual-source-check-log/,,,sitemap,,,12,2,GSC discovery gap
https://familyboard.win/tools/appliance-purchase-installation-record/,YES,YES,NO,NO,200,"index,follow,max-image-preview:large",https://familyboard.win/tools/appliance-purchase-installation-record/,,,sitemap,,,10,2,GSC discovery gap
https://familyboard.win/tools/appliance-repair-callback-log/,YES,YES,NO,NO,200,"index,follow,max-image-preview:large",https://familyboard.win/tools/appliance-repair-callback-log/,,,sitemap,,,10,2,GSC discovery gap
https://familyboard.win/tools/appliance-replacement-planner/,YES,YES,YES,YES,200,"index,follow,max-image-preview:large",https://familyboard.win/tools/appliance-replacement-planner/,,,sitemap,,,13,2,GSC indexed
https://familyboard.win/tools/appliance-service-visit-log/,YES,YES,NO,NO,200,"index,follow,max-image-preview:large",https://familyboard.win/tools/appliance-service-visit-log/,,,sitemap,,,11,2,GSC discovery gap
https://familyboard.win/tools/caregiver-handoff-source-authorization-log/,YES,YES,NO,NO,200,"index,follow,max-image-preview:large",https://familyboard.win/tools/caregiver-handoff-source-authorization-log/,,,sitemap,,,13,2,GSC discovery gap
https://familyboard.win/tools/cleaning-schedule-generator/,YES,YES,NO,NO,200,"index,follow,max-image-preview:large",https://familyboard.win/tools/cleaning-schedule-generator/,,,sitemap,,,14,2,GSC discovery gap
https://familyboard.win/tools/emergency-binder-generator/,YES,YES,YES,YES,200,"index,follow,max-image-preview:large",https://familyboard.win/tools/emergency-binder-generator/,,,sitemap,,,13,2,GSC indexed
https://familyboard.win/tools/emergency-contact-sheet-generator/,YES,YES,YES,YES,200,"index,follow,max-image-preview:large",https://familyboard.win/tools/emergency-contact-sheet-generator/,,,sitemap,,,15,2,GSC indexed
https://familyboard.win/tools/emergency-contact-verification-log/,YES,YES,NO,NO,200,"index,follow,max-image-preview:large",https://familyboard.win/tools/emergency-contact-verification-log/,,,sitemap,,,12,2,GSC discovery gap
https://familyboard.win/tools/emergency-supply-inventory-audit/,YES,YES,NO,NO,200,"index,follow,max-image-preview:large",https://familyboard.win/tools/emergency-supply-inventory-audit/,,,sitemap,,,15,2,GSC discovery gap
https://familyboard.win/tools/home-care-charge-service-payment-discrepancy-log/,YES,YES,NO,NO,200,"index,follow,max-image-preview:large",https://familyboard.win/tools/home-care-charge-service-payment-discrepancy-log/,,,sitemap,,,10,2,GSC discovery gap
https://familyboard.win/tools/home-care-complaint-response-resolution-log/,YES,YES,NO,NO,200,"index,follow,max-image-preview:large",https://familyboard.win/tools/home-care-complaint-response-resolution-log/,,,sitemap,,,11,2,GSC discovery gap
https://familyboard.win/tools/home-care-payment-refund-collection-notice-log/,YES,YES,NO,NO,200,"index,follow,max-image-preview:large",https://familyboard.win/tools/home-care-payment-refund-collection-notice-log/,,,sitemap,,,10,2,GSC discovery gap
https://familyboard.win/tools/home-care-service-interruption-backup-continuity-log/,YES,YES,NO,NO,200,"index,follow,max-image-preview:large",https://familyboard.win/tools/home-care-service-interruption-backup-continuity-log/,,,sitemap,,,10,2,GSC discovery gap
https://familyboard.win/tools/home-care-service-plan-change-notice-log/,YES,YES,NO,NO,200,"index,follow,max-image-preview:large",https://familyboard.win/tools/home-care-service-plan-change-notice-log/,,,sitemap,,,11,2,GSC discovery gap
https://familyboard.win/tools/home-care-visit-scope-service-result-log/,YES,YES,NO,NO,200,"index,follow,max-image-preview:large",https://familyboard.win/tools/home-care-visit-scope-service-result-log/,,,sitemap,,,14,2,GSC discovery gap
https://familyboard.win/tools/home-emergency-drill-record-generator/,YES,YES,NO,NO,200,"index,follow,max-image-preview:large",https://familyboard.win/tools/home-emergency-drill-record-generator/,,,sitemap,,,13,2,GSC discovery gap
https://familyboard.win/tools/home-handoff-summary-generator/,YES,YES,YES,YES,200,"index,follow,max-image-preview:large",https://familyboard.win/tools/home-handoff-summary-generator/,,,sitemap,,,13,2,GSC indexed
https://familyboard.win/tools/home-inventory-checklist-generator/,YES,YES,YES,YES,200,"index,follow,max-image-preview:large",https://familyboard.win/tools/home-inventory-checklist-generator/,,,sitemap,,,15,2,GSC indexed
https://familyboard.win/tools/home-maintenance-cost-tracker/,YES,YES,YES,YES,200,"index,follow,max-image-preview:large",https://familyboard.win/tools/home-maintenance-cost-tracker/,,,sitemap,,,11,2,GSC indexed
https://familyboard.win/tools/home-maintenance-schedule-generator/,YES,YES,YES,YES,200,"index,follow,max-image-preview:large",https://familyboard.win/tools/home-maintenance-schedule-generator/,,,sitemap,,,18,1,GSC indexed
https://familyboard.win/tools/home-repair-change-order-log/,YES,YES,NO,NO,200,"index,follow,max-image-preview:large",https://familyboard.win/tools/home-repair-change-order-log/,,,sitemap,,,18,2,GSC discovery gap
https://familyboard.win/tools/home-repair-closeout-checklist/,YES,YES,NO,NO,200,"index,follow,max-image-preview:large",https://familyboard.win/tools/home-repair-closeout-checklist/,,,sitemap,,,9,2,GSC discovery gap
https://familyboard.win/tools/home-repair-cost-log/,YES,YES,NO,NO,200,"index,follow,max-image-preview:large",https://familyboard.win/tools/home-repair-cost-log/,,,sitemap,,,11,2,GSC discovery gap
https://familyboard.win/tools/home-repair-punch-list/,YES,YES,NO,NO,200,"index,follow,max-image-preview:large",https://familyboard.win/tools/home-repair-punch-list/,,,sitemap,,,11,2,GSC discovery gap
https://familyboard.win/tools/home-service-provider-verification-log/,YES,YES,NO,NO,200,"index,follow,max-image-preview:large",https://familyboard.win/tools/home-service-provider-verification-log/,,,sitemap,,,13,2,GSC discovery gap
https://familyboard.win/tools/home-service-reminder-generator/,YES,YES,YES,YES,200,"index,follow,max-image-preview:large",https://familyboard.win/tools/home-service-reminder-generator/,,,sitemap,,,14,2,GSC indexed
https://familyboard.win/tools/house-sitter-instruction-generator/,YES,YES,YES,YES,200,"index,follow,max-image-preview:large",https://familyboard.win/tools/house-sitter-instruction-generator/,,,sitemap,,,11,2,GSC indexed
https://familyboard.win/tools/household-accessibility-walkthrough-log/,YES,YES,NO,NO,200,"index,follow,max-image-preview:large",https://familyboard.win/tools/household-accessibility-walkthrough-log/,,,sitemap,,,9,2,GSC discovery gap
https://familyboard.win/tools/household-account-list/,YES,YES,NO,NO,200,"index,follow,max-image-preview:large",https://familyboard.win/tools/household-account-list/,,,sitemap,,,10,2,GSC discovery gap
https://familyboard.win/tools/household-annual-review-generator/,YES,YES,YES,YES,200,"index,follow,max-image-preview:large",https://familyboard.win/tools/household-annual-review-generator/,,,sitemap,,,13,2,GSC indexed
https://familyboard.win/tools/household-backup-recovery-checker/,YES,YES,NO,NO,200,"index,follow,max-image-preview:large",https://familyboard.win/tools/household-backup-recovery-checker/,,,sitemap,,,8,2,GSC discovery gap
https://familyboard.win/tools/household-bill-source-status-log/,YES,YES,NO,NO,200,"index,follow,max-image-preview:large",https://familyboard.win/tools/household-bill-source-status-log/,,,sitemap,,,14,2,GSC discovery gap
https://familyboard.win/tools/household-building-notice-response-log/,YES,YES,NO,NO,200,"index,follow,max-image-preview:large",https://familyboard.win/tools/household-building-notice-response-log/,,,sitemap,,,10,2,GSC discovery gap
https://familyboard.win/tools/household-clothing-care-repair-log/,YES,YES,NO,NO,200,"index,follow,max-image-preview:large",https://familyboard.win/tools/household-clothing-care-repair-log/,,,sitemap,,,9,2,GSC discovery gap
https://familyboard.win/tools/household-consumable-change-history-log/,YES,YES,NO,NO,200,"index,follow,max-image-preview:large",https://familyboard.win/tools/household-consumable-change-history-log/,,,sitemap,,,8,2,GSC discovery gap
https://familyboard.win/tools/household-date-offset-planner/,YES,YES,NO,NO,200,"index,follow,max-image-preview:large",https://familyboard.win/tools/household-date-offset-planner/,,,sitemap,,,9,2,GSC discovery gap
https://familyboard.win/tools/household-decision-register/,YES,YES,NO,NO,200,"index,follow,max-image-preview:large",https://familyboard.win/tools/household-decision-register/,,,sitemap,,,8,2,GSC discovery gap
https://familyboard.win/tools/household-device-retirement-handoff-log/,YES,YES,NO,NO,200,"index,follow,max-image-preview:large",https://familyboard.win/tools/household-device-retirement-handoff-log/,,,sitemap,,,10,2,GSC discovery gap
https://familyboard.win/tools/household-document-index-generator/,YES,YES,YES,YES,200,"index,follow,max-image-preview:large",https://familyboard.win/tools/household-document-index-generator/,,,sitemap,,,14,2,GSC indexed
https://familyboard.win/tools/household-document-renewal-review-log/,YES,YES,NO,NO,200,"index,follow,max-image-preview:large",https://familyboard.win/tools/household-document-renewal-review-log/,,,sitemap,,,9,2,GSC discovery gap
https://familyboard.win/tools/household-donation-handoff-log/,YES,YES,NO,NO,200,"index,follow,max-image-preview:large",https://familyboard.win/tools/household-donation-handoff-log/,,,sitemap,,,10,2,GSC discovery gap
https://familyboard.win/tools/household-event-duration-calculator/,YES,YES,NO,NO,200,"index,follow,max-image-preview:large",https://familyboard.win/tools/household-event-duration-calculator/,,,sitemap,,,12,2,GSC discovery gap
https://familyboard.win/tools/household-event-source-index-log/,YES,YES,NO,NO,200,"index,follow,max-image-preview:large",https://familyboard.win/tools/household-event-source-index-log/,,,sitemap,,,10,2,GSC discovery gap
https://familyboard.win/tools/household-guest-arrival-prep-log/,YES,YES,NO,NO,200,"index,follow,max-image-preview:large",https://familyboard.win/tools/household-guest-arrival-prep-log/,,,sitemap,,,10,2,GSC discovery gap
https://familyboard.win/tools/household-home-access-handoff-log/,YES,YES,NO,NO,200,"index,follow,max-image-preview:large",https://familyboard.win/tools/household-home-access-handoff-log/,,,sitemap,,,9,2,GSC discovery gap
https://familyboard.win/tools/household-insurance-claim-timeline-log/,YES,YES,NO,NO,200,"index,follow,max-image-preview:large",https://familyboard.win/tools/household-insurance-claim-timeline-log/,,,sitemap,,,8,2,GSC discovery gap
https://familyboard.win/tools/household-insurance-policy-source-version-log/,YES,YES,NO,NO,200,"index,follow,max-image-preview:large",https://familyboard.win/tools/household-insurance-policy-source-version-log/,,,sitemap,,,9,2,GSC discovery gap
https://familyboard.win/tools/household-internet-incident-review-log/,YES,YES,NO,NO,200,"index,follow,max-image-preview:large",https://familyboard.win/tools/household-internet-incident-review-log/,,,sitemap,,,10,2,GSC discovery gap
https://familyboard.win/tools/household-inventory-photo-capture-log/,YES,YES,NO,NO,200,"index,follow,max-image-preview:large",https://familyboard.win/tools/household-inventory-photo-capture-log/,,,sitemap,,,12,2,GSC discovery gap
https://familyboard.win/tools/household-mail-package-handoff-log/,YES,YES,NO,NO,200,"index,follow,max-image-preview:large",https://familyboard.win/tools/household-mail-package-handoff-log/,,,sitemap,,,9,2,GSC discovery gap
https://familyboard.win/tools/household-maintenance-delegation-map/,YES,YES,NO,NO,200,"index,follow,max-image-preview:large",https://familyboard.win/tools/household-maintenance-delegation-map/,,,sitemap,,,8,2,GSC discovery gap
https://familyboard.win/tools/household-maintenance-priority-review-log/,YES,YES,NO,NO,200,"index,follow,max-image-preview:large",https://familyboard.win/tools/household-maintenance-priority-review-log/,,,sitemap,,,8,2,GSC discovery gap
https://familyboard.win/tools/household-meal-prep-role-log/,YES,YES,NO,NO,200,"index,follow,max-image-preview:large",https://familyboard.win/tools/household-meal-prep-role-log/,,,sitemap,,,11,2,GSC discovery gap
https://familyboard.win/tools/household-medical-information-source-handoff-log/,YES,YES,NO,NO,200,"index,follow,max-image-preview:large",https://familyboard.win/tools/household-medical-information-source-handoff-log/,,,sitemap,,,9,2,GSC discovery gap
https://familyboard.win/tools/household-meeting-agenda-action-log/,YES,YES,NO,NO,200,"index,follow,max-image-preview:large",https://familyboard.win/tools/household-meeting-agenda-action-log/,,,sitemap,,,12,2,GSC discovery gap
https://familyboard.win/tools/household-meter-reading-review-log/,YES,YES,NO,NO,200,"index,follow,max-image-preview:large",https://familyboard.win/tools/household-meter-reading-review-log/,,,sitemap,,,8,2,GSC discovery gap
https://familyboard.win/tools/household-monthly-review-action-log/,YES,YES,NO,NO,200,"index,follow,max-image-preview:large",https://familyboard.win/tools/household-monthly-review-action-log/,,,sitemap,,,13,2,GSC discovery gap
https://familyboard.win/tools/household-pantry-expiry-review-log/,YES,YES,NO,NO,200,"index,follow,max-image-preview:large",https://familyboard.win/tools/household-pantry-expiry-review-log/,,,sitemap,,,12,2,GSC discovery gap
https://familyboard.win/tools/household-pet-record-source-handoff-log/,YES,YES,NO,NO,200,"index,follow,max-image-preview:large",https://familyboard.win/tools/household-pet-record-source-handoff-log/,,,sitemap,,,10,2,GSC discovery gap
https://familyboard.win/tools/household-plant-care-handoff-log/,YES,YES,NO,NO,200,"index,follow,max-image-preview:large",https://familyboard.win/tools/household-plant-care-handoff-log/,,,sitemap,,,9,2,GSC discovery gap
https://familyboard.win/tools/household-power-outage-event-log/,YES,YES,NO,NO,200,"index,follow,max-image-preview:large",https://familyboard.win/tools/household-power-outage-event-log/,,,sitemap,,,13,2,GSC discovery gap
https://familyboard.win/tools/household-record-retention-decision-log/,YES,YES,NO,NO,200,"index,follow,max-image-preview:large",https://familyboard.win/tools/household-record-retention-decision-log/,,,sitemap,,,11,2,GSC discovery gap
https://familyboard.win/tools/household-record-retrieval-drill-log/,YES,YES,NO,NO,200,"index,follow,max-image-preview:large",https://familyboard.win/tools/household-record-retrieval-drill-log/,,,sitemap,,,14,2,GSC discovery gap
https://familyboard.win/tools/household-recycling-handoff-log/,YES,YES,NO,NO,200,"index,follow,max-image-preview:large",https://familyboard.win/tools/household-recycling-handoff-log/,,,sitemap,,,9,2,GSC discovery gap
https://familyboard.win/tools/household-repair-evidence-timeline-log/,YES,YES,NO,NO,200,"index,follow,max-image-preview:large",https://familyboard.win/tools/household-repair-evidence-timeline-log/,,,sitemap,,,13,2,GSC discovery gap
https://familyboard.win/tools/household-replacement-part-source-check-log/,YES,YES,NO,NO,200,"index,follow,max-image-preview:large",https://familyboard.win/tools/household-replacement-part-source-check-log/,,,sitemap,,,13,2,GSC discovery gap
https://familyboard.win/tools/household-responsibility-coverage-map/,YES,YES,NO,NO,200,"index,follow,max-image-preview:large",https://familyboard.win/tools/household-responsibility-coverage-map/,,,sitemap,,,14,2,GSC discovery gap
https://familyboard.win/tools/household-return-handoff-log/,YES,YES,NO,NO,200,"index,follow,max-image-preview:large",https://familyboard.win/tools/household-return-handoff-log/,,,sitemap,,,8,2,GSC discovery gap
https://familyboard.win/tools/household-router-support-review-log/,YES,YES,NO,NO,200,"index,follow,max-image-preview:large",https://familyboard.win/tools/household-router-support-review-log/,,,sitemap,,,8,2,GSC discovery gap
https://familyboard.win/tools/household-schedule-conflict-review-log/,YES,YES,NO,NO,200,"index,follow,max-image-preview:large",https://familyboard.win/tools/household-schedule-conflict-review-log/,,,sitemap,,,11,2,GSC discovery gap
https://familyboard.win/tools/household-school-activity-handoff-log/,YES,YES,NO,NO,200,"index,follow,max-image-preview:large",https://familyboard.win/tools/household-school-activity-handoff-log/,,,sitemap,,,10,2,GSC discovery gap
https://familyboard.win/tools/household-school-closure-continuity-log/,YES,YES,NO,NO,200,"index,follow,max-image-preview:large",https://familyboard.win/tools/household-school-closure-continuity-log/,,,sitemap,,,8,2,GSC discovery gap
https://familyboard.win/tools/household-school-pickup-handoff-log/,YES,YES,NO,NO,200,"index,follow,max-image-preview:large",https://familyboard.win/tools/household-school-pickup-handoff-log/,,,sitemap,,,8,2,GSC discovery gap
https://familyboard.win/tools/household-school-record-source-handoff-log/,YES,YES,NO,NO,200,"index,follow,max-image-preview:large",https://familyboard.win/tools/household-school-record-source-handoff-log/,,,sitemap,,,10,2,GSC discovery gap
https://familyboard.win/tools/household-seasonal-reset-action-log/,YES,YES,NO,NO,200,"index,follow,max-image-preview:large",https://familyboard.win/tools/household-seasonal-reset-action-log/,,,sitemap,,,8,2,GSC discovery gap
https://familyboard.win/tools/household-service-appointment-handoff-log/,YES,YES,NO,NO,200,"index,follow,max-image-preview:large",https://familyboard.win/tools/household-service-appointment-handoff-log/,,,sitemap,,,8,2,GSC discovery gap
https://familyboard.win/tools/household-service-quote-comparison-log/,YES,YES,NO,NO,200,"index,follow,max-image-preview:large",https://familyboard.win/tools/household-service-quote-comparison-log/,,,sitemap,,,8,2,GSC discovery gap
https://familyboard.win/tools/household-share-access-review-log/,YES,YES,NO,NO,200,"index,follow,max-image-preview:large",https://familyboard.win/tools/household-share-access-review-log/,,,sitemap,,,13,2,GSC discovery gap
https://familyboard.win/tools/household-shopping-list-planner/,YES,YES,NO,NO,200,"index,follow,max-image-preview:large",https://familyboard.win/tools/household-shopping-list-planner/,,,sitemap,,,11,2,GSC discovery gap
https://familyboard.win/tools/household-storm-readiness-review/,YES,YES,NO,NO,200,"index,follow,max-image-preview:large",https://familyboard.win/tools/household-storm-readiness-review/,,,sitemap,,,10,2,GSC discovery gap
https://familyboard.win/tools/household-subscription-cancellation-handoff-log/,YES,YES,NO,NO,200,"index,follow,max-image-preview:large",https://familyboard.win/tools/household-subscription-cancellation-handoff-log/,,,sitemap,,,10,2,GSC discovery gap
https://familyboard.win/tools/household-subscription-cost-calculator/,YES,YES,YES,YES,200,"index,follow,max-image-preview:large",https://familyboard.win/tools/household-subscription-cost-calculator/,,,sitemap,,,13,2,GSC indexed
https://familyboard.win/tools/household-task-load-calculator/,YES,YES,NO,NO,200,"index,follow,max-image-preview:large",https://familyboard.win/tools/household-task-load-calculator/,,,sitemap,,,10,2,GSC discovery gap
https://familyboard.win/tools/household-time-window-overlap-checker/,YES,YES,NO,NO,200,"index,follow,max-image-preview:large",https://familyboard.win/tools/household-time-window-overlap-checker/,,,sitemap,,,9,2,GSC discovery gap
https://familyboard.win/tools/household-trip-packing-handoff-log/,YES,YES,NO,NO,200,"index,follow,max-image-preview:large",https://familyboard.win/tools/household-trip-packing-handoff-log/,,,sitemap,,,9,2,GSC discovery gap
https://familyboard.win/tools/household-utility-bill-anomaly-log/,YES,YES,NO,NO,200,"index,follow,max-image-preview:large",https://familyboard.win/tools/household-utility-bill-anomaly-log/,,,sitemap,,,9,2,GSC discovery gap
https://familyboard.win/tools/household-utility-provider-service-handoff-log/,YES,YES,NO,NO,200,"index,follow,max-image-preview:large",https://familyboard.win/tools/household-utility-provider-service-handoff-log/,,,sitemap,,,9,2,GSC discovery gap
https://familyboard.win/tools/household-vehicle-document-source-status-log/,YES,YES,NO,NO,200,"index,follow,max-image-preview:large",https://familyboard.win/tools/household-vehicle-document-source-status-log/,,,sitemap,,,9,2,GSC discovery gap
https://familyboard.win/tools/household-water-leak-event-log/,YES,YES,NO,NO,200,"index,follow,max-image-preview:large",https://familyboard.win/tools/household-water-leak-event-log/,,,sitemap,,,10,2,GSC discovery gap
https://familyboard.win/tools/household-weekly-reset-action-log/,YES,YES,NO,NO,200,"index,follow,max-image-preview:large",https://familyboard.win/tools/household-weekly-reset-action-log/,,,sitemap,,,14,2,GSC discovery gap
https://familyboard.win/tools/important-household-document-review/,YES,YES,NO,NO,200,"index,follow,max-image-preview:large",https://familyboard.win/tools/important-household-document-review/,,,sitemap,,,10,2,GSC discovery gap
https://familyboard.win/tools/move-in-checklist-generator/,YES,YES,YES,YES,200,"index,follow,max-image-preview:large",https://familyboard.win/tools/move-in-checklist-generator/,,,sitemap,,,14,2,GSC indexed
https://familyboard.win/tools/move-out-condition-record-generator/,YES,YES,NO,NO,200,"index,follow,max-image-preview:large",https://familyboard.win/tools/move-out-condition-record-generator/,,,sitemap,,,9,2,GSC discovery gap
https://familyboard.win/tools/moving-box-handover-log/,YES,YES,NO,NO,200,"index,follow,max-image-preview:large",https://familyboard.win/tools/moving-box-handover-log/,,,sitemap,,,10,2,GSC discovery gap
https://familyboard.win/tools/pet-sitter-instruction-generator/,YES,YES,YES,YES,200,"index,follow,max-image-preview:large",https://familyboard.win/tools/pet-sitter-instruction-generator/,,,sitemap,,,13,2,GSC indexed
https://familyboard.win/tools/product-recall-action-log/,YES,YES,NO,NO,200,"index,follow,max-image-preview:large",https://familyboard.win/tools/product-recall-action-log/,,,sitemap,,,15,2,GSC discovery gap
https://familyboard.win/tools/purchase-delivery-evidence-log/,YES,YES,NO,NO,200,"index,follow,max-image-preview:large",https://familyboard.win/tools/purchase-delivery-evidence-log/,,,sitemap,,,11,2,GSC discovery gap
https://familyboard.win/tools/receipt-retention-organizer/,YES,YES,YES,YES,200,"index,follow,max-image-preview:large",https://familyboard.win/tools/receipt-retention-organizer/,,,sitemap,,,12,2,GSC indexed
https://familyboard.win/tools/recurring-chore-planner/,YES,YES,NO,NO,200,"index,follow,max-image-preview:large",https://familyboard.win/tools/recurring-chore-planner/,,,sitemap,,,12,2,GSC discovery gap
https://familyboard.win/tools/rental-repair-request-log/,YES,YES,NO,NO,200,"index,follow,max-image-preview:large",https://familyboard.win/tools/rental-repair-request-log/,,,sitemap,,,10,2,GSC discovery gap
https://familyboard.win/tools/rental-security-deposit-move-out-claim-log/,YES,YES,NO,NO,200,"index,follow,max-image-preview:large",https://familyboard.win/tools/rental-security-deposit-move-out-claim-log/,,,sitemap,,,8,2,GSC discovery gap
https://familyboard.win/tools/room-inventory-generator/,YES,YES,NO,NO,200,"index,follow,max-image-preview:large",https://familyboard.win/tools/room-inventory-generator/,,,sitemap,,,14,2,GSC discovery gap
https://familyboard.win/tools/storage-unit-access-inventory-log/,YES,YES,NO,NO,200,"index,follow,max-image-preview:large",https://familyboard.win/tools/storage-unit-access-inventory-log/,,,sitemap,,,9,2,GSC discovery gap
https://familyboard.win/tools/vacation-shutdown-checklist-generator/,YES,YES,YES,YES,200,"index,follow,max-image-preview:large",https://familyboard.win/tools/vacation-shutdown-checklist-generator/,,,sitemap,,,9,2,GSC indexed
https://familyboard.win/tools/warranty-checklist-generator/,YES,YES,YES,YES,200,"index,follow,max-image-preview:large",https://familyboard.win/tools/warranty-checklist-generator/,,,sitemap,,,9,2,GSC indexed
https://familyboard.win/tools/warranty-claim-evidence-log/,YES,YES,NO,NO,200,"index,follow,max-image-preview:large",https://familyboard.win/tools/warranty-claim-evidence-log/,,,sitemap,,,17,2,GSC discovery gap
https://familyboard.win/tools/warranty-expiration-calculator/,YES,YES,YES,YES,200,"index,follow,max-image-preview:large",https://familyboard.win/tools/warranty-expiration-calculator/,,,sitemap,,,14,1,GSC indexed
https://familyboard.win/zh-tw/,YES,YES,YES,YES,200,"index,follow,max-image-preview:large",https://familyboard.win/zh-tw/,,,sitemap,,,12,1,GSC indexed
https://familyboard.win/zh-tw/about/,YES,YES,NO,NO,200,"index,follow,max-image-preview:large",https://familyboard.win/zh-tw/about/,,,sitemap,,,6,2,GSC discovery gap
https://familyboard.win/zh-tw/affiliate-disclosure/,YES,YES,NO,NO,200,"index,follow,max-image-preview:large",https://familyboard.win/zh-tw/affiliate-disclosure/,,,sitemap,,,7,2,GSC discovery gap
https://familyboard.win/zh-tw/app/,NO,NO,YES,NO,200,"noindex,follow",https://familyboard.win/zh-tw/app/,,,unknown,,,,2,known but not indexed
https://familyboard.win/zh-tw/changelog/,YES,YES,NO,NO,200,"index,follow,max-image-preview:large",https://familyboard.win/zh-tw/changelog/,,,sitemap,,,8,2,GSC discovery gap
https://familyboard.win/zh-tw/checklists/,YES,YES,NO,NO,200,"index,follow,max-image-preview:large",https://familyboard.win/zh-tw/checklists/,,,sitemap,,,9,2,GSC discovery gap
https://familyboard.win/zh-tw/checklists/printable-emergency-binder-checklist/,YES,YES,NO,NO,200,"index,follow,max-image-preview:large",https://familyboard.win/zh-tw/checklists/printable-emergency-binder-checklist/,,,sitemap,,,9,2,GSC discovery gap
https://familyboard.win/zh-tw/checklists/printable-home-maintenance-checklist/,YES,YES,NO,NO,200,"index,follow,max-image-preview:large",https://familyboard.win/zh-tw/checklists/printable-home-maintenance-checklist/,,,sitemap,,,9,2,GSC discovery gap
https://familyboard.win/zh-tw/checklists/printable-house-sitter-checklist/,YES,YES,NO,NO,200,"index,follow,max-image-preview:large",https://familyboard.win/zh-tw/checklists/printable-house-sitter-checklist/,,,sitemap,,,8,2,GSC discovery gap
https://familyboard.win/zh-tw/checklists/printable-monthly-home-checklist/,YES,YES,NO,NO,200,"index,follow,max-image-preview:large",https://familyboard.win/zh-tw/checklists/printable-monthly-home-checklist/,,,sitemap,,,8,2,GSC discovery gap
https://familyboard.win/zh-tw/checklists/printable-moving-checklist/,YES,YES,NO,NO,200,"index,follow,max-image-preview:large",https://familyboard.win/zh-tw/checklists/printable-moving-checklist/,,,sitemap,,,8,2,GSC discovery gap
https://familyboard.win/zh-tw/checklists/printable-pet-sitter-checklist/,YES,YES,NO,NO,200,"index,follow,max-image-preview:large",https://familyboard.win/zh-tw/checklists/printable-pet-sitter-checklist/,,,sitemap,,,8,2,GSC discovery gap
https://familyboard.win/zh-tw/checklists/printable-seasonal-home-checklist/,YES,YES,NO,NO,200,"index,follow,max-image-preview:large",https://familyboard.win/zh-tw/checklists/printable-seasonal-home-checklist/,,,sitemap,,,8,2,GSC discovery gap
https://familyboard.win/zh-tw/contact/,YES,YES,NO,NO,200,"index,follow,max-image-preview:large",https://familyboard.win/zh-tw/contact/,,,sitemap,,,513,2,GSC discovery gap
https://familyboard.win/zh-tw/disclaimer/,YES,YES,NO,NO,200,"index,follow,max-image-preview:large",https://familyboard.win/zh-tw/disclaimer/,,,sitemap,,,8,2,GSC discovery gap
https://familyboard.win/zh-tw/editorial-policy/,YES,YES,NO,NO,200,"index,follow,max-image-preview:large",https://familyboard.win/zh-tw/editorial-policy/,,,sitemap,,,8,2,GSC discovery gap
https://familyboard.win/zh-tw/features/,YES,YES,NO,NO,200,"index,follow,max-image-preview:large",https://familyboard.win/zh-tw/features/,,,sitemap,,,6,2,GSC discovery gap
https://familyboard.win/zh-tw/features/emergency-information-organizer/,YES,YES,NO,NO,200,"index,follow,max-image-preview:large",https://familyboard.win/zh-tw/features/emergency-information-organizer/,,,sitemap,,,33,2,GSC discovery gap
https://familyboard.win/zh-tw/features/family-display-mode/,YES,YES,NO,NO,200,"index,follow,max-image-preview:large",https://familyboard.win/zh-tw/features/family-display-mode/,,,sitemap,,,12,2,GSC discovery gap
https://familyboard.win/zh-tw/features/family-task-manager/,YES,YES,NO,NO,200,"index,follow,max-image-preview:large",https://familyboard.win/zh-tw/features/family-task-manager/,,,sitemap,,,35,2,GSC discovery gap
https://familyboard.win/zh-tw/features/free-home-management-app/,YES,YES,NO,NO,200,"index,follow,max-image-preview:large",https://familyboard.win/zh-tw/features/free-home-management-app/,,,sitemap,,,44,2,GSC discovery gap
https://familyboard.win/zh-tw/features/home-dashboard/,YES,YES,NO,NO,200,"index,follow,max-image-preview:large",https://familyboard.win/zh-tw/features/home-dashboard/,,,sitemap,,,18,2,GSC discovery gap
https://familyboard.win/zh-tw/features/home-inventory-tracker/,YES,YES,NO,NO,200,"index,follow,max-image-preview:large",https://familyboard.win/zh-tw/features/home-inventory-tracker/,,,sitemap,,,26,2,GSC discovery gap
https://familyboard.win/zh-tw/features/home-record-keeper/,YES,YES,NO,NO,200,"index,follow,max-image-preview:large",https://familyboard.win/zh-tw/features/home-record-keeper/,,,sitemap,,,8,2,GSC discovery gap
https://familyboard.win/zh-tw/features/household-calendar/,YES,YES,NO,NO,200,"index,follow,max-image-preview:large",https://familyboard.win/zh-tw/features/household-calendar/,,,sitemap,,,22,2,GSC discovery gap
https://familyboard.win/zh-tw/features/household-documents-organizer/,YES,YES,NO,NO,200,"index,follow,max-image-preview:large",https://familyboard.win/zh-tw/features/household-documents-organizer/,,,sitemap,,,25,2,GSC discovery gap
https://familyboard.win/zh-tw/features/household-handoff/,YES,YES,NO,NO,200,"index,follow,max-image-preview:large",https://familyboard.win/zh-tw/features/household-handoff/,,,sitemap,,,34,2,GSC discovery gap
https://familyboard.win/zh-tw/features/household-operations-system/,YES,YES,NO,NO,200,"index,follow,max-image-preview:large",https://familyboard.win/zh-tw/features/household-operations-system/,,,sitemap,,,8,2,GSC discovery gap
https://familyboard.win/zh-tw/features/household-subscription-tracker/,YES,YES,NO,NO,200,"index,follow,max-image-preview:large",https://familyboard.win/zh-tw/features/household-subscription-tracker/,,,sitemap,,,15,2,GSC discovery gap
https://familyboard.win/zh-tw/features/local-first-home-organizer/,YES,YES,NO,NO,200,"index,follow,max-image-preview:large",https://familyboard.win/zh-tw/features/local-first-home-organizer/,,,sitemap,,,9,2,GSC discovery gap
https://familyboard.win/zh-tw/features/maintenance-tracker/,YES,YES,NO,NO,200,"index,follow,max-image-preview:large",https://familyboard.win/zh-tw/features/maintenance-tracker/,,,sitemap,,,38,2,GSC discovery gap
https://familyboard.win/zh-tw/features/no-account-family-organizer/,YES,YES,NO,NO,200,"index,follow,max-image-preview:large",https://familyboard.win/zh-tw/features/no-account-family-organizer/,,,sitemap,,,9,2,GSC discovery gap
https://familyboard.win/zh-tw/features/offline-household-organizer/,YES,YES,NO,NO,200,"index,follow,max-image-preview:large",https://familyboard.win/zh-tw/features/offline-household-organizer/,,,sitemap,,,10,2,GSC discovery gap
https://familyboard.win/zh-tw/features/private-family-organizer/,YES,YES,NO,NO,200,"index,follow,max-image-preview:large",https://familyboard.win/zh-tw/features/private-family-organizer/,,,sitemap,,,29,2,GSC discovery gap
https://familyboard.win/zh-tw/features/warranty-tracker/,YES,YES,NO,NO,200,"index,follow,max-image-preview:large",https://familyboard.win/zh-tw/features/warranty-tracker/,,,sitemap,,,13,2,GSC discovery gap
https://familyboard.win/zh-tw/guides/,YES,YES,NO,NO,200,"index,follow,max-image-preview:large",https://familyboard.win/zh-tw/guides/,,,sitemap,,,7,2,GSC discovery gap
https://familyboard.win/zh-tw/guides/air-conditioner-maintenance-checklist/,YES,YES,NO,NO,200,"index,follow,max-image-preview:large",https://familyboard.win/zh-tw/guides/air-conditioner-maintenance-checklist/,,,sitemap,,,11,2,GSC discovery gap
https://familyboard.win/zh-tw/guides/air-purifier-filter-log/,YES,YES,NO,NO,200,"index,follow,max-image-preview:large",https://familyboard.win/zh-tw/guides/air-purifier-filter-log/,,,sitemap,,,11,2,GSC discovery gap
https://familyboard.win/zh-tw/guides/air-purifier-maintenance-guide/,YES,YES,NO,NO,200,"index,follow,max-image-preview:large",https://familyboard.win/zh-tw/guides/air-purifier-maintenance-guide/,,,sitemap,,,8,2,GSC discovery gap
https://familyboard.win/zh-tw/guides/annual-home-review/,YES,YES,NO,NO,200,"index,follow,max-image-preview:large",https://familyboard.win/zh-tw/guides/annual-home-review/,,,sitemap,,,10,2,GSC discovery gap
https://familyboard.win/zh-tw/guides/annual-renewal-calendar/,YES,YES,NO,NO,200,"index,follow,max-image-preview:large",https://familyboard.win/zh-tw/guides/annual-renewal-calendar/,,,sitemap,,,18,2,GSC discovery gap
https://familyboard.win/zh-tw/guides/apartment-maintenance-checklist/,YES,YES,NO,NO,200,"index,follow,max-image-preview:large",https://familyboard.win/zh-tw/guides/apartment-maintenance-checklist/,,,sitemap,,,10,2,GSC discovery gap
https://familyboard.win/zh-tw/guides/appliance-inventory/,YES,YES,NO,NO,200,"index,follow,max-image-preview:large",https://familyboard.win/zh-tw/guides/appliance-inventory/,,,sitemap,,,21,2,GSC discovery gap
https://familyboard.win/zh-tw/guides/appliance-lifespan-planning/,YES,YES,NO,NO,200,"index,follow,max-image-preview:large",https://familyboard.win/zh-tw/guides/appliance-lifespan-planning/,,,sitemap,,,11,2,GSC discovery gap
https://familyboard.win/zh-tw/guides/appliance-replacement-planning/,YES,YES,NO,NO,200,"index,follow,max-image-preview:large",https://familyboard.win/zh-tw/guides/appliance-replacement-planning/,,,sitemap,,,20,2,GSC discovery gap
https://familyboard.win/zh-tw/guides/automatic-renewal-charge-dispute-taiwan/,YES,YES,NO,NO,200,"index,follow,max-image-preview:large",https://familyboard.win/zh-tw/guides/automatic-renewal-charge-dispute-taiwan/,,,sitemap,,,9,2,GSC discovery gap
https://familyboard.win/zh-tw/guides/bathroom-exhaust-fan-maintenance-checklist/,YES,YES,NO,NO,200,"index,follow,max-image-preview:large",https://familyboard.win/zh-tw/guides/bathroom-exhaust-fan-maintenance-checklist/,,,sitemap,,,8,2,GSC discovery gap
https://familyboard.win/zh-tw/guides/carbon-monoxide-alarm-records/,YES,YES,NO,NO,200,"index,follow,max-image-preview:large",https://familyboard.win/zh-tw/guides/carbon-monoxide-alarm-records/,,,sitemap,,,9,2,GSC discovery gap
https://familyboard.win/zh-tw/guides/caregiver-handoff-checklist/,YES,YES,NO,NO,200,"index,follow,max-image-preview:large",https://familyboard.win/zh-tw/guides/caregiver-handoff-checklist/,,,sitemap,,,17,2,GSC discovery gap
https://familyboard.win/zh-tw/guides/ceiling-fan-maintenance-checklist/,YES,YES,NO,NO,200,"index,follow,max-image-preview:large",https://familyboard.win/zh-tw/guides/ceiling-fan-maintenance-checklist/,,,sitemap,,,8,2,GSC discovery gap
https://familyboard.win/zh-tw/guides/chore-chart-for-adults/,YES,YES,NO,NO,200,"index,follow,max-image-preview:large",https://familyboard.win/zh-tw/guides/chore-chart-for-adults/,,,sitemap,,,9,2,GSC discovery gap
https://familyboard.win/zh-tw/guides/cleaning-schedule/,YES,YES,NO,NO,200,"index,follow,max-image-preview:large",https://familyboard.win/zh-tw/guides/cleaning-schedule/,,,sitemap,,,12,2,GSC discovery gap
https://familyboard.win/zh-tw/guides/coffee-maker-maintenance-guide/,YES,YES,NO,NO,200,"index,follow,max-image-preview:large",https://familyboard.win/zh-tw/guides/coffee-maker-maintenance-guide/,,,sitemap,,,9,2,GSC discovery gap
https://familyboard.win/zh-tw/guides/computer-electronics-inventory/,YES,YES,NO,NO,200,"index,follow,max-image-preview:large",https://familyboard.win/zh-tw/guides/computer-electronics-inventory/,,,sitemap,,,14,2,GSC discovery gap
https://familyboard.win/zh-tw/guides/condo-maintenance-checklist/,YES,YES,NO,NO,200,"index,follow,max-image-preview:large",https://familyboard.win/zh-tw/guides/condo-maintenance-checklist/,,,sitemap,,,8,2,GSC discovery gap
https://familyboard.win/zh-tw/guides/contractor-records/,YES,YES,NO,NO,200,"index,follow,max-image-preview:large",https://familyboard.win/zh-tw/guides/contractor-records/,,,sitemap,,,20,2,GSC discovery gap
https://familyboard.win/zh-tw/guides/deep-cleaning-tracker/,YES,YES,NO,NO,200,"index,follow,max-image-preview:large",https://familyboard.win/zh-tw/guides/deep-cleaning-tracker/,,,sitemap,,,11,2,GSC discovery gap
https://familyboard.win/zh-tw/guides/dehumidifier-maintenance-guide/,YES,YES,NO,NO,200,"index,follow,max-image-preview:large",https://familyboard.win/zh-tw/guides/dehumidifier-maintenance-guide/,,,sitemap,,,9,2,GSC discovery gap
https://familyboard.win/zh-tw/guides/dehumidifier-maintenance-records/,YES,YES,NO,NO,200,"index,follow,max-image-preview:large",https://familyboard.win/zh-tw/guides/dehumidifier-maintenance-records/,,,sitemap,,,11,2,GSC discovery gap
https://familyboard.win/zh-tw/guides/digital-home-binder/,YES,YES,NO,NO,200,"index,follow,max-image-preview:large",https://familyboard.win/zh-tw/guides/digital-home-binder/,,,sitemap,,,27,2,GSC discovery gap
https://familyboard.win/zh-tw/guides/digital-home-inventory-backup/,YES,YES,NO,NO,200,"index,follow,max-image-preview:large",https://familyboard.win/zh-tw/guides/digital-home-inventory-backup/,,,sitemap,,,43,2,GSC discovery gap
https://familyboard.win/zh-tw/guides/dishwasher-maintenance-checklist/,YES,YES,NO,NO,200,"index,follow,max-image-preview:large",https://familyboard.win/zh-tw/guides/dishwasher-maintenance-checklist/,,,sitemap,,,10,2,GSC discovery gap
https://familyboard.win/zh-tw/guides/divide-household-responsibilities/,YES,YES,NO,NO,200,"index,follow,max-image-preview:large",https://familyboard.win/zh-tw/guides/divide-household-responsibilities/,,,sitemap,,,13,2,GSC discovery gap
https://familyboard.win/zh-tw/guides/dryer-maintenance-checklist/,YES,YES,NO,NO,200,"index,follow,max-image-preview:large",https://familyboard.win/zh-tw/guides/dryer-maintenance-checklist/,,,sitemap,,,9,2,GSC discovery gap
https://familyboard.win/zh-tw/guides/electronics-inventory/,YES,YES,NO,NO,200,"index,follow,max-image-preview:large",https://familyboard.win/zh-tw/guides/electronics-inventory/,,,sitemap,,,10,2,GSC discovery gap
https://familyboard.win/zh-tw/guides/emergency-binder/,YES,YES,NO,NO,200,"index,follow,max-image-preview:large",https://familyboard.win/zh-tw/guides/emergency-binder/,,,sitemap,,,11,2,GSC discovery gap
https://familyboard.win/zh-tw/guides/emergency-information-sheet/,YES,YES,NO,NO,200,"index,follow,max-image-preview:large",https://familyboard.win/zh-tw/guides/emergency-information-sheet/,,,sitemap,,,22,2,GSC discovery gap
https://familyboard.win/zh-tw/guides/emergency-supply-inventory/,YES,YES,NO,NO,200,"index,follow,max-image-preview:large",https://familyboard.win/zh-tw/guides/emergency-supply-inventory/,,,sitemap,,,14,2,GSC discovery gap
https://familyboard.win/zh-tw/guides/fall-home-maintenance-checklist/,YES,YES,NO,NO,200,"index,follow,max-image-preview:large",https://familyboard.win/zh-tw/guides/fall-home-maintenance-checklist/,,,sitemap,,,10,2,GSC discovery gap
https://familyboard.win/zh-tw/guides/family-chore-system/,YES,YES,NO,NO,200,"index,follow,max-image-preview:large",https://familyboard.win/zh-tw/guides/family-chore-system/,,,sitemap,,,16,2,GSC discovery gap
https://familyboard.win/zh-tw/guides/family-continuity-plan/,YES,YES,NO,NO,200,"index,follow,max-image-preview:large",https://familyboard.win/zh-tw/guides/family-continuity-plan/,,,sitemap,,,12,2,GSC discovery gap
https://familyboard.win/zh-tw/guides/family-emergency-contacts/,YES,YES,NO,NO,200,"index,follow,max-image-preview:large",https://familyboard.win/zh-tw/guides/family-emergency-contacts/,,,sitemap,,,11,2,GSC discovery gap
https://familyboard.win/zh-tw/guides/familyboard-accessibility-walkthrough-tutorial/,YES,YES,NO,NO,200,"index,follow,max-image-preview:large",https://familyboard.win/zh-tw/guides/familyboard-accessibility-walkthrough-tutorial/,,,sitemap,,,9,2,GSC discovery gap
https://familyboard.win/zh-tw/guides/familyboard-annual-subscription-cost-calculator-tutorial/,YES,YES,NO,NO,200,"index,follow,max-image-preview:large",https://familyboard.win/zh-tw/guides/familyboard-annual-subscription-cost-calculator-tutorial/,,,sitemap,,,9,2,GSC discovery gap
https://familyboard.win/zh-tw/guides/familyboard-app-first-run-restore-tutorial/,YES,YES,NO,NO,200,"index,follow,max-image-preview:large",https://familyboard.win/zh-tw/guides/familyboard-app-first-run-restore-tutorial/,,,sitemap,,,9,2,GSC discovery gap
https://familyboard.win/zh-tw/guides/familyboard-appliance-age-calculator-tutorial/,YES,YES,NO,NO,200,"index,follow,max-image-preview:large",https://familyboard.win/zh-tw/guides/familyboard-appliance-age-calculator-tutorial/,,,sitemap,,,8,2,GSC discovery gap
https://familyboard.win/zh-tw/guides/familyboard-appliance-maintenance-checklist-generator-tutorial/,YES,YES,NO,NO,200,"index,follow,max-image-preview:large",https://familyboard.win/zh-tw/guides/familyboard-appliance-maintenance-checklist-generator-tutorial/,,,sitemap,,,9,2,GSC discovery gap
https://familyboard.win/zh-tw/guides/familyboard-appliance-manual-source-check-tutorial/,YES,YES,NO,NO,200,"index,follow,max-image-preview:large",https://familyboard.win/zh-tw/guides/familyboard-appliance-manual-source-check-tutorial/,,,sitemap,,,9,2,GSC discovery gap
https://familyboard.win/zh-tw/guides/familyboard-appliance-manual-source-tutorial/,YES,YES,NO,NO,200,"index,follow,max-image-preview:large",https://familyboard.win/zh-tw/guides/familyboard-appliance-manual-source-tutorial/,,,sitemap,,,8,2,GSC discovery gap
https://familyboard.win/zh-tw/guides/familyboard-appliance-purchase-installation-tutorial/,YES,YES,NO,NO,200,"index,follow,max-image-preview:large",https://familyboard.win/zh-tw/guides/familyboard-appliance-purchase-installation-tutorial/,,,sitemap,,,8,2,GSC discovery gap
https://familyboard.win/zh-tw/guides/familyboard-appliance-repair-callback-tutorial/,YES,YES,NO,NO,200,"index,follow,max-image-preview:large",https://familyboard.win/zh-tw/guides/familyboard-appliance-repair-callback-tutorial/,,,sitemap,,,9,2,GSC discovery gap
https://familyboard.win/zh-tw/guides/familyboard-appliance-replacement-planner-tutorial/,YES,YES,NO,NO,200,"index,follow,max-image-preview:large",https://familyboard.win/zh-tw/guides/familyboard-appliance-replacement-planner-tutorial/,,,sitemap,,,9,2,GSC discovery gap
https://familyboard.win/zh-tw/guides/familyboard-appliance-service-visit-tutorial/,YES,YES,NO,NO,200,"index,follow,max-image-preview:large",https://familyboard.win/zh-tw/guides/familyboard-appliance-service-visit-tutorial/,,,sitemap,,,8,2,GSC discovery gap
https://familyboard.win/zh-tw/guides/familyboard-attachment-expiry-review-tutorial/,YES,YES,NO,NO,200,"index,follow,max-image-preview:large",https://familyboard.win/zh-tw/guides/familyboard-attachment-expiry-review-tutorial/,,,sitemap,,,8,2,GSC discovery gap
https://familyboard.win/zh-tw/guides/familyboard-attachment-metadata-tutorial/,YES,YES,NO,NO,200,"index,follow,max-image-preview:large",https://familyboard.win/zh-tw/guides/familyboard-attachment-metadata-tutorial/,,,sitemap,,,10,2,GSC discovery gap
https://familyboard.win/zh-tw/guides/familyboard-backup-recovery-checker-tutorial/,YES,YES,NO,NO,200,"index,follow,max-image-preview:large",https://familyboard.win/zh-tw/guides/familyboard-backup-recovery-checker-tutorial/,,,sitemap,,,8,2,GSC discovery gap
https://familyboard.win/zh-tw/guides/familyboard-backup-restore-rehearsal-tutorial/,YES,YES,NO,NO,200,"index,follow,max-image-preview:large",https://familyboard.win/zh-tw/guides/familyboard-backup-restore-rehearsal-tutorial/,,,sitemap,,,8,2,GSC discovery gap
https://familyboard.win/zh-tw/guides/familyboard-bill-review-tutorial/,YES,YES,NO,NO,200,"index,follow,max-image-preview:large",https://familyboard.win/zh-tw/guides/familyboard-bill-review-tutorial/,,,sitemap,,,8,2,GSC discovery gap
https://familyboard.win/zh-tw/guides/familyboard-browser-storage-cleanup-tutorial/,YES,YES,NO,NO,200,"index,follow,max-image-preview:large",https://familyboard.win/zh-tw/guides/familyboard-browser-storage-cleanup-tutorial/,,,sitemap,,,9,2,GSC discovery gap
https://familyboard.win/zh-tw/guides/familyboard-browser-storage-maintenance/,YES,YES,NO,NO,200,"index,follow,max-image-preview:large",https://familyboard.win/zh-tw/guides/familyboard-browser-storage-maintenance/,,,sitemap,,,13,2,GSC discovery gap
https://familyboard.win/zh-tw/guides/familyboard-building-notice-response-tutorial/,YES,YES,NO,NO,200,"index,follow,max-image-preview:large",https://familyboard.win/zh-tw/guides/familyboard-building-notice-response-tutorial/,,,sitemap,,,8,2,GSC discovery gap
https://familyboard.win/zh-tw/guides/familyboard-calendar-timezone-tutorial/,YES,YES,NO,NO,200,"index,follow,max-image-preview:large",https://familyboard.win/zh-tw/guides/familyboard-calendar-timezone-tutorial/,,,sitemap,,,8,2,GSC discovery gap
https://familyboard.win/zh-tw/guides/familyboard-calendar-tutorial/,YES,YES,NO,NO,200,"index,follow,max-image-preview:large",https://familyboard.win/zh-tw/guides/familyboard-calendar-tutorial/,,,sitemap,,,10,2,GSC discovery gap
https://familyboard.win/zh-tw/guides/familyboard-caregiver-handoff-source-authorization-tutorial/,YES,YES,NO,NO,200,"index,follow,max-image-preview:large",https://familyboard.win/zh-tw/guides/familyboard-caregiver-handoff-source-authorization-tutorial/,,,sitemap,,,9,2,GSC discovery gap
https://familyboard.win/zh-tw/guides/familyboard-cleaning-schedule-generator-tutorial/,YES,YES,NO,NO,200,"index,follow,max-image-preview:large",https://familyboard.win/zh-tw/guides/familyboard-cleaning-schedule-generator-tutorial/,,,sitemap,,,9,2,GSC discovery gap
https://familyboard.win/zh-tw/guides/familyboard-clothing-care-repair-log-tutorial/,YES,YES,NO,NO,200,"index,follow,max-image-preview:large",https://familyboard.win/zh-tw/guides/familyboard-clothing-care-repair-log-tutorial/,,,sitemap,,,9,2,GSC discovery gap
https://familyboard.win/zh-tw/guides/familyboard-clothing-care-tutorial/,YES,YES,NO,NO,200,"index,follow,max-image-preview:large",https://familyboard.win/zh-tw/guides/familyboard-clothing-care-tutorial/,,,sitemap,,,8,2,GSC discovery gap
https://familyboard.win/zh-tw/guides/familyboard-consumable-change-history-tutorial/,YES,YES,NO,NO,200,"index,follow,max-image-preview:large",https://familyboard.win/zh-tw/guides/familyboard-consumable-change-history-tutorial/,,,sitemap,,,8,2,GSC discovery gap
https://familyboard.win/zh-tw/guides/familyboard-contact-sensitivity-tutorial/,YES,YES,NO,NO,200,"index,follow,max-image-preview:large",https://familyboard.win/zh-tw/guides/familyboard-contact-sensitivity-tutorial/,,,sitemap,,,10,2,GSC discovery gap
https://familyboard.win/zh-tw/guides/familyboard-data-export-redaction-tutorial/,YES,YES,NO,NO,200,"index,follow,max-image-preview:large",https://familyboard.win/zh-tw/guides/familyboard-data-export-redaction-tutorial/,,,sitemap,,,9,2,GSC discovery gap
https://familyboard.win/zh-tw/guides/familyboard-date-offset-planner-tutorial/,YES,YES,NO,NO,200,"index,follow,max-image-preview:large",https://familyboard.win/zh-tw/guides/familyboard-date-offset-planner-tutorial/,,,sitemap,,,9,2,GSC discovery gap
https://familyboard.win/zh-tw/guides/familyboard-device-retirement-tutorial/,YES,YES,NO,NO,200,"index,follow,max-image-preview:large",https://familyboard.win/zh-tw/guides/familyboard-device-retirement-tutorial/,,,sitemap,,,11,2,GSC discovery gap
https://familyboard.win/zh-tw/guides/familyboard-document-renewal-tutorial/,YES,YES,NO,NO,200,"index,follow,max-image-preview:large",https://familyboard.win/zh-tw/guides/familyboard-document-renewal-tutorial/,,,sitemap,,,10,2,GSC discovery gap
https://familyboard.win/zh-tw/guides/familyboard-document-source-handoff-tutorial/,YES,YES,NO,NO,200,"index,follow,max-image-preview:large",https://familyboard.win/zh-tw/guides/familyboard-document-source-handoff-tutorial/,,,sitemap,,,11,2,GSC discovery gap
https://familyboard.win/zh-tw/guides/familyboard-documents-source-review-tutorial/,YES,YES,NO,NO,200,"index,follow,max-image-preview:large",https://familyboard.win/zh-tw/guides/familyboard-documents-source-review-tutorial/,,,sitemap,,,10,2,GSC discovery gap
https://familyboard.win/zh-tw/guides/familyboard-donation-handoff-tutorial/,YES,YES,NO,NO,200,"index,follow,max-image-preview:large",https://familyboard.win/zh-tw/guides/familyboard-donation-handoff-tutorial/,,,sitemap,,,8,2,GSC discovery gap
https://familyboard.win/zh-tw/guides/familyboard-emergency-binder-generator-tutorial/,YES,YES,NO,NO,200,"index,follow,max-image-preview:large",https://familyboard.win/zh-tw/guides/familyboard-emergency-binder-generator-tutorial/,,,sitemap,,,9,2,GSC discovery gap
https://familyboard.win/zh-tw/guides/familyboard-emergency-contact-sheet-generator-tutorial/,YES,YES,NO,NO,200,"index,follow,max-image-preview:large",https://familyboard.win/zh-tw/guides/familyboard-emergency-contact-sheet-generator-tutorial/,,,sitemap,,,9,2,GSC discovery gap
https://familyboard.win/zh-tw/guides/familyboard-emergency-contact-verification-tutorial/,YES,YES,NO,NO,200,"index,follow,max-image-preview:large",https://familyboard.win/zh-tw/guides/familyboard-emergency-contact-verification-tutorial/,,,sitemap,,,9,2,GSC discovery gap
https://familyboard.win/zh-tw/guides/familyboard-emergency-drill-tutorial/,YES,YES,NO,NO,200,"index,follow,max-image-preview:large",https://familyboard.win/zh-tw/guides/familyboard-emergency-drill-tutorial/,,,sitemap,,,9,2,GSC discovery gap
https://familyboard.win/zh-tw/guides/familyboard-emergency-information-privacy-tutorial/,YES,YES,NO,NO,200,"index,follow,max-image-preview:large",https://familyboard.win/zh-tw/guides/familyboard-emergency-information-privacy-tutorial/,,,sitemap,,,9,2,GSC discovery gap
https://familyboard.win/zh-tw/guides/familyboard-emergency-supply-inventory-audit-tutorial/,YES,YES,NO,NO,200,"index,follow,max-image-preview:large",https://familyboard.win/zh-tw/guides/familyboard-emergency-supply-inventory-audit-tutorial/,,,sitemap,,,10,2,GSC discovery gap
https://familyboard.win/zh-tw/guides/familyboard-encrypted-backup-password-tutorial/,YES,YES,NO,NO,200,"index,follow,max-image-preview:large",https://familyboard.win/zh-tw/guides/familyboard-encrypted-backup-password-tutorial/,,,sitemap,,,10,2,GSC discovery gap
https://familyboard.win/zh-tw/guides/familyboard-event-duration-calculator-tutorial/,YES,YES,NO,NO,200,"index,follow,max-image-preview:large",https://familyboard.win/zh-tw/guides/familyboard-event-duration-calculator-tutorial/,,,sitemap,,,9,2,GSC discovery gap
https://familyboard.win/zh-tw/guides/familyboard-event-source-index-tutorial/,YES,YES,NO,NO,200,"index,follow,max-image-preview:large",https://familyboard.win/zh-tw/guides/familyboard-event-source-index-tutorial/,,,sitemap,,,10,2,GSC discovery gap
https://familyboard.win/zh-tw/guides/familyboard-family-display-mode-setup/,YES,YES,NO,NO,200,"index,follow,max-image-preview:large",https://familyboard.win/zh-tw/guides/familyboard-family-display-mode-setup/,,,sitemap,,,10,2,GSC discovery gap
https://familyboard.win/zh-tw/guides/familyboard-free-home-management-app-tutorial/,YES,YES,NO,NO,200,"index,follow,max-image-preview:large",https://familyboard.win/zh-tw/guides/familyboard-free-home-management-app-tutorial/,,,sitemap,,,9,2,GSC discovery gap
https://familyboard.win/zh-tw/guides/familyboard-guest-arrival-prep-tutorial/,YES,YES,NO,NO,200,"index,follow,max-image-preview:large",https://familyboard.win/zh-tw/guides/familyboard-guest-arrival-prep-tutorial/,,,sitemap,,,8,2,GSC discovery gap
https://familyboard.win/zh-tw/guides/familyboard-guest-service-visit-reset-tutorial/,YES,YES,NO,NO,200,"index,follow,max-image-preview:large",https://familyboard.win/zh-tw/guides/familyboard-guest-service-visit-reset-tutorial/,,,sitemap,,,8,2,GSC discovery gap
https://familyboard.win/zh-tw/guides/familyboard-handoff-acceptance-tutorial/,YES,YES,NO,NO,200,"index,follow,max-image-preview:large",https://familyboard.win/zh-tw/guides/familyboard-handoff-acceptance-tutorial/,,,sitemap,,,11,2,GSC discovery gap
https://familyboard.win/zh-tw/guides/familyboard-home-access-handoff-tutorial/,YES,YES,NO,NO,200,"index,follow,max-image-preview:large",https://familyboard.win/zh-tw/guides/familyboard-home-access-handoff-tutorial/,,,sitemap,,,10,2,GSC discovery gap
https://familyboard.win/zh-tw/guides/familyboard-home-accessibility-walkthrough-log-tutorial/,YES,YES,NO,NO,200,"index,follow,max-image-preview:large",https://familyboard.win/zh-tw/guides/familyboard-home-accessibility-walkthrough-log-tutorial/,,,sitemap,,,9,2,GSC discovery gap
https://familyboard.win/zh-tw/guides/familyboard-home-care-billing-discrepancy-tutorial/,YES,YES,NO,NO,200,"index,follow,max-image-preview:large",https://familyboard.win/zh-tw/guides/familyboard-home-care-billing-discrepancy-tutorial/,,,sitemap,,,9,2,GSC discovery gap
https://familyboard.win/zh-tw/guides/familyboard-home-care-complaint-response-resolution-tutorial/,YES,YES,NO,NO,200,"index,follow,max-image-preview:large",https://familyboard.win/zh-tw/guides/familyboard-home-care-complaint-response-resolution-tutorial/,,,sitemap,,,9,2,GSC discovery gap
https://familyboard.win/zh-tw/guides/familyboard-home-care-payment-refund-collection-notice-tutorial/,YES,YES,NO,NO,200,"index,follow,max-image-preview:large",https://familyboard.win/zh-tw/guides/familyboard-home-care-payment-refund-collection-notice-tutorial/,,,sitemap,,,9,2,GSC discovery gap
https://familyboard.win/zh-tw/guides/familyboard-home-care-service-interruption-backup-continuity-tutorial/,YES,YES,NO,NO,200,"index,follow,max-image-preview:large",https://familyboard.win/zh-tw/guides/familyboard-home-care-service-interruption-backup-continuity-tutorial/,,,sitemap,,,8,2,GSC discovery gap
https://familyboard.win/zh-tw/guides/familyboard-home-care-service-plan-change-notice-tutorial/,YES,YES,NO,NO,200,"index,follow,max-image-preview:large",https://familyboard.win/zh-tw/guides/familyboard-home-care-service-plan-change-notice-tutorial/,,,sitemap,,,9,2,GSC discovery gap
https://familyboard.win/zh-tw/guides/familyboard-home-care-visit-scope-service-result-tutorial/,YES,YES,NO,NO,200,"index,follow,max-image-preview:large",https://familyboard.win/zh-tw/guides/familyboard-home-care-visit-scope-service-result-tutorial/,,,sitemap,,,8,2,GSC discovery gap
https://familyboard.win/zh-tw/guides/familyboard-home-closure-reopening-tutorial/,YES,YES,NO,NO,200,"index,follow,max-image-preview:large",https://familyboard.win/zh-tw/guides/familyboard-home-closure-reopening-tutorial/,,,sitemap,,,8,2,GSC discovery gap
https://familyboard.win/zh-tw/guides/familyboard-home-dashboard-weekly-review-tutorial/,YES,YES,NO,NO,200,"index,follow,max-image-preview:large",https://familyboard.win/zh-tw/guides/familyboard-home-dashboard-weekly-review-tutorial/,,,sitemap,,,9,2,GSC discovery gap
https://familyboard.win/zh-tw/guides/familyboard-home-emergency-drill-record-tutorial/,YES,YES,NO,NO,200,"index,follow,max-image-preview:large",https://familyboard.win/zh-tw/guides/familyboard-home-emergency-drill-record-tutorial/,,,sitemap,,,8,2,GSC discovery gap
https://familyboard.win/zh-tw/guides/familyboard-home-handoff-summary-generator-tutorial/,YES,YES,NO,NO,200,"index,follow,max-image-preview:large",https://familyboard.win/zh-tw/guides/familyboard-home-handoff-summary-generator-tutorial/,,,sitemap,,,11,2,GSC discovery gap
https://familyboard.win/zh-tw/guides/familyboard-home-inventory-checklist-generator-tutorial/,YES,YES,NO,NO,200,"index,follow,max-image-preview:large",https://familyboard.win/zh-tw/guides/familyboard-home-inventory-checklist-generator-tutorial/,,,sitemap,,,9,2,GSC discovery gap
https://familyboard.win/zh-tw/guides/familyboard-home-maintenance-cost-tracker-tutorial/,YES,YES,NO,NO,200,"index,follow,max-image-preview:large",https://familyboard.win/zh-tw/guides/familyboard-home-maintenance-cost-tracker-tutorial/,,,sitemap,,,8,2,GSC discovery gap
https://familyboard.win/zh-tw/guides/familyboard-home-maintenance-schedule-generator-tutorial/,YES,YES,NO,NO,200,"index,follow,max-image-preview:large",https://familyboard.win/zh-tw/guides/familyboard-home-maintenance-schedule-generator-tutorial/,,,sitemap,,,9,2,GSC discovery gap
https://familyboard.win/zh-tw/guides/familyboard-home-repair-change-order-tutorial/,YES,YES,NO,NO,200,"index,follow,max-image-preview:large",https://familyboard.win/zh-tw/guides/familyboard-home-repair-change-order-tutorial/,,,sitemap,,,10,2,GSC discovery gap
https://familyboard.win/zh-tw/guides/familyboard-home-repair-closeout-checklist-tutorial/,YES,YES,NO,NO,200,"index,follow,max-image-preview:large",https://familyboard.win/zh-tw/guides/familyboard-home-repair-closeout-checklist-tutorial/,,,sitemap,,,8,2,GSC discovery gap
https://familyboard.win/zh-tw/guides/familyboard-home-repair-cost-log-tutorial/,YES,YES,NO,NO,200,"index,follow,max-image-preview:large",https://familyboard.win/zh-tw/guides/familyboard-home-repair-cost-log-tutorial/,,,sitemap,,,11,2,GSC discovery gap
https://familyboard.win/zh-tw/guides/familyboard-home-service-provider-verification-tutorial/,YES,YES,NO,NO,200,"index,follow,max-image-preview:large",https://familyboard.win/zh-tw/guides/familyboard-home-service-provider-verification-tutorial/,,,sitemap,,,8,2,GSC discovery gap
https://familyboard.win/zh-tw/guides/familyboard-home-service-reminder-generator-tutorial/,YES,YES,NO,NO,200,"index,follow,max-image-preview:large",https://familyboard.win/zh-tw/guides/familyboard-home-service-reminder-generator-tutorial/,,,sitemap,,,8,2,GSC discovery gap
https://familyboard.win/zh-tw/guides/familyboard-house-sitter-instruction-generator-tutorial/,YES,YES,NO,NO,200,"index,follow,max-image-preview:large",https://familyboard.win/zh-tw/guides/familyboard-house-sitter-instruction-generator-tutorial/,,,sitemap,,,10,2,GSC discovery gap
https://familyboard.win/zh-tw/guides/familyboard-household-account-list-tutorial/,YES,YES,NO,NO,200,"index,follow,max-image-preview:large",https://familyboard.win/zh-tw/guides/familyboard-household-account-list-tutorial/,,,sitemap,,,9,2,GSC discovery gap
https://familyboard.win/zh-tw/guides/familyboard-household-admin-backup-tutorial/,YES,YES,NO,NO,200,"index,follow,max-image-preview:large",https://familyboard.win/zh-tw/guides/familyboard-household-admin-backup-tutorial/,,,sitemap,,,10,2,GSC discovery gap
https://familyboard.win/zh-tw/guides/familyboard-household-admin-escalation-tutorial/,YES,YES,NO,NO,200,"index,follow,max-image-preview:large",https://familyboard.win/zh-tw/guides/familyboard-household-admin-escalation-tutorial/,,,sitemap,,,9,2,GSC discovery gap
https://familyboard.win/zh-tw/guides/familyboard-household-annual-review-generator-tutorial/,YES,YES,NO,NO,200,"index,follow,max-image-preview:large",https://familyboard.win/zh-tw/guides/familyboard-household-annual-review-generator-tutorial/,,,sitemap,,,9,2,GSC discovery gap
https://familyboard.win/zh-tw/guides/familyboard-household-availability-window-tutorial/,YES,YES,NO,NO,200,"index,follow,max-image-preview:large",https://familyboard.win/zh-tw/guides/familyboard-household-availability-window-tutorial/,,,sitemap,,,10,2,GSC discovery gap
https://familyboard.win/zh-tw/guides/familyboard-household-backup-recovery-checker-tutorial/,YES,YES,NO,NO,200,"index,follow,max-image-preview:large",https://familyboard.win/zh-tw/guides/familyboard-household-backup-recovery-checker-tutorial/,,,sitemap,,,9,2,GSC discovery gap
https://familyboard.win/zh-tw/guides/familyboard-household-bill-source-status-tutorial/,YES,YES,NO,NO,200,"index,follow,max-image-preview:large",https://familyboard.win/zh-tw/guides/familyboard-household-bill-source-status-tutorial/,,,sitemap,,,8,2,GSC discovery gap
https://familyboard.win/zh-tw/guides/familyboard-household-decision-log-tutorial/,YES,YES,NO,NO,200,"index,follow,max-image-preview:large",https://familyboard.win/zh-tw/guides/familyboard-household-decision-log-tutorial/,,,sitemap,,,10,2,GSC discovery gap
https://familyboard.win/zh-tw/guides/familyboard-household-decision-register-tutorial/,YES,YES,NO,NO,200,"index,follow,max-image-preview:large",https://familyboard.win/zh-tw/guides/familyboard-household-decision-register-tutorial/,,,sitemap,,,8,2,GSC discovery gap
https://familyboard.win/zh-tw/guides/familyboard-household-document-index-generator-tutorial/,YES,YES,NO,NO,200,"index,follow,max-image-preview:large",https://familyboard.win/zh-tw/guides/familyboard-household-document-index-generator-tutorial/,,,sitemap,,,11,2,GSC discovery gap
https://familyboard.win/zh-tw/guides/familyboard-household-document-redaction-tutorial/,YES,YES,NO,NO,200,"index,follow,max-image-preview:large",https://familyboard.win/zh-tw/guides/familyboard-household-document-redaction-tutorial/,,,sitemap,,,9,2,GSC discovery gap
https://familyboard.win/zh-tw/guides/familyboard-household-export-scope-review-tutorial/,YES,YES,NO,NO,200,"index,follow,max-image-preview:large",https://familyboard.win/zh-tw/guides/familyboard-household-export-scope-review-tutorial/,,,sitemap,,,9,2,GSC discovery gap
https://familyboard.win/zh-tw/guides/familyboard-household-handoff-tutorial/,YES,YES,NO,NO,200,"index,follow,max-image-preview:large",https://familyboard.win/zh-tw/guides/familyboard-household-handoff-tutorial/,,,sitemap,,,21,2,GSC discovery gap
https://familyboard.win/zh-tw/guides/familyboard-household-language-preference-handoff-tutorial/,YES,YES,NO,NO,200,"index,follow,max-image-preview:large",https://familyboard.win/zh-tw/guides/familyboard-household-language-preference-handoff-tutorial/,,,sitemap,,,7,2,GSC discovery gap
https://familyboard.win/zh-tw/guides/familyboard-household-meeting-agenda-action-log-tutorial/,YES,YES,NO,NO,200,"index,follow,max-image-preview:large",https://familyboard.win/zh-tw/guides/familyboard-household-meeting-agenda-action-log-tutorial/,,,sitemap,,,9,2,GSC discovery gap
https://familyboard.win/zh-tw/guides/familyboard-household-meeting-tutorial/,YES,YES,NO,NO,200,"index,follow,max-image-preview:large",https://familyboard.win/zh-tw/guides/familyboard-household-meeting-tutorial/,,,sitemap,,,12,2,GSC discovery gap
https://familyboard.win/zh-tw/guides/familyboard-household-members-responsibilities-tutorial/,YES,YES,NO,NO,200,"index,follow,max-image-preview:large",https://familyboard.win/zh-tw/guides/familyboard-household-members-responsibilities-tutorial/,,,sitemap,,,10,2,GSC discovery gap
https://familyboard.win/zh-tw/guides/familyboard-household-notification-routing-tutorial/,YES,YES,NO,NO,200,"index,follow,max-image-preview:large",https://familyboard.win/zh-tw/guides/familyboard-household-notification-routing-tutorial/,,,sitemap,,,9,2,GSC discovery gap
https://familyboard.win/zh-tw/guides/familyboard-household-quiet-hours-tutorial/,YES,YES,NO,NO,200,"index,follow,max-image-preview:large",https://familyboard.win/zh-tw/guides/familyboard-household-quiet-hours-tutorial/,,,sitemap,,,8,2,GSC discovery gap
https://familyboard.win/zh-tw/guides/familyboard-household-responsibility-coverage-map-tutorial/,YES,YES,NO,NO,200,"index,follow,max-image-preview:large",https://familyboard.win/zh-tw/guides/familyboard-household-responsibility-coverage-map-tutorial/,,,sitemap,,,9,2,GSC discovery gap
https://familyboard.win/zh-tw/guides/familyboard-household-responsibility-coverage-tutorial/,YES,YES,NO,NO,200,"index,follow,max-image-preview:large",https://familyboard.win/zh-tw/guides/familyboard-household-responsibility-coverage-tutorial/,,,sitemap,,,10,2,GSC discovery gap
https://familyboard.win/zh-tw/guides/familyboard-household-return-handoff-tutorial/,YES,YES,NO,NO,200,"index,follow,max-image-preview:large",https://familyboard.win/zh-tw/guides/familyboard-household-return-handoff-tutorial/,,,sitemap,,,11,2,GSC discovery gap
https://familyboard.win/zh-tw/guides/familyboard-household-role-change-audit-tutorial/,YES,YES,NO,NO,200,"index,follow,max-image-preview:large",https://familyboard.win/zh-tw/guides/familyboard-household-role-change-audit-tutorial/,,,sitemap,,,8,2,GSC discovery gap
https://familyboard.win/zh-tw/guides/familyboard-household-shopping-list-planner-tutorial/,YES,YES,NO,NO,200,"index,follow,max-image-preview:large",https://familyboard.win/zh-tw/guides/familyboard-household-shopping-list-planner-tutorial/,,,sitemap,,,10,2,GSC discovery gap
https://familyboard.win/zh-tw/guides/familyboard-household-subscription-cost-calculator-tutorial/,YES,YES,NO,NO,200,"index,follow,max-image-preview:large",https://familyboard.win/zh-tw/guides/familyboard-household-subscription-cost-calculator-tutorial/,,,sitemap,,,9,2,GSC discovery gap
https://familyboard.win/zh-tw/guides/familyboard-household-task-dependency-map-tutorial/,YES,YES,NO,NO,200,"index,follow,max-image-preview:large",https://familyboard.win/zh-tw/guides/familyboard-household-task-dependency-map-tutorial/,,,sitemap,,,8,2,GSC discovery gap
https://familyboard.win/zh-tw/guides/familyboard-household-time-window-overlap-checker-tutorial/,YES,YES,NO,NO,200,"index,follow,max-image-preview:large",https://familyboard.win/zh-tw/guides/familyboard-household-time-window-overlap-checker-tutorial/,,,sitemap,,,8,2,GSC discovery gap
https://familyboard.win/zh-tw/guides/familyboard-important-household-document-review-tutorial/,YES,YES,NO,NO,200,"index,follow,max-image-preview:large",https://familyboard.win/zh-tw/guides/familyboard-important-household-document-review-tutorial/,,,sitemap,,,10,2,GSC discovery gap
https://familyboard.win/zh-tw/guides/familyboard-insurance-claim-timeline-tutorial/,YES,YES,NO,NO,200,"index,follow,max-image-preview:large",https://familyboard.win/zh-tw/guides/familyboard-insurance-claim-timeline-tutorial/,,,sitemap,,,11,2,GSC discovery gap
https://familyboard.win/zh-tw/guides/familyboard-insurance-policy-source-version-tutorial/,YES,YES,NO,NO,200,"index,follow,max-image-preview:large",https://familyboard.win/zh-tw/guides/familyboard-insurance-policy-source-version-tutorial/,,,sitemap,,,8,2,GSC discovery gap
https://familyboard.win/zh-tw/guides/familyboard-internet-incident-tutorial/,YES,YES,NO,NO,200,"index,follow,max-image-preview:large",https://familyboard.win/zh-tw/guides/familyboard-internet-incident-tutorial/,,,sitemap,,,8,2,GSC discovery gap
https://familyboard.win/zh-tw/guides/familyboard-mail-package-handoff-log-tutorial/,YES,YES,NO,NO,200,"index,follow,max-image-preview:large",https://familyboard.win/zh-tw/guides/familyboard-mail-package-handoff-log-tutorial/,,,sitemap,,,8,2,GSC discovery gap
https://familyboard.win/zh-tw/guides/familyboard-mail-package-handoff-tutorial/,YES,YES,NO,NO,200,"index,follow,max-image-preview:large",https://familyboard.win/zh-tw/guides/familyboard-mail-package-handoff-tutorial/,,,sitemap,,,9,2,GSC discovery gap
https://familyboard.win/zh-tw/guides/familyboard-maintenance-delegation-map-tutorial/,YES,YES,NO,NO,200,"index,follow,max-image-preview:large",https://familyboard.win/zh-tw/guides/familyboard-maintenance-delegation-map-tutorial/,,,sitemap,,,8,2,GSC discovery gap
https://familyboard.win/zh-tw/guides/familyboard-maintenance-event-cost-tutorial/,YES,YES,NO,NO,200,"index,follow,max-image-preview:large",https://familyboard.win/zh-tw/guides/familyboard-maintenance-event-cost-tutorial/,,,sitemap,,,12,2,GSC discovery gap
https://familyboard.win/zh-tw/guides/familyboard-maintenance-evidence-confidence-tutorial/,YES,YES,NO,NO,200,"index,follow,max-image-preview:large",https://familyboard.win/zh-tw/guides/familyboard-maintenance-evidence-confidence-tutorial/,,,sitemap,,,8,2,GSC discovery gap
https://familyboard.win/zh-tw/guides/familyboard-maintenance-history-review/,YES,YES,NO,NO,200,"index,follow,max-image-preview:large",https://familyboard.win/zh-tw/guides/familyboard-maintenance-history-review/,,,sitemap,,,9,2,GSC discovery gap
https://familyboard.win/zh-tw/guides/familyboard-maintenance-priority-review-tutorial/,YES,YES,NO,NO,200,"index,follow,max-image-preview:large",https://familyboard.win/zh-tw/guides/familyboard-maintenance-priority-review-tutorial/,,,sitemap,,,10,2,GSC discovery gap
https://familyboard.win/zh-tw/guides/familyboard-maintenance-tracker-tutorial/,YES,YES,NO,NO,200,"index,follow,max-image-preview:large",https://familyboard.win/zh-tw/guides/familyboard-maintenance-tracker-tutorial/,,,sitemap,,,10,2,GSC discovery gap
https://familyboard.win/zh-tw/guides/familyboard-master-csv-edit-import-tutorial/,YES,YES,NO,NO,200,"index,follow,max-image-preview:large",https://familyboard.win/zh-tw/guides/familyboard-master-csv-edit-import-tutorial/,,,sitemap,,,8,2,GSC discovery gap
https://familyboard.win/zh-tw/guides/familyboard-master-csv-edit-import/,YES,YES,NO,NO,200,"index,follow,max-image-preview:large",https://familyboard.win/zh-tw/guides/familyboard-master-csv-edit-import/,,,sitemap,,,10,2,GSC discovery gap
https://familyboard.win/zh-tw/guides/familyboard-meal-prep-role-log-tutorial/,YES,YES,NO,NO,200,"index,follow,max-image-preview:large",https://familyboard.win/zh-tw/guides/familyboard-meal-prep-role-log-tutorial/,,,sitemap,,,8,2,GSC discovery gap
https://familyboard.win/zh-tw/guides/familyboard-meal-prep-tutorial/,YES,YES,NO,NO,200,"index,follow,max-image-preview:large",https://familyboard.win/zh-tw/guides/familyboard-meal-prep-tutorial/,,,sitemap,,,8,2,GSC discovery gap
https://familyboard.win/zh-tw/guides/familyboard-medical-information-source-handoff-tutorial/,YES,YES,NO,NO,200,"index,follow,max-image-preview:large",https://familyboard.win/zh-tw/guides/familyboard-medical-information-source-handoff-tutorial/,,,sitemap,,,8,2,GSC discovery gap
https://familyboard.win/zh-tw/guides/familyboard-member-archive-tutorial/,YES,YES,NO,NO,200,"index,follow,max-image-preview:large",https://familyboard.win/zh-tw/guides/familyboard-member-archive-tutorial/,,,sitemap,,,8,2,GSC discovery gap
https://familyboard.win/zh-tw/guides/familyboard-meter-reading-tutorial/,YES,YES,NO,NO,200,"index,follow,max-image-preview:large",https://familyboard.win/zh-tw/guides/familyboard-meter-reading-tutorial/,,,sitemap,,,9,2,GSC discovery gap
https://familyboard.win/zh-tw/guides/familyboard-monthly-review-action-tutorial/,YES,YES,NO,NO,200,"index,follow,max-image-preview:large",https://familyboard.win/zh-tw/guides/familyboard-monthly-review-action-tutorial/,,,sitemap,,,13,2,GSC discovery gap
https://familyboard.win/zh-tw/guides/familyboard-move-in-checklist-generator-tutorial/,YES,YES,NO,NO,200,"index,follow,max-image-preview:large",https://familyboard.win/zh-tw/guides/familyboard-move-in-checklist-generator-tutorial/,,,sitemap,,,8,2,GSC discovery gap
https://familyboard.win/zh-tw/guides/familyboard-move-out-condition-report-generator-tutorial/,YES,YES,NO,NO,200,"index,follow,max-image-preview:large",https://familyboard.win/zh-tw/guides/familyboard-move-out-condition-report-generator-tutorial/,,,sitemap,,,8,2,GSC discovery gap
https://familyboard.win/zh-tw/guides/familyboard-move-out-condition-tutorial/,YES,YES,NO,NO,200,"index,follow,max-image-preview:large",https://familyboard.win/zh-tw/guides/familyboard-move-out-condition-tutorial/,,,sitemap,,,8,2,GSC discovery gap
https://familyboard.win/zh-tw/guides/familyboard-moving-box-handover-log-tutorial/,YES,YES,NO,NO,200,"index,follow,max-image-preview:large",https://familyboard.win/zh-tw/guides/familyboard-moving-box-handover-log-tutorial/,,,sitemap,,,8,2,GSC discovery gap
https://familyboard.win/zh-tw/guides/familyboard-offline-backup-restore/,YES,YES,NO,NO,200,"index,follow,max-image-preview:large",https://familyboard.win/zh-tw/guides/familyboard-offline-backup-restore/,,,sitemap,,,31,2,GSC discovery gap
https://familyboard.win/zh-tw/guides/familyboard-old-tablet-display-tutorial/,YES,YES,NO,NO,200,"index,follow,max-image-preview:large",https://familyboard.win/zh-tw/guides/familyboard-old-tablet-display-tutorial/,,,sitemap,,,12,2,GSC discovery gap
https://familyboard.win/zh-tw/guides/familyboard-pantry-expiry-review-log-tutorial/,YES,YES,NO,NO,200,"index,follow,max-image-preview:large",https://familyboard.win/zh-tw/guides/familyboard-pantry-expiry-review-log-tutorial/,,,sitemap,,,8,2,GSC discovery gap
https://familyboard.win/zh-tw/guides/familyboard-pantry-review-tutorial/,YES,YES,NO,NO,200,"index,follow,max-image-preview:large",https://familyboard.win/zh-tw/guides/familyboard-pantry-review-tutorial/,,,sitemap,,,10,2,GSC discovery gap
https://familyboard.win/zh-tw/guides/familyboard-pet-record-source-handoff-tutorial/,YES,YES,NO,NO,200,"index,follow,max-image-preview:large",https://familyboard.win/zh-tw/guides/familyboard-pet-record-source-handoff-tutorial/,,,sitemap,,,8,2,GSC discovery gap
https://familyboard.win/zh-tw/guides/familyboard-pet-sitter-instruction-generator-tutorial/,YES,YES,NO,NO,200,"index,follow,max-image-preview:large",https://familyboard.win/zh-tw/guides/familyboard-pet-sitter-instruction-generator-tutorial/,,,sitemap,,,8,2,GSC discovery gap
https://familyboard.win/zh-tw/guides/familyboard-photo-inventory-tutorial/,YES,YES,NO,NO,200,"index,follow,max-image-preview:large",https://familyboard.win/zh-tw/guides/familyboard-photo-inventory-tutorial/,,,sitemap,,,8,2,GSC discovery gap
https://familyboard.win/zh-tw/guides/familyboard-plant-care-handoff-log-tutorial/,YES,YES,NO,NO,200,"index,follow,max-image-preview:large",https://familyboard.win/zh-tw/guides/familyboard-plant-care-handoff-log-tutorial/,,,sitemap,,,8,2,GSC discovery gap
https://familyboard.win/zh-tw/guides/familyboard-plant-care-handoff-tutorial/,YES,YES,NO,NO,200,"index,follow,max-image-preview:large",https://familyboard.win/zh-tw/guides/familyboard-plant-care-handoff-tutorial/,,,sitemap,,,9,2,GSC discovery gap
https://familyboard.win/zh-tw/guides/familyboard-power-outage-event-log-tutorial/,YES,YES,NO,NO,200,"index,follow,max-image-preview:large",https://familyboard.win/zh-tw/guides/familyboard-power-outage-event-log-tutorial/,,,sitemap,,,11,2,GSC discovery gap
https://familyboard.win/zh-tw/guides/familyboard-printout-download-retention-tutorial/,YES,YES,NO,NO,200,"index,follow,max-image-preview:large",https://familyboard.win/zh-tw/guides/familyboard-printout-download-retention-tutorial/,,,sitemap,,,10,2,GSC discovery gap
https://familyboard.win/zh-tw/guides/familyboard-privacy-review-handoff-tutorial/,YES,YES,NO,NO,200,"index,follow,max-image-preview:large",https://familyboard.win/zh-tw/guides/familyboard-privacy-review-handoff-tutorial/,,,sitemap,,,10,2,GSC discovery gap
https://familyboard.win/zh-tw/guides/familyboard-private-family-organizer-tutorial/,YES,YES,NO,NO,200,"index,follow,max-image-preview:large",https://familyboard.win/zh-tw/guides/familyboard-private-family-organizer-tutorial/,,,sitemap,,,9,2,GSC discovery gap
https://familyboard.win/zh-tw/guides/familyboard-product-recall-action-log-tutorial/,YES,YES,NO,NO,200,"index,follow,max-image-preview:large",https://familyboard.win/zh-tw/guides/familyboard-product-recall-action-log-tutorial/,,,sitemap,,,9,2,GSC discovery gap
https://familyboard.win/zh-tw/guides/familyboard-product-recall-action-tutorial/,YES,YES,NO,NO,200,"index,follow,max-image-preview:large",https://familyboard.win/zh-tw/guides/familyboard-product-recall-action-tutorial/,,,sitemap,,,8,2,GSC discovery gap
https://familyboard.win/zh-tw/guides/familyboard-purchase-comparison-tutorial/,YES,YES,NO,NO,200,"index,follow,max-image-preview:large",https://familyboard.win/zh-tw/guides/familyboard-purchase-comparison-tutorial/,,,sitemap,,,9,2,GSC discovery gap
https://familyboard.win/zh-tw/guides/familyboard-purchase-delivery-evidence-tutorial/,YES,YES,NO,NO,200,"index,follow,max-image-preview:large",https://familyboard.win/zh-tw/guides/familyboard-purchase-delivery-evidence-tutorial/,,,sitemap,,,9,2,GSC discovery gap
https://familyboard.win/zh-tw/guides/familyboard-pwa-update-tutorial/,YES,YES,NO,NO,200,"index,follow,max-image-preview:large",https://familyboard.win/zh-tw/guides/familyboard-pwa-update-tutorial/,,,sitemap,,,8,2,GSC discovery gap
https://familyboard.win/zh-tw/guides/familyboard-receipt-retention-organizer-tutorial/,YES,YES,NO,NO,200,"index,follow,max-image-preview:large",https://familyboard.win/zh-tw/guides/familyboard-receipt-retention-organizer-tutorial/,,,sitemap,,,8,2,GSC discovery gap
https://familyboard.win/zh-tw/guides/familyboard-receipt-source-verification-tutorial/,YES,YES,NO,NO,200,"index,follow,max-image-preview:large",https://familyboard.win/zh-tw/guides/familyboard-receipt-source-verification-tutorial/,,,sitemap,,,8,2,GSC discovery gap
https://familyboard.win/zh-tw/guides/familyboard-record-linking-tutorial/,YES,YES,NO,NO,200,"index,follow,max-image-preview:large",https://familyboard.win/zh-tw/guides/familyboard-record-linking-tutorial/,,,sitemap,,,8,2,GSC discovery gap
https://familyboard.win/zh-tw/guides/familyboard-record-retention-decision-log-tutorial/,YES,YES,NO,NO,200,"index,follow,max-image-preview:large",https://familyboard.win/zh-tw/guides/familyboard-record-retention-decision-log-tutorial/,,,sitemap,,,9,2,GSC discovery gap
https://familyboard.win/zh-tw/guides/familyboard-record-retention-decision-tutorial/,YES,YES,NO,NO,200,"index,follow,max-image-preview:large",https://familyboard.win/zh-tw/guides/familyboard-record-retention-decision-tutorial/,,,sitemap,,,8,2,GSC discovery gap
https://familyboard.win/zh-tw/guides/familyboard-record-retrieval-drill-tutorial/,YES,YES,NO,NO,200,"index,follow,max-image-preview:large",https://familyboard.win/zh-tw/guides/familyboard-record-retrieval-drill-tutorial/,,,sitemap,,,11,2,GSC discovery gap
https://familyboard.win/zh-tw/guides/familyboard-record-retrieval-practice-tutorial/,YES,YES,NO,NO,200,"index,follow,max-image-preview:large",https://familyboard.win/zh-tw/guides/familyboard-record-retrieval-practice-tutorial/,,,sitemap,,,11,2,GSC discovery gap
https://familyboard.win/zh-tw/guides/familyboard-recurring-chore-planner-tutorial/,YES,YES,NO,NO,200,"index,follow,max-image-preview:large",https://familyboard.win/zh-tw/guides/familyboard-recurring-chore-planner-tutorial/,,,sitemap,,,8,2,GSC discovery gap
https://familyboard.win/zh-tw/guides/familyboard-recycling-handoff-tutorial/,YES,YES,NO,NO,200,"index,follow,max-image-preview:large",https://familyboard.win/zh-tw/guides/familyboard-recycling-handoff-tutorial/,,,sitemap,,,8,2,GSC discovery gap
https://familyboard.win/zh-tw/guides/familyboard-rental-home-maintenance-handoff-tutorial/,YES,YES,NO,NO,200,"index,follow,max-image-preview:large",https://familyboard.win/zh-tw/guides/familyboard-rental-home-maintenance-handoff-tutorial/,,,sitemap,,,8,2,GSC discovery gap
https://familyboard.win/zh-tw/guides/familyboard-rental-repair-request-tutorial/,YES,YES,NO,NO,200,"index,follow,max-image-preview:large",https://familyboard.win/zh-tw/guides/familyboard-rental-repair-request-tutorial/,,,sitemap,,,8,2,GSC discovery gap
https://familyboard.win/zh-tw/guides/familyboard-rental-security-deposit-move-out-tutorial/,YES,YES,NO,NO,200,"index,follow,max-image-preview:large",https://familyboard.win/zh-tw/guides/familyboard-rental-security-deposit-move-out-tutorial/,,,sitemap,,,9,2,GSC discovery gap
https://familyboard.win/zh-tw/guides/familyboard-repair-change-order-tutorial/,YES,YES,NO,NO,200,"index,follow,max-image-preview:large",https://familyboard.win/zh-tw/guides/familyboard-repair-change-order-tutorial/,,,sitemap,,,9,2,GSC discovery gap
https://familyboard.win/zh-tw/guides/familyboard-repair-evidence-timeline-tutorial/,YES,YES,NO,NO,200,"index,follow,max-image-preview:large",https://familyboard.win/zh-tw/guides/familyboard-repair-evidence-timeline-tutorial/,,,sitemap,,,11,2,GSC discovery gap
https://familyboard.win/zh-tw/guides/familyboard-repair-punch-list-review-tutorial/,YES,YES,NO,NO,200,"index,follow,max-image-preview:large",https://familyboard.win/zh-tw/guides/familyboard-repair-punch-list-review-tutorial/,,,sitemap,,,8,2,GSC discovery gap
https://familyboard.win/zh-tw/guides/familyboard-repair-punch-list-tutorial/,YES,YES,NO,NO,200,"index,follow,max-image-preview:large",https://familyboard.win/zh-tw/guides/familyboard-repair-punch-list-tutorial/,,,sitemap,,,10,2,GSC discovery gap
https://familyboard.win/zh-tw/guides/familyboard-replacement-part-source-check-log-tutorial/,YES,YES,NO,NO,200,"index,follow,max-image-preview:large",https://familyboard.win/zh-tw/guides/familyboard-replacement-part-source-check-log-tutorial/,,,sitemap,,,8,2,GSC discovery gap
https://familyboard.win/zh-tw/guides/familyboard-replacement-part-source-check-tutorial/,YES,YES,NO,NO,200,"index,follow,max-image-preview:large",https://familyboard.win/zh-tw/guides/familyboard-replacement-part-source-check-tutorial/,,,sitemap,,,8,2,GSC discovery gap
https://familyboard.win/zh-tw/guides/familyboard-reset-local-household-tutorial/,YES,YES,NO,NO,200,"index,follow,max-image-preview:large",https://familyboard.win/zh-tw/guides/familyboard-reset-local-household-tutorial/,,,sitemap,,,8,2,GSC discovery gap
https://familyboard.win/zh-tw/guides/familyboard-restore-merge-replace-tutorial/,YES,YES,NO,NO,200,"index,follow,max-image-preview:large",https://familyboard.win/zh-tw/guides/familyboard-restore-merge-replace-tutorial/,,,sitemap,,,11,2,GSC discovery gap
https://familyboard.win/zh-tw/guides/familyboard-room-inventory-generator-tutorial/,YES,YES,NO,NO,200,"index,follow,max-image-preview:large",https://familyboard.win/zh-tw/guides/familyboard-room-inventory-generator-tutorial/,,,sitemap,,,8,2,GSC discovery gap
https://familyboard.win/zh-tw/guides/familyboard-router-support-review-tutorial/,YES,YES,NO,NO,200,"index,follow,max-image-preview:large",https://familyboard.win/zh-tw/guides/familyboard-router-support-review-tutorial/,,,sitemap,,,10,2,GSC discovery gap
https://familyboard.win/zh-tw/guides/familyboard-schedule-conflict-review-tutorial/,YES,YES,NO,NO,200,"index,follow,max-image-preview:large",https://familyboard.win/zh-tw/guides/familyboard-schedule-conflict-review-tutorial/,,,sitemap,,,12,2,GSC discovery gap
https://familyboard.win/zh-tw/guides/familyboard-school-activity-handoff-tutorial/,YES,YES,NO,NO,200,"index,follow,max-image-preview:large",https://familyboard.win/zh-tw/guides/familyboard-school-activity-handoff-tutorial/,,,sitemap,,,8,2,GSC discovery gap
https://familyboard.win/zh-tw/guides/familyboard-school-closure-continuity-tutorial/,YES,YES,NO,NO,200,"index,follow,max-image-preview:large",https://familyboard.win/zh-tw/guides/familyboard-school-closure-continuity-tutorial/,,,sitemap,,,8,2,GSC discovery gap
https://familyboard.win/zh-tw/guides/familyboard-school-pickup-handoff-tutorial/,YES,YES,NO,NO,200,"index,follow,max-image-preview:large",https://familyboard.win/zh-tw/guides/familyboard-school-pickup-handoff-tutorial/,,,sitemap,,,8,2,GSC discovery gap
https://familyboard.win/zh-tw/guides/familyboard-school-record-source-handoff-tutorial/,YES,YES,NO,NO,200,"index,follow,max-image-preview:large",https://familyboard.win/zh-tw/guides/familyboard-school-record-source-handoff-tutorial/,,,sitemap,,,8,2,GSC discovery gap
https://familyboard.win/zh-tw/guides/familyboard-seasonal-reset-tutorial/,YES,YES,NO,NO,200,"index,follow,max-image-preview:large",https://familyboard.win/zh-tw/guides/familyboard-seasonal-reset-tutorial/,,,sitemap,,,9,2,GSC discovery gap
https://familyboard.win/zh-tw/guides/familyboard-service-appointment-handoff-tutorial/,YES,YES,NO,NO,200,"index,follow,max-image-preview:large",https://familyboard.win/zh-tw/guides/familyboard-service-appointment-handoff-tutorial/,,,sitemap,,,10,2,GSC discovery gap
https://familyboard.win/zh-tw/guides/familyboard-service-provider-verification-tutorial/,YES,YES,NO,NO,200,"index,follow,max-image-preview:large",https://familyboard.win/zh-tw/guides/familyboard-service-provider-verification-tutorial/,,,sitemap,,,9,2,GSC discovery gap
https://familyboard.win/zh-tw/guides/familyboard-service-quote-comparison-tutorial/,YES,YES,NO,NO,200,"index,follow,max-image-preview:large",https://familyboard.win/zh-tw/guides/familyboard-service-quote-comparison-tutorial/,,,sitemap,,,9,2,GSC discovery gap
https://familyboard.win/zh-tw/guides/familyboard-share-access-tutorial/,YES,YES,NO,NO,200,"index,follow,max-image-preview:large",https://familyboard.win/zh-tw/guides/familyboard-share-access-tutorial/,,,sitemap,,,13,2,GSC discovery gap
https://familyboard.win/zh-tw/guides/familyboard-shared-device-privacy-review-tutorial/,YES,YES,NO,NO,200,"index,follow,max-image-preview:large",https://familyboard.win/zh-tw/guides/familyboard-shared-device-privacy-review-tutorial/,,,sitemap,,,8,2,GSC discovery gap
https://familyboard.win/zh-tw/guides/familyboard-shared-display-privacy-tutorial/,YES,YES,NO,NO,200,"index,follow,max-image-preview:large",https://familyboard.win/zh-tw/guides/familyboard-shared-display-privacy-tutorial/,,,sitemap,,,10,2,GSC discovery gap
https://familyboard.win/zh-tw/guides/familyboard-shopping-list-planner-tutorial/,YES,YES,NO,NO,200,"index,follow,max-image-preview:large",https://familyboard.win/zh-tw/guides/familyboard-shopping-list-planner-tutorial/,,,sitemap,,,9,2,GSC discovery gap
https://familyboard.win/zh-tw/guides/familyboard-storage-health-warning-tutorial/,YES,YES,NO,NO,200,"index,follow,max-image-preview:large",https://familyboard.win/zh-tw/guides/familyboard-storage-health-warning-tutorial/,,,sitemap,,,9,2,GSC discovery gap
https://familyboard.win/zh-tw/guides/familyboard-storage-open-error-tutorial/,YES,YES,NO,NO,200,"index,follow,max-image-preview:large",https://familyboard.win/zh-tw/guides/familyboard-storage-open-error-tutorial/,,,sitemap,,,8,2,GSC discovery gap
https://familyboard.win/zh-tw/guides/familyboard-storage-unit-access-inventory-log-tutorial/,YES,YES,NO,NO,200,"index,follow,max-image-preview:large",https://familyboard.win/zh-tw/guides/familyboard-storage-unit-access-inventory-log-tutorial/,,,sitemap,,,8,2,GSC discovery gap
https://familyboard.win/zh-tw/guides/familyboard-storm-readiness-review-tutorial/,YES,YES,NO,NO,200,"index,follow,max-image-preview:large",https://familyboard.win/zh-tw/guides/familyboard-storm-readiness-review-tutorial/,,,sitemap,,,9,2,GSC discovery gap
https://familyboard.win/zh-tw/guides/familyboard-subscription-cancellation-handoff-tutorial/,YES,YES,NO,NO,200,"index,follow,max-image-preview:large",https://familyboard.win/zh-tw/guides/familyboard-subscription-cancellation-handoff-tutorial/,,,sitemap,,,8,2,GSC discovery gap
https://familyboard.win/zh-tw/guides/familyboard-subscription-cancellation-result-review-tutorial/,YES,YES,NO,NO,200,"index,follow,max-image-preview:large",https://familyboard.win/zh-tw/guides/familyboard-subscription-cancellation-result-review-tutorial/,,,sitemap,,,8,2,GSC discovery gap
https://familyboard.win/zh-tw/guides/familyboard-subscription-renewal-review/,YES,YES,NO,NO,200,"index,follow,max-image-preview:large",https://familyboard.win/zh-tw/guides/familyboard-subscription-renewal-review/,,,sitemap,,,8,2,GSC discovery gap
https://familyboard.win/zh-tw/guides/familyboard-task-completion-tutorial/,YES,YES,NO,NO,200,"index,follow,max-image-preview:large",https://familyboard.win/zh-tw/guides/familyboard-task-completion-tutorial/,,,sitemap,,,9,2,GSC discovery gap
https://familyboard.win/zh-tw/guides/familyboard-task-load-calculator-tutorial/,YES,YES,NO,NO,200,"index,follow,max-image-preview:large",https://familyboard.win/zh-tw/guides/familyboard-task-load-calculator-tutorial/,,,sitemap,,,8,2,GSC discovery gap
https://familyboard.win/zh-tw/guides/familyboard-time-window-overlap-checker-tutorial/,YES,YES,NO,NO,200,"index,follow,max-image-preview:large",https://familyboard.win/zh-tw/guides/familyboard-time-window-overlap-checker-tutorial/,,,sitemap,,,8,2,GSC discovery gap
https://familyboard.win/zh-tw/guides/familyboard-trip-handoff-tutorial/,YES,YES,NO,NO,200,"index,follow,max-image-preview:large",https://familyboard.win/zh-tw/guides/familyboard-trip-handoff-tutorial/,,,sitemap,,,13,2,GSC discovery gap
https://familyboard.win/zh-tw/guides/familyboard-trip-packing-handoff-log-tutorial/,YES,YES,NO,NO,200,"index,follow,max-image-preview:large",https://familyboard.win/zh-tw/guides/familyboard-trip-packing-handoff-log-tutorial/,,,sitemap,,,8,2,GSC discovery gap
https://familyboard.win/zh-tw/guides/familyboard-utility-bill-anomaly-log-tutorial/,YES,YES,NO,NO,200,"index,follow,max-image-preview:large",https://familyboard.win/zh-tw/guides/familyboard-utility-bill-anomaly-log-tutorial/,,,sitemap,,,8,2,GSC discovery gap
https://familyboard.win/zh-tw/guides/familyboard-utility-bill-difference-tutorial/,YES,YES,NO,NO,200,"index,follow,max-image-preview:large",https://familyboard.win/zh-tw/guides/familyboard-utility-bill-difference-tutorial/,,,sitemap,,,8,2,GSC discovery gap
https://familyboard.win/zh-tw/guides/familyboard-utility-provider-handoff-tutorial/,YES,YES,NO,NO,200,"index,follow,max-image-preview:large",https://familyboard.win/zh-tw/guides/familyboard-utility-provider-handoff-tutorial/,,,sitemap,,,10,2,GSC discovery gap
https://familyboard.win/zh-tw/guides/familyboard-vacation-shutdown-checklist-generator-tutorial/,YES,YES,NO,NO,200,"index,follow,max-image-preview:large",https://familyboard.win/zh-tw/guides/familyboard-vacation-shutdown-checklist-generator-tutorial/,,,sitemap,,,8,2,GSC discovery gap
https://familyboard.win/zh-tw/guides/familyboard-vehicle-document-source-status-tutorial/,YES,YES,NO,NO,200,"index,follow,max-image-preview:large",https://familyboard.win/zh-tw/guides/familyboard-vehicle-document-source-status-tutorial/,,,sitemap,,,9,2,GSC discovery gap
https://familyboard.win/zh-tw/guides/familyboard-vendor-onboarding-tutorial/,YES,YES,NO,NO,200,"index,follow,max-image-preview:large",https://familyboard.win/zh-tw/guides/familyboard-vendor-onboarding-tutorial/,,,sitemap,,,8,2,GSC discovery gap
https://familyboard.win/zh-tw/guides/familyboard-warranty-checklist-generator-tutorial/,YES,YES,NO,NO,200,"index,follow,max-image-preview:large",https://familyboard.win/zh-tw/guides/familyboard-warranty-checklist-generator-tutorial/,,,sitemap,,,8,2,GSC discovery gap
https://familyboard.win/zh-tw/guides/familyboard-warranty-claim-evidence-log-tutorial/,YES,YES,NO,NO,200,"index,follow,max-image-preview:large",https://familyboard.win/zh-tw/guides/familyboard-warranty-claim-evidence-log-tutorial/,,,sitemap,,,9,2,GSC discovery gap
https://familyboard.win/zh-tw/guides/familyboard-warranty-expiration-calculator-tutorial/,YES,YES,NO,NO,200,"index,follow,max-image-preview:large",https://familyboard.win/zh-tw/guides/familyboard-warranty-expiration-calculator-tutorial/,,,sitemap,,,8,2,GSC discovery gap
https://familyboard.win/zh-tw/guides/familyboard-warranty-tracker-tutorial/,YES,YES,NO,NO,200,"index,follow,max-image-preview:large",https://familyboard.win/zh-tw/guides/familyboard-warranty-tracker-tutorial/,,,sitemap,,,8,2,GSC discovery gap
https://familyboard.win/zh-tw/guides/familyboard-water-leak-event-log-tutorial/,YES,YES,NO,NO,200,"index,follow,max-image-preview:large",https://familyboard.win/zh-tw/guides/familyboard-water-leak-event-log-tutorial/,,,sitemap,,,9,2,GSC discovery gap
https://familyboard.win/zh-tw/guides/familyboard-weekly-household-decision-review-tutorial/,YES,YES,NO,NO,200,"index,follow,max-image-preview:large",https://familyboard.win/zh-tw/guides/familyboard-weekly-household-decision-review-tutorial/,,,sitemap,,,8,2,GSC discovery gap
https://familyboard.win/zh-tw/guides/familyboard-weekly-reset-action-tutorial/,YES,YES,NO,NO,200,"index,follow,max-image-preview:large",https://familyboard.win/zh-tw/guides/familyboard-weekly-reset-action-tutorial/,,,sitemap,,,9,2,GSC discovery gap
https://familyboard.win/zh-tw/guides/fire-extinguisher-records/,YES,YES,NO,NO,200,"index,follow,max-image-preview:large",https://familyboard.win/zh-tw/guides/fire-extinguisher-records/,,,sitemap,,,10,2,GSC discovery gap
https://familyboard.win/zh-tw/guides/first-time-homeowner-maintenance-guide/,YES,YES,NO,NO,200,"index,follow,max-image-preview:large",https://familyboard.win/zh-tw/guides/first-time-homeowner-maintenance-guide/,,,sitemap,,,11,2,GSC discovery gap
https://familyboard.win/zh-tw/guides/freezer-maintenance-checklist/,YES,YES,NO,NO,200,"index,follow,max-image-preview:large",https://familyboard.win/zh-tw/guides/freezer-maintenance-checklist/,,,sitemap,,,8,2,GSC discovery gap
https://familyboard.win/zh-tw/guides/furnace-maintenance-records/,YES,YES,NO,NO,200,"index,follow,max-image-preview:large",https://familyboard.win/zh-tw/guides/furnace-maintenance-records/,,,sitemap,,,13,2,GSC discovery gap
https://familyboard.win/zh-tw/guides/furniture-inventory/,YES,YES,NO,NO,200,"index,follow,max-image-preview:large",https://familyboard.win/zh-tw/guides/furniture-inventory/,,,sitemap,,,8,2,GSC discovery gap
https://familyboard.win/zh-tw/guides/garbage-disposal-maintenance-guide/,YES,YES,NO,NO,200,"index,follow,max-image-preview:large",https://familyboard.win/zh-tw/guides/garbage-disposal-maintenance-guide/,,,sitemap,,,8,2,GSC discovery gap
https://familyboard.win/zh-tw/guides/guest-preparation-checklist/,YES,YES,NO,NO,200,"index,follow,max-image-preview:large",https://familyboard.win/zh-tw/guides/guest-preparation-checklist/,,,sitemap,,,10,2,GSC discovery gap
https://familyboard.win/zh-tw/guides/heat-pump-maintenance-records/,YES,YES,NO,NO,200,"index,follow,max-image-preview:large",https://familyboard.win/zh-tw/guides/heat-pump-maintenance-records/,,,sitemap,,,8,2,GSC discovery gap
https://familyboard.win/zh-tw/guides/home-care-refund-and-collection-notices/,YES,YES,NO,NO,200,"index,follow,max-image-preview:large",https://familyboard.win/zh-tw/guides/home-care-refund-and-collection-notices/,,,sitemap,,,11,2,GSC discovery gap
https://familyboard.win/zh-tw/guides/home-care-service-complaint-resolution/,YES,YES,NO,NO,200,"index,follow,max-image-preview:large",https://familyboard.win/zh-tw/guides/home-care-service-complaint-resolution/,,,sitemap,,,12,2,GSC discovery gap
https://familyboard.win/zh-tw/guides/home-care-service-fees-and-billing/,YES,YES,NO,NO,200,"index,follow,max-image-preview:large",https://familyboard.win/zh-tw/guides/home-care-service-fees-and-billing/,,,sitemap,,,10,2,GSC discovery gap
https://familyboard.win/zh-tw/guides/home-care-service-interruption-backup-plan/,YES,YES,NO,NO,200,"index,follow,max-image-preview:large",https://familyboard.win/zh-tw/guides/home-care-service-interruption-backup-plan/,,,sitemap,,,9,2,GSC discovery gap
https://familyboard.win/zh-tw/guides/home-care-service-plan-changes/,YES,YES,NO,NO,200,"index,follow,max-image-preview:large",https://familyboard.win/zh-tw/guides/home-care-service-plan-changes/,,,sitemap,,,11,2,GSC discovery gap
https://familyboard.win/zh-tw/guides/home-care-service-visit-records/,YES,YES,NO,NO,200,"index,follow,max-image-preview:large",https://familyboard.win/zh-tw/guides/home-care-service-visit-records/,,,sitemap,,,13,2,GSC discovery gap
https://familyboard.win/zh-tw/guides/home-contact-list/,YES,YES,NO,NO,200,"index,follow,max-image-preview:large",https://familyboard.win/zh-tw/guides/home-contact-list/,,,sitemap,,,12,2,GSC discovery gap
https://familyboard.win/zh-tw/guides/home-evacuation-information/,YES,YES,NO,NO,200,"index,follow,max-image-preview:large",https://familyboard.win/zh-tw/guides/home-evacuation-information/,,,sitemap,,,18,2,GSC discovery gap
https://familyboard.win/zh-tw/guides/home-improvement-receipts/,YES,YES,NO,NO,200,"index,follow,max-image-preview:large",https://familyboard.win/zh-tw/guides/home-improvement-receipts/,,,sitemap,,,14,2,GSC discovery gap
https://familyboard.win/zh-tw/guides/home-inventory-checklist/,YES,YES,NO,NO,200,"index,follow,max-image-preview:large",https://familyboard.win/zh-tw/guides/home-inventory-checklist/,,,sitemap,,,14,2,GSC discovery gap
https://familyboard.win/zh-tw/guides/home-inventory-for-insurance/,YES,YES,NO,NO,200,"index,follow,max-image-preview:large",https://familyboard.win/zh-tw/guides/home-inventory-for-insurance/,,,sitemap,,,14,2,GSC discovery gap
https://familyboard.win/zh-tw/guides/home-maintenance-after-vacation/,YES,YES,NO,NO,200,"index,follow,max-image-preview:large",https://familyboard.win/zh-tw/guides/home-maintenance-after-vacation/,,,sitemap,,,10,2,GSC discovery gap
https://familyboard.win/zh-tw/guides/home-maintenance-binder/,YES,YES,NO,NO,200,"index,follow,max-image-preview:large",https://familyboard.win/zh-tw/guides/home-maintenance-binder/,,,sitemap,,,10,2,GSC discovery gap
https://familyboard.win/zh-tw/guides/home-maintenance-budget/,YES,YES,NO,NO,200,"index,follow,max-image-preview:large",https://familyboard.win/zh-tw/guides/home-maintenance-budget/,,,sitemap,,,13,2,GSC discovery gap
https://familyboard.win/zh-tw/guides/home-maintenance-calendar/,YES,YES,NO,NO,200,"index,follow,max-image-preview:large",https://familyboard.win/zh-tw/guides/home-maintenance-calendar/,,,sitemap,,,11,2,GSC discovery gap
https://familyboard.win/zh-tw/guides/home-maintenance-delegation/,YES,YES,NO,NO,200,"index,follow,max-image-preview:large",https://familyboard.win/zh-tw/guides/home-maintenance-delegation/,,,sitemap,,,13,2,GSC discovery gap
https://familyboard.win/zh-tw/guides/home-maintenance-log/,YES,YES,NO,NO,200,"index,follow,max-image-preview:large",https://familyboard.win/zh-tw/guides/home-maintenance-log/,,,sitemap,,,20,2,GSC discovery gap
https://familyboard.win/zh-tw/guides/home-maintenance-records/,YES,YES,NO,NO,200,"index,follow,max-image-preview:large",https://familyboard.win/zh-tw/guides/home-maintenance-records/,,,sitemap,,,13,2,GSC discovery gap
https://familyboard.win/zh-tw/guides/home-maintenance-reminders/,YES,YES,NO,NO,200,"index,follow,max-image-preview:large",https://familyboard.win/zh-tw/guides/home-maintenance-reminders/,,,sitemap,,,13,2,GSC discovery gap
https://familyboard.win/zh-tw/guides/home-maintenance-schedule/,YES,YES,YES,YES,200,"index,follow,max-image-preview:large",https://familyboard.win/zh-tw/guides/home-maintenance-schedule/,,,sitemap,,,17,2,GSC indexed
https://familyboard.win/zh-tw/guides/home-purchase-records/,YES,YES,NO,NO,200,"index,follow,max-image-preview:large",https://familyboard.win/zh-tw/guides/home-purchase-records/,,,sitemap,,,9,2,GSC discovery gap
https://familyboard.win/zh-tw/guides/home-repair-history/,YES,YES,NO,NO,200,"index,follow,max-image-preview:large",https://familyboard.win/zh-tw/guides/home-repair-history/,,,sitemap,,,14,2,GSC discovery gap
https://familyboard.win/zh-tw/guides/home-service-provider-list/,YES,YES,NO,NO,200,"index,follow,max-image-preview:large",https://familyboard.win/zh-tw/guides/home-service-provider-list/,,,sitemap,,,21,2,GSC discovery gap
https://familyboard.win/zh-tw/guides/house-sitter-information/,YES,YES,NO,NO,200,"index,follow,max-image-preview:large",https://familyboard.win/zh-tw/guides/house-sitter-information/,,,sitemap,,,16,2,GSC discovery gap
https://familyboard.win/zh-tw/guides/household-account-list/,YES,YES,NO,NO,200,"index,follow,max-image-preview:large",https://familyboard.win/zh-tw/guides/household-account-list/,,,sitemap,,,14,2,GSC discovery gap
https://familyboard.win/zh-tw/guides/household-admin-backup-person/,YES,YES,NO,NO,200,"index,follow,max-image-preview:large",https://familyboard.win/zh-tw/guides/household-admin-backup-person/,,,sitemap,,,18,2,GSC discovery gap
https://familyboard.win/zh-tw/guides/household-admin-day/,YES,YES,NO,NO,200,"index,follow,max-image-preview:large",https://familyboard.win/zh-tw/guides/household-admin-day/,,,sitemap,,,8,2,GSC discovery gap
https://familyboard.win/zh-tw/guides/household-documents-organizer/,YES,YES,NO,NO,200,"index,follow,max-image-preview:large",https://familyboard.win/zh-tw/guides/household-documents-organizer/,,,sitemap,,,20,2,GSC discovery gap
https://familyboard.win/zh-tw/guides/household-event-source-check-taiwan/,YES,YES,NO,NO,200,"index,follow,max-image-preview:large",https://familyboard.win/zh-tw/guides/household-event-source-check-taiwan/,,,sitemap,,,9,2,GSC discovery gap
https://familyboard.win/zh-tw/guides/household-handoff/,YES,YES,NO,NO,200,"index,follow,max-image-preview:large",https://familyboard.win/zh-tw/guides/household-handoff/,,,sitemap,,,11,2,GSC discovery gap
https://familyboard.win/zh-tw/guides/household-management-checklist/,YES,YES,NO,NO,200,"index,follow,max-image-preview:large",https://familyboard.win/zh-tw/guides/household-management-checklist/,,,sitemap,,,10,2,GSC discovery gap
https://familyboard.win/zh-tw/guides/household-medical-information-organization/,YES,YES,NO,NO,200,"index,follow,max-image-preview:large",https://familyboard.win/zh-tw/guides/household-medical-information-organization/,,,sitemap,,,16,2,GSC discovery gap
https://familyboard.win/zh-tw/guides/household-monthly-review/,YES,YES,NO,NO,200,"index,follow,max-image-preview:large",https://familyboard.win/zh-tw/guides/household-monthly-review/,,,sitemap,,,19,2,GSC discovery gap
https://familyboard.win/zh-tw/guides/household-replacement-reserve/,YES,YES,NO,NO,200,"index,follow,max-image-preview:large",https://familyboard.win/zh-tw/guides/household-replacement-reserve/,,,sitemap,,,9,2,GSC discovery gap
https://familyboard.win/zh-tw/guides/household-shopping-staples/,YES,YES,NO,NO,200,"index,follow,max-image-preview:large",https://familyboard.win/zh-tw/guides/household-shopping-staples/,,,sitemap,,,9,2,GSC discovery gap
https://familyboard.win/zh-tw/guides/household-supplies-inventory/,YES,YES,NO,NO,200,"index,follow,max-image-preview:large",https://familyboard.win/zh-tw/guides/household-supplies-inventory/,,,sitemap,,,14,2,GSC discovery gap
https://familyboard.win/zh-tw/guides/household-weekly-reset/,YES,YES,NO,NO,200,"index,follow,max-image-preview:large",https://familyboard.win/zh-tw/guides/household-weekly-reset/,,,sitemap,,,21,2,GSC discovery gap
https://familyboard.win/zh-tw/guides/how-long-to-keep-household-records/,YES,YES,NO,NO,200,"index,follow,max-image-preview:large",https://familyboard.win/zh-tw/guides/how-long-to-keep-household-records/,,,sitemap,,,13,2,GSC discovery gap
https://familyboard.win/zh-tw/guides/how-to-track-product-warranties/,YES,YES,NO,NO,200,"index,follow,max-image-preview:large",https://familyboard.win/zh-tw/guides/how-to-track-product-warranties/,,,sitemap,,,30,2,GSC discovery gap
https://familyboard.win/zh-tw/guides/humidifier-maintenance-guide/,YES,YES,NO,NO,200,"index,follow,max-image-preview:large",https://familyboard.win/zh-tw/guides/humidifier-maintenance-guide/,,,sitemap,,,8,2,GSC discovery gap
https://familyboard.win/zh-tw/guides/hvac-filter-tracker/,YES,YES,NO,NO,200,"index,follow,max-image-preview:large",https://familyboard.win/zh-tw/guides/hvac-filter-tracker/,,,sitemap,,,14,2,GSC discovery gap
https://familyboard.win/zh-tw/guides/important-household-documents/,YES,YES,NO,NO,200,"index,follow,max-image-preview:large",https://familyboard.win/zh-tw/guides/important-household-documents/,,,sitemap,,,17,2,GSC discovery gap
https://familyboard.win/zh-tw/guides/maintenance-priorities/,YES,YES,NO,NO,200,"index,follow,max-image-preview:large",https://familyboard.win/zh-tw/guides/maintenance-priorities/,,,sitemap,,,12,2,GSC discovery gap
https://familyboard.win/zh-tw/guides/microwave-maintenance-checklist/,YES,YES,NO,NO,200,"index,follow,max-image-preview:large",https://familyboard.win/zh-tw/guides/microwave-maintenance-checklist/,,,sitemap,,,8,2,GSC discovery gap
https://familyboard.win/zh-tw/guides/monthly-home-maintenance-checklist/,YES,YES,NO,NO,200,"index,follow,max-image-preview:large",https://familyboard.win/zh-tw/guides/monthly-home-maintenance-checklist/,,,sitemap,,,12,2,GSC discovery gap
https://familyboard.win/zh-tw/guides/move-in-maintenance-checklist/,YES,YES,NO,NO,200,"index,follow,max-image-preview:large",https://familyboard.win/zh-tw/guides/move-in-maintenance-checklist/,,,sitemap,,,11,2,GSC discovery gap
https://familyboard.win/zh-tw/guides/move-out-home-records/,YES,YES,NO,NO,200,"index,follow,max-image-preview:large",https://familyboard.win/zh-tw/guides/move-out-home-records/,,,sitemap,,,16,2,GSC discovery gap
https://familyboard.win/zh-tw/guides/moving-house-organizer/,YES,YES,NO,NO,200,"index,follow,max-image-preview:large",https://familyboard.win/zh-tw/guides/moving-house-organizer/,,,sitemap,,,12,2,GSC discovery gap
https://familyboard.win/zh-tw/guides/moving-inventory/,YES,YES,NO,NO,200,"index,follow,max-image-preview:large",https://familyboard.win/zh-tw/guides/moving-inventory/,,,sitemap,,,16,2,GSC discovery gap
https://familyboard.win/zh-tw/guides/new-home-setup-checklist/,YES,YES,NO,NO,200,"index,follow,max-image-preview:large",https://familyboard.win/zh-tw/guides/new-home-setup-checklist/,,,sitemap,,,11,2,GSC discovery gap
https://familyboard.win/zh-tw/guides/organize-appliance-manuals/,YES,YES,NO,NO,200,"index,follow,max-image-preview:large",https://familyboard.win/zh-tw/guides/organize-appliance-manuals/,,,sitemap,,,11,2,GSC discovery gap
https://familyboard.win/zh-tw/guides/organize-household-subscriptions/,YES,YES,NO,NO,200,"index,follow,max-image-preview:large",https://familyboard.win/zh-tw/guides/organize-household-subscriptions/,,,sitemap,,,22,2,GSC discovery gap
https://familyboard.win/zh-tw/guides/organize-insurance-documents/,YES,YES,NO,NO,200,"index,follow,max-image-preview:large",https://familyboard.win/zh-tw/guides/organize-insurance-documents/,,,sitemap,,,15,2,GSC discovery gap
https://familyboard.win/zh-tw/guides/organize-pet-records/,YES,YES,NO,NO,200,"index,follow,max-image-preview:large",https://familyboard.win/zh-tw/guides/organize-pet-records/,,,sitemap,,,13,2,GSC discovery gap
https://familyboard.win/zh-tw/guides/organize-school-records-at-home/,YES,YES,NO,NO,200,"index,follow,max-image-preview:large",https://familyboard.win/zh-tw/guides/organize-school-records-at-home/,,,sitemap,,,12,2,GSC discovery gap
https://familyboard.win/zh-tw/guides/organize-utility-account-information/,YES,YES,NO,NO,200,"index,follow,max-image-preview:large",https://familyboard.win/zh-tw/guides/organize-utility-account-information/,,,sitemap,,,11,2,GSC discovery gap
https://familyboard.win/zh-tw/guides/organize-vehicle-documents-at-home/,YES,YES,NO,NO,200,"index,follow,max-image-preview:large",https://familyboard.win/zh-tw/guides/organize-vehicle-documents-at-home/,,,sitemap,,,10,2,GSC discovery gap
https://familyboard.win/zh-tw/guides/oven-maintenance-checklist/,YES,YES,NO,NO,200,"index,follow,max-image-preview:large",https://familyboard.win/zh-tw/guides/oven-maintenance-checklist/,,,sitemap,,,9,2,GSC discovery gap
https://familyboard.win/zh-tw/guides/pantry-restock-system/,YES,YES,NO,NO,200,"index,follow,max-image-preview:large",https://familyboard.win/zh-tw/guides/pantry-restock-system/,,,sitemap,,,12,2,GSC discovery gap
https://familyboard.win/zh-tw/guides/pet-sitter-information/,YES,YES,NO,NO,200,"index,follow,max-image-preview:large",https://familyboard.win/zh-tw/guides/pet-sitter-information/,,,sitemap,,,13,2,GSC discovery gap
https://familyboard.win/zh-tw/guides/photo-home-inventory/,YES,YES,NO,NO,200,"index,follow,max-image-preview:large",https://familyboard.win/zh-tw/guides/photo-home-inventory/,,,sitemap,,,14,2,GSC discovery gap
https://familyboard.win/zh-tw/guides/power-outage-home-preparedness/,YES,YES,NO,NO,200,"index,follow,max-image-preview:large",https://familyboard.win/zh-tw/guides/power-outage-home-preparedness/,,,sitemap,,,19,2,GSC discovery gap
https://familyboard.win/zh-tw/guides/power-outage-recovery-household-records/,YES,YES,NO,NO,200,"index,follow,max-image-preview:large",https://familyboard.win/zh-tw/guides/power-outage-recovery-household-records/,,,sitemap,,,10,2,GSC discovery gap
https://familyboard.win/zh-tw/guides/preventive-home-maintenance/,YES,YES,NO,NO,200,"index,follow,max-image-preview:large",https://familyboard.win/zh-tw/guides/preventive-home-maintenance/,,,sitemap,,,9,2,GSC discovery gap
https://familyboard.win/zh-tw/guides/product-registration-tracker/,YES,YES,NO,NO,200,"index,follow,max-image-preview:large",https://familyboard.win/zh-tw/guides/product-registration-tracker/,,,sitemap,,,12,2,GSC discovery gap
https://familyboard.win/zh-tw/guides/purchase-receipt-organizer/,YES,YES,NO,NO,200,"index,follow,max-image-preview:large",https://familyboard.win/zh-tw/guides/purchase-receipt-organizer/,,,sitemap,,,15,2,GSC discovery gap
https://familyboard.win/zh-tw/guides/quarterly-home-maintenance-checklist/,YES,YES,NO,NO,200,"index,follow,max-image-preview:large",https://familyboard.win/zh-tw/guides/quarterly-home-maintenance-checklist/,,,sitemap,,,8,2,GSC discovery gap
https://familyboard.win/zh-tw/guides/range-hood-maintenance-checklist/,YES,YES,NO,NO,200,"index,follow,max-image-preview:large",https://familyboard.win/zh-tw/guides/range-hood-maintenance-checklist/,,,sitemap,,,8,2,GSC discovery gap
https://familyboard.win/zh-tw/guides/recurring-bills-tracker/,YES,YES,NO,NO,200,"index,follow,max-image-preview:large",https://familyboard.win/zh-tw/guides/recurring-bills-tracker/,,,sitemap,,,15,2,GSC discovery gap
https://familyboard.win/zh-tw/guides/recurring-household-tasks/,YES,YES,NO,NO,200,"index,follow,max-image-preview:large",https://familyboard.win/zh-tw/guides/recurring-household-tasks/,,,sitemap,,,9,2,GSC discovery gap
https://familyboard.win/zh-tw/guides/refrigerator-maintenance-checklist/,YES,YES,NO,NO,200,"index,follow,max-image-preview:large",https://familyboard.win/zh-tw/guides/refrigerator-maintenance-checklist/,,,sitemap,,,10,2,GSC discovery gap
https://familyboard.win/zh-tw/guides/renovation-records/,YES,YES,NO,NO,200,"index,follow,max-image-preview:large",https://familyboard.win/zh-tw/guides/renovation-records/,,,sitemap,,,16,2,GSC discovery gap
https://familyboard.win/zh-tw/guides/rental-home-maintenance-log/,YES,YES,NO,NO,200,"index,follow,max-image-preview:large",https://familyboard.win/zh-tw/guides/rental-home-maintenance-log/,,,sitemap,,,12,2,GSC discovery gap
https://familyboard.win/zh-tw/guides/rental-security-deposit-move-out-claims/,YES,YES,NO,NO,200,"index,follow,max-image-preview:large",https://familyboard.win/zh-tw/guides/rental-security-deposit-move-out-claims/,,,sitemap,,,11,2,GSC discovery gap
https://familyboard.win/zh-tw/guides/repair-history/,YES,YES,NO,NO,200,"index,follow,max-image-preview:large",https://familyboard.win/zh-tw/guides/repair-history/,,,sitemap,,,15,2,GSC discovery gap
https://familyboard.win/zh-tw/guides/returning-home-after-travel-checklist/,YES,YES,NO,NO,200,"index,follow,max-image-preview:large",https://familyboard.win/zh-tw/guides/returning-home-after-travel-checklist/,,,sitemap,,,9,2,GSC discovery gap
https://familyboard.win/zh-tw/guides/robot-vacuum-maintenance-guide/,YES,YES,NO,NO,200,"index,follow,max-image-preview:large",https://familyboard.win/zh-tw/guides/robot-vacuum-maintenance-guide/,,,sitemap,,,8,2,GSC discovery gap
https://familyboard.win/zh-tw/guides/room-by-room-home-inventory/,YES,YES,NO,NO,200,"index,follow,max-image-preview:large",https://familyboard.win/zh-tw/guides/room-by-room-home-inventory/,,,sitemap,,,21,2,GSC discovery gap
https://familyboard.win/zh-tw/guides/seasonal-home-maintenance-checklist/,YES,YES,NO,NO,200,"index,follow,max-image-preview:large",https://familyboard.win/zh-tw/guides/seasonal-home-maintenance-checklist/,,,sitemap,,,12,2,GSC discovery gap
https://familyboard.win/zh-tw/guides/serial-number-tracker/,YES,YES,NO,NO,200,"index,follow,max-image-preview:large",https://familyboard.win/zh-tw/guides/serial-number-tracker/,,,sitemap,,,15,2,GSC discovery gap
https://familyboard.win/zh-tw/guides/service-history/,YES,YES,NO,NO,200,"index,follow,max-image-preview:large",https://familyboard.win/zh-tw/guides/service-history/,,,sitemap,,,10,2,GSC discovery gap
https://familyboard.win/zh-tw/guides/service-provider-contact-list/,YES,YES,NO,NO,200,"index,follow,max-image-preview:large",https://familyboard.win/zh-tw/guides/service-provider-contact-list/,,,sitemap,,,10,2,GSC discovery gap
https://familyboard.win/zh-tw/guides/smoke-alarm-records/,YES,YES,NO,NO,200,"index,follow,max-image-preview:large",https://familyboard.win/zh-tw/guides/smoke-alarm-records/,,,sitemap,,,10,2,GSC discovery gap
https://familyboard.win/zh-tw/guides/solar-panel-maintenance-records/,YES,YES,NO,NO,200,"index,follow,max-image-preview:large",https://familyboard.win/zh-tw/guides/solar-panel-maintenance-records/,,,sitemap,,,8,2,GSC discovery gap
https://familyboard.win/zh-tw/guides/spring-home-maintenance-checklist/,YES,YES,NO,NO,200,"index,follow,max-image-preview:large",https://familyboard.win/zh-tw/guides/spring-home-maintenance-checklist/,,,sitemap,,,10,2,GSC discovery gap
https://familyboard.win/zh-tw/guides/storage-unit-inventory/,YES,YES,NO,NO,200,"index,follow,max-image-preview:large",https://familyboard.win/zh-tw/guides/storage-unit-inventory/,,,sitemap,,,10,2,GSC discovery gap
https://familyboard.win/zh-tw/guides/storm-preparation-home-checklist/,YES,YES,NO,NO,200,"index,follow,max-image-preview:large",https://familyboard.win/zh-tw/guides/storm-preparation-home-checklist/,,,sitemap,,,12,2,GSC discovery gap
https://familyboard.win/zh-tw/guides/subscription-cancellation-refund-records/,YES,YES,NO,NO,200,"index,follow,max-image-preview:large",https://familyboard.win/zh-tw/guides/subscription-cancellation-refund-records/,,,sitemap,,,12,2,GSC discovery gap
https://familyboard.win/zh-tw/guides/subscription-renewal-tracker/,YES,YES,NO,NO,200,"index,follow,max-image-preview:large",https://familyboard.win/zh-tw/guides/subscription-renewal-tracker/,,,sitemap,,,10,2,GSC discovery gap
https://familyboard.win/zh-tw/guides/summer-home-maintenance-checklist/,YES,YES,NO,NO,200,"index,follow,max-image-preview:large",https://familyboard.win/zh-tw/guides/summer-home-maintenance-checklist/,,,sitemap,,,10,2,GSC discovery gap
https://familyboard.win/zh-tw/guides/travel-household-handoff/,YES,YES,NO,NO,200,"index,follow,max-image-preview:large",https://familyboard.win/zh-tw/guides/travel-household-handoff/,,,sitemap,,,18,2,GSC discovery gap
https://familyboard.win/zh-tw/guides/ups-battery-backup-records/,YES,YES,NO,NO,200,"index,follow,max-image-preview:large",https://familyboard.win/zh-tw/guides/ups-battery-backup-records/,,,sitemap,,,9,2,GSC discovery gap
https://familyboard.win/zh-tw/guides/utility-shutoff-information/,YES,YES,NO,NO,200,"index,follow,max-image-preview:large",https://familyboard.win/zh-tw/guides/utility-shutoff-information/,,,sitemap,,,10,2,GSC discovery gap
https://familyboard.win/zh-tw/guides/vacation-home-shutdown-checklist/,YES,YES,NO,NO,200,"index,follow,max-image-preview:large",https://familyboard.win/zh-tw/guides/vacation-home-shutdown-checklist/,,,sitemap,,,15,2,GSC discovery gap
https://familyboard.win/zh-tw/guides/vacuum-cleaner-maintenance-guide/,YES,YES,NO,NO,200,"index,follow,max-image-preview:large",https://familyboard.win/zh-tw/guides/vacuum-cleaner-maintenance-guide/,,,sitemap,,,9,2,GSC discovery gap
https://familyboard.win/zh-tw/guides/valuable-item-inventory/,YES,YES,NO,NO,200,"index,follow,max-image-preview:large",https://familyboard.win/zh-tw/guides/valuable-item-inventory/,,,sitemap,,,9,2,GSC discovery gap
https://familyboard.win/zh-tw/guides/warranty-expiration/,YES,YES,NO,NO,200,"index,follow,max-image-preview:large",https://familyboard.win/zh-tw/guides/warranty-expiration/,,,sitemap,,,11,2,GSC discovery gap
https://familyboard.win/zh-tw/guides/washing-machine-maintenance-checklist/,YES,YES,NO,NO,200,"index,follow,max-image-preview:large",https://familyboard.win/zh-tw/guides/washing-machine-maintenance-checklist/,,,sitemap,,,10,2,GSC discovery gap
https://familyboard.win/zh-tw/guides/water-filter-replacement-guide/,YES,YES,NO,NO,200,"index,follow,max-image-preview:large",https://familyboard.win/zh-tw/guides/water-filter-replacement-guide/,,,sitemap,,,9,2,GSC discovery gap
https://familyboard.win/zh-tw/guides/water-heater-maintenance-records/,YES,YES,NO,NO,200,"index,follow,max-image-preview:large",https://familyboard.win/zh-tw/guides/water-heater-maintenance-records/,,,sitemap,,,10,2,GSC discovery gap
https://familyboard.win/zh-tw/guides/water-leak-photo-evidence-records/,YES,YES,NO,NO,200,"index,follow,max-image-preview:large",https://familyboard.win/zh-tw/guides/water-leak-photo-evidence-records/,,,sitemap,,,9,2,GSC discovery gap
https://familyboard.win/zh-tw/guides/water-leak-response-home-records/,YES,YES,NO,NO,200,"index,follow,max-image-preview:large",https://familyboard.win/zh-tw/guides/water-leak-response-home-records/,,,sitemap,,,17,2,GSC discovery gap
https://familyboard.win/zh-tw/guides/water-softener-maintenance-records/,YES,YES,NO,NO,200,"index,follow,max-image-preview:large",https://familyboard.win/zh-tw/guides/water-softener-maintenance-records/,,,sitemap,,,9,2,GSC discovery gap
https://familyboard.win/zh-tw/guides/what-spouse-needs-to-know/,YES,YES,NO,NO,200,"index,follow,max-image-preview:large",https://familyboard.win/zh-tw/guides/what-spouse-needs-to-know/,,,sitemap,,,9,2,GSC discovery gap
https://familyboard.win/zh-tw/guides/wifi-router-maintenance-records/,YES,YES,NO,NO,200,"index,follow,max-image-preview:large",https://familyboard.win/zh-tw/guides/wifi-router-maintenance-records/,,,sitemap,,,9,2,GSC discovery gap
https://familyboard.win/zh-tw/guides/winter-home-maintenance-checklist/,YES,YES,NO,NO,200,"index,follow,max-image-preview:large",https://familyboard.win/zh-tw/guides/winter-home-maintenance-checklist/,,,sitemap,,,9,2,GSC discovery gap
https://familyboard.win/zh-tw/pricing/,YES,YES,NO,NO,200,"index,follow,max-image-preview:large",https://familyboard.win/zh-tw/pricing/,,,sitemap,,,8,2,GSC discovery gap
https://familyboard.win/zh-tw/privacy/,YES,YES,NO,NO,200,"index,follow,max-image-preview:large",https://familyboard.win/zh-tw/privacy/,,,sitemap,,,99,2,GSC discovery gap
https://familyboard.win/zh-tw/roadmap/,YES,YES,NO,NO,200,"index,follow,max-image-preview:large",https://familyboard.win/zh-tw/roadmap/,,,sitemap,,,7,2,GSC discovery gap
https://familyboard.win/zh-tw/security/,YES,YES,NO,NO,200,"index,follow,max-image-preview:large",https://familyboard.win/zh-tw/security/,,,sitemap,,,12,2,GSC discovery gap
https://familyboard.win/zh-tw/templates/,YES,YES,NO,NO,200,"index,follow,max-image-preview:large",https://familyboard.win/zh-tw/templates/,,,sitemap,,,7,2,GSC discovery gap
https://familyboard.win/zh-tw/templates/printable-annual-renewals/,YES,YES,NO,NO,200,"index,follow,max-image-preview:large",https://familyboard.win/zh-tw/templates/printable-annual-renewals/,,,sitemap,,,8,2,GSC discovery gap
https://familyboard.win/zh-tw/templates/printable-appliance-inventory/,YES,YES,NO,NO,200,"index,follow,max-image-preview:large",https://familyboard.win/zh-tw/templates/printable-appliance-inventory/,,,sitemap,,,9,2,GSC discovery gap
https://familyboard.win/zh-tw/templates/printable-chore-chart/,YES,YES,NO,NO,200,"index,follow,max-image-preview:large",https://familyboard.win/zh-tw/templates/printable-chore-chart/,,,sitemap,,,9,2,GSC discovery gap
https://familyboard.win/zh-tw/templates/printable-cleaning-schedule/,YES,YES,NO,NO,200,"index,follow,max-image-preview:large",https://familyboard.win/zh-tw/templates/printable-cleaning-schedule/,,,sitemap,,,9,2,GSC discovery gap
https://familyboard.win/zh-tw/templates/printable-emergency-contacts/,YES,YES,NO,NO,200,"index,follow,max-image-preview:large",https://familyboard.win/zh-tw/templates/printable-emergency-contacts/,,,sitemap,,,8,2,GSC discovery gap
https://familyboard.win/zh-tw/templates/printable-home-inventory-template/,YES,YES,NO,NO,200,"index,follow,max-image-preview:large",https://familyboard.win/zh-tw/templates/printable-home-inventory-template/,,,sitemap,,,8,2,GSC discovery gap
https://familyboard.win/zh-tw/templates/printable-household-contacts/,YES,YES,NO,NO,200,"index,follow,max-image-preview:large",https://familyboard.win/zh-tw/templates/printable-household-contacts/,,,sitemap,,,9,2,GSC discovery gap
https://familyboard.win/zh-tw/templates/printable-household-handoff-sheet/,YES,YES,NO,NO,200,"index,follow,max-image-preview:large",https://familyboard.win/zh-tw/templates/printable-household-handoff-sheet/,,,sitemap,,,9,2,GSC discovery gap
https://familyboard.win/zh-tw/templates/printable-repair-log/,YES,YES,NO,NO,200,"index,follow,max-image-preview:large",https://familyboard.win/zh-tw/templates/printable-repair-log/,,,sitemap,,,11,2,GSC discovery gap
https://familyboard.win/zh-tw/templates/printable-service-provider-list/,YES,YES,NO,NO,200,"index,follow,max-image-preview:large",https://familyboard.win/zh-tw/templates/printable-service-provider-list/,,,sitemap,,,9,2,GSC discovery gap
https://familyboard.win/zh-tw/templates/printable-subscription-tracker/,YES,YES,NO,NO,200,"index,follow,max-image-preview:large",https://familyboard.win/zh-tw/templates/printable-subscription-tracker/,,,sitemap,,,9,2,GSC discovery gap
https://familyboard.win/zh-tw/templates/printable-warranty-tracker/,YES,YES,NO,NO,200,"index,follow,max-image-preview:large",https://familyboard.win/zh-tw/templates/printable-warranty-tracker/,,,sitemap,,,9,2,GSC discovery gap
https://familyboard.win/zh-tw/terms/,YES,YES,NO,NO,200,"index,follow,max-image-preview:large",https://familyboard.win/zh-tw/terms/,,,sitemap,,,6,2,GSC discovery gap
https://familyboard.win/zh-tw/tools/,YES,YES,NO,NO,200,"index,follow,max-image-preview:large",https://familyboard.win/zh-tw/tools/,,,sitemap,,,7,2,GSC discovery gap
https://familyboard.win/zh-tw/tools/annual-subscription-cost-calculator/,YES,YES,NO,NO,200,"index,follow,max-image-preview:large",https://familyboard.win/zh-tw/tools/annual-subscription-cost-calculator/,,,sitemap,,,13,2,GSC discovery gap
https://familyboard.win/zh-tw/tools/appliance-age-calculator/,YES,YES,NO,NO,200,"index,follow,max-image-preview:large",https://familyboard.win/zh-tw/tools/appliance-age-calculator/,,,sitemap,,,13,2,GSC discovery gap
https://familyboard.win/zh-tw/tools/appliance-maintenance-checklist-generator/,YES,YES,NO,NO,200,"index,follow,max-image-preview:large",https://familyboard.win/zh-tw/tools/appliance-maintenance-checklist-generator/,,,sitemap,,,20,2,GSC discovery gap
https://familyboard.win/zh-tw/tools/appliance-manual-source-check-log/,YES,YES,NO,NO,200,"index,follow,max-image-preview:large",https://familyboard.win/zh-tw/tools/appliance-manual-source-check-log/,,,sitemap,,,15,2,GSC discovery gap
https://familyboard.win/zh-tw/tools/appliance-purchase-installation-record/,YES,YES,NO,NO,200,"index,follow,max-image-preview:large",https://familyboard.win/zh-tw/tools/appliance-purchase-installation-record/,,,sitemap,,,10,2,GSC discovery gap
https://familyboard.win/zh-tw/tools/appliance-repair-callback-log/,YES,YES,NO,NO,200,"index,follow,max-image-preview:large",https://familyboard.win/zh-tw/tools/appliance-repair-callback-log/,,,sitemap,,,11,2,GSC discovery gap
https://familyboard.win/zh-tw/tools/appliance-replacement-planner/,YES,YES,NO,NO,200,"index,follow,max-image-preview:large",https://familyboard.win/zh-tw/tools/appliance-replacement-planner/,,,sitemap,,,16,2,GSC discovery gap
https://familyboard.win/zh-tw/tools/appliance-service-visit-log/,YES,YES,NO,NO,200,"index,follow,max-image-preview:large",https://familyboard.win/zh-tw/tools/appliance-service-visit-log/,,,sitemap,,,13,2,GSC discovery gap
https://familyboard.win/zh-tw/tools/caregiver-handoff-source-authorization-log/,YES,YES,NO,NO,200,"index,follow,max-image-preview:large",https://familyboard.win/zh-tw/tools/caregiver-handoff-source-authorization-log/,,,sitemap,,,16,2,GSC discovery gap
https://familyboard.win/zh-tw/tools/cleaning-schedule-generator/,YES,YES,NO,NO,200,"index,follow,max-image-preview:large",https://familyboard.win/zh-tw/tools/cleaning-schedule-generator/,,,sitemap,,,14,2,GSC discovery gap
https://familyboard.win/zh-tw/tools/emergency-binder-generator/,YES,YES,NO,NO,200,"index,follow,max-image-preview:large",https://familyboard.win/zh-tw/tools/emergency-binder-generator/,,,sitemap,,,14,2,GSC discovery gap
https://familyboard.win/zh-tw/tools/emergency-contact-sheet-generator/,YES,YES,NO,NO,200,"index,follow,max-image-preview:large",https://familyboard.win/zh-tw/tools/emergency-contact-sheet-generator/,,,sitemap,,,20,2,GSC discovery gap
https://familyboard.win/zh-tw/tools/emergency-contact-verification-log/,YES,YES,NO,NO,200,"index,follow,max-image-preview:large",https://familyboard.win/zh-tw/tools/emergency-contact-verification-log/,,,sitemap,,,15,2,GSC discovery gap
https://familyboard.win/zh-tw/tools/emergency-supply-inventory-audit/,YES,YES,NO,NO,200,"index,follow,max-image-preview:large",https://familyboard.win/zh-tw/tools/emergency-supply-inventory-audit/,,,sitemap,,,18,2,GSC discovery gap
https://familyboard.win/zh-tw/tools/home-care-charge-service-payment-discrepancy-log/,YES,YES,NO,NO,200,"index,follow,max-image-preview:large",https://familyboard.win/zh-tw/tools/home-care-charge-service-payment-discrepancy-log/,,,sitemap,,,15,2,GSC discovery gap
https://familyboard.win/zh-tw/tools/home-care-complaint-response-resolution-log/,YES,YES,NO,NO,200,"index,follow,max-image-preview:large",https://familyboard.win/zh-tw/tools/home-care-complaint-response-resolution-log/,,,sitemap,,,17,2,GSC discovery gap
https://familyboard.win/zh-tw/tools/home-care-payment-refund-collection-notice-log/,YES,YES,NO,NO,200,"index,follow,max-image-preview:large",https://familyboard.win/zh-tw/tools/home-care-payment-refund-collection-notice-log/,,,sitemap,,,12,2,GSC discovery gap
https://familyboard.win/zh-tw/tools/home-care-service-interruption-backup-continuity-log/,YES,YES,NO,NO,200,"index,follow,max-image-preview:large",https://familyboard.win/zh-tw/tools/home-care-service-interruption-backup-continuity-log/,,,sitemap,,,14,2,GSC discovery gap
https://familyboard.win/zh-tw/tools/home-care-service-plan-change-notice-log/,YES,YES,NO,NO,200,"index,follow,max-image-preview:large",https://familyboard.win/zh-tw/tools/home-care-service-plan-change-notice-log/,,,sitemap,,,16,2,GSC discovery gap
https://familyboard.win/zh-tw/tools/home-care-visit-scope-service-result-log/,YES,YES,NO,NO,200,"index,follow,max-image-preview:large",https://familyboard.win/zh-tw/tools/home-care-visit-scope-service-result-log/,,,sitemap,,,17,2,GSC discovery gap
https://familyboard.win/zh-tw/tools/home-emergency-drill-record-generator/,YES,YES,NO,NO,200,"index,follow,max-image-preview:large",https://familyboard.win/zh-tw/tools/home-emergency-drill-record-generator/,,,sitemap,,,19,2,GSC discovery gap
https://familyboard.win/zh-tw/tools/home-handoff-summary-generator/,YES,YES,NO,NO,200,"index,follow,max-image-preview:large",https://familyboard.win/zh-tw/tools/home-handoff-summary-generator/,,,sitemap,,,15,2,GSC discovery gap
https://familyboard.win/zh-tw/tools/home-inventory-checklist-generator/,YES,YES,NO,NO,200,"index,follow,max-image-preview:large",https://familyboard.win/zh-tw/tools/home-inventory-checklist-generator/,,,sitemap,,,16,2,GSC discovery gap
https://familyboard.win/zh-tw/tools/home-maintenance-cost-tracker/,YES,YES,NO,NO,200,"index,follow,max-image-preview:large",https://familyboard.win/zh-tw/tools/home-maintenance-cost-tracker/,,,sitemap,,,12,2,GSC discovery gap
https://familyboard.win/zh-tw/tools/home-maintenance-schedule-generator/,YES,YES,NO,NO,200,"index,follow,max-image-preview:large",https://familyboard.win/zh-tw/tools/home-maintenance-schedule-generator/,,,sitemap,,,22,2,GSC discovery gap
https://familyboard.win/zh-tw/tools/home-repair-change-order-log/,YES,YES,NO,NO,200,"index,follow,max-image-preview:large",https://familyboard.win/zh-tw/tools/home-repair-change-order-log/,,,sitemap,,,19,2,GSC discovery gap
https://familyboard.win/zh-tw/tools/home-repair-closeout-checklist/,YES,YES,NO,NO,200,"index,follow,max-image-preview:large",https://familyboard.win/zh-tw/tools/home-repair-closeout-checklist/,,,sitemap,,,10,2,GSC discovery gap
https://familyboard.win/zh-tw/tools/home-repair-cost-log/,YES,YES,NO,NO,200,"index,follow,max-image-preview:large",https://familyboard.win/zh-tw/tools/home-repair-cost-log/,,,sitemap,,,19,2,GSC discovery gap
https://familyboard.win/zh-tw/tools/home-repair-punch-list/,YES,YES,NO,NO,200,"index,follow,max-image-preview:large",https://familyboard.win/zh-tw/tools/home-repair-punch-list/,,,sitemap,,,15,2,GSC discovery gap
https://familyboard.win/zh-tw/tools/home-service-provider-verification-log/,YES,YES,NO,NO,200,"index,follow,max-image-preview:large",https://familyboard.win/zh-tw/tools/home-service-provider-verification-log/,,,sitemap,,,19,2,GSC discovery gap
https://familyboard.win/zh-tw/tools/home-service-reminder-generator/,YES,YES,NO,NO,200,"index,follow,max-image-preview:large",https://familyboard.win/zh-tw/tools/home-service-reminder-generator/,,,sitemap,,,15,2,GSC discovery gap
https://familyboard.win/zh-tw/tools/house-sitter-instruction-generator/,YES,YES,NO,NO,200,"index,follow,max-image-preview:large",https://familyboard.win/zh-tw/tools/house-sitter-instruction-generator/,,,sitemap,,,12,2,GSC discovery gap
https://familyboard.win/zh-tw/tools/household-accessibility-walkthrough-log/,YES,YES,NO,NO,200,"index,follow,max-image-preview:large",https://familyboard.win/zh-tw/tools/household-accessibility-walkthrough-log/,,,sitemap,,,11,2,GSC discovery gap
https://familyboard.win/zh-tw/tools/household-account-list/,YES,YES,NO,NO,200,"index,follow,max-image-preview:large",https://familyboard.win/zh-tw/tools/household-account-list/,,,sitemap,,,12,2,GSC discovery gap
https://familyboard.win/zh-tw/tools/household-annual-review-generator/,YES,YES,NO,NO,200,"index,follow,max-image-preview:large",https://familyboard.win/zh-tw/tools/household-annual-review-generator/,,,sitemap,,,16,2,GSC discovery gap
https://familyboard.win/zh-tw/tools/household-backup-recovery-checker/,YES,YES,NO,NO,200,"index,follow,max-image-preview:large",https://familyboard.win/zh-tw/tools/household-backup-recovery-checker/,,,sitemap,,,8,2,GSC discovery gap
https://familyboard.win/zh-tw/tools/household-bill-source-status-log/,YES,YES,NO,NO,200,"index,follow,max-image-preview:large",https://familyboard.win/zh-tw/tools/household-bill-source-status-log/,,,sitemap,,,20,2,GSC discovery gap
https://familyboard.win/zh-tw/tools/household-building-notice-response-log/,YES,YES,NO,NO,200,"index,follow,max-image-preview:large",https://familyboard.win/zh-tw/tools/household-building-notice-response-log/,,,sitemap,,,12,2,GSC discovery gap
https://familyboard.win/zh-tw/tools/household-clothing-care-repair-log/,YES,YES,NO,NO,200,"index,follow,max-image-preview:large",https://familyboard.win/zh-tw/tools/household-clothing-care-repair-log/,,,sitemap,,,10,2,GSC discovery gap
https://familyboard.win/zh-tw/tools/household-consumable-change-history-log/,YES,YES,NO,NO,200,"index,follow,max-image-preview:large",https://familyboard.win/zh-tw/tools/household-consumable-change-history-log/,,,sitemap,,,10,2,GSC discovery gap
https://familyboard.win/zh-tw/tools/household-date-offset-planner/,YES,YES,NO,NO,200,"index,follow,max-image-preview:large",https://familyboard.win/zh-tw/tools/household-date-offset-planner/,,,sitemap,,,10,2,GSC discovery gap
https://familyboard.win/zh-tw/tools/household-decision-register/,YES,YES,NO,NO,200,"index,follow,max-image-preview:large",https://familyboard.win/zh-tw/tools/household-decision-register/,,,sitemap,,,9,2,GSC discovery gap
https://familyboard.win/zh-tw/tools/household-device-retirement-handoff-log/,YES,YES,NO,NO,200,"index,follow,max-image-preview:large",https://familyboard.win/zh-tw/tools/household-device-retirement-handoff-log/,,,sitemap,,,10,2,GSC discovery gap
https://familyboard.win/zh-tw/tools/household-document-index-generator/,YES,YES,NO,NO,200,"index,follow,max-image-preview:large",https://familyboard.win/zh-tw/tools/household-document-index-generator/,,,sitemap,,,16,2,GSC discovery gap
https://familyboard.win/zh-tw/tools/household-document-renewal-review-log/,YES,YES,NO,NO,200,"index,follow,max-image-preview:large",https://familyboard.win/zh-tw/tools/household-document-renewal-review-log/,,,sitemap,,,9,2,GSC discovery gap
https://familyboard.win/zh-tw/tools/household-donation-handoff-log/,YES,YES,NO,NO,200,"index,follow,max-image-preview:large",https://familyboard.win/zh-tw/tools/household-donation-handoff-log/,,,sitemap,,,10,2,GSC discovery gap
https://familyboard.win/zh-tw/tools/household-event-duration-calculator/,YES,YES,NO,NO,200,"index,follow,max-image-preview:large",https://familyboard.win/zh-tw/tools/household-event-duration-calculator/,,,sitemap,,,15,2,GSC discovery gap
https://familyboard.win/zh-tw/tools/household-event-source-index-log/,YES,YES,NO,NO,200,"index,follow,max-image-preview:large",https://familyboard.win/zh-tw/tools/household-event-source-index-log/,,,sitemap,,,12,2,GSC discovery gap
https://familyboard.win/zh-tw/tools/household-guest-arrival-prep-log/,YES,YES,NO,NO,200,"index,follow,max-image-preview:large",https://familyboard.win/zh-tw/tools/household-guest-arrival-prep-log/,,,sitemap,,,13,2,GSC discovery gap
https://familyboard.win/zh-tw/tools/household-home-access-handoff-log/,YES,YES,NO,NO,200,"index,follow,max-image-preview:large",https://familyboard.win/zh-tw/tools/household-home-access-handoff-log/,,,sitemap,,,11,2,GSC discovery gap
https://familyboard.win/zh-tw/tools/household-insurance-claim-timeline-log/,YES,YES,NO,NO,200,"index,follow,max-image-preview:large",https://familyboard.win/zh-tw/tools/household-insurance-claim-timeline-log/,,,sitemap,,,9,2,GSC discovery gap
https://familyboard.win/zh-tw/tools/household-insurance-policy-source-version-log/,YES,YES,NO,NO,200,"index,follow,max-image-preview:large",https://familyboard.win/zh-tw/tools/household-insurance-policy-source-version-log/,,,sitemap,,,10,2,GSC discovery gap
https://familyboard.win/zh-tw/tools/household-internet-incident-review-log/,YES,YES,NO,NO,200,"index,follow,max-image-preview:large",https://familyboard.win/zh-tw/tools/household-internet-incident-review-log/,,,sitemap,,,11,2,GSC discovery gap
https://familyboard.win/zh-tw/tools/household-inventory-photo-capture-log/,YES,YES,NO,NO,200,"index,follow,max-image-preview:large",https://familyboard.win/zh-tw/tools/household-inventory-photo-capture-log/,,,sitemap,,,12,2,GSC discovery gap
https://familyboard.win/zh-tw/tools/household-mail-package-handoff-log/,YES,YES,NO,NO,200,"index,follow,max-image-preview:large",https://familyboard.win/zh-tw/tools/household-mail-package-handoff-log/,,,sitemap,,,11,2,GSC discovery gap
https://familyboard.win/zh-tw/tools/household-maintenance-delegation-map/,YES,YES,NO,NO,200,"index,follow,max-image-preview:large",https://familyboard.win/zh-tw/tools/household-maintenance-delegation-map/,,,sitemap,,,12,2,GSC discovery gap
https://familyboard.win/zh-tw/tools/household-maintenance-priority-review-log/,YES,YES,NO,NO,200,"index,follow,max-image-preview:large",https://familyboard.win/zh-tw/tools/household-maintenance-priority-review-log/,,,sitemap,,,9,2,GSC discovery gap
https://familyboard.win/zh-tw/tools/household-meal-prep-role-log/,YES,YES,NO,NO,200,"index,follow,max-image-preview:large",https://familyboard.win/zh-tw/tools/household-meal-prep-role-log/,,,sitemap,,,12,2,GSC discovery gap
https://familyboard.win/zh-tw/tools/household-medical-information-source-handoff-log/,YES,YES,NO,NO,200,"index,follow,max-image-preview:large",https://familyboard.win/zh-tw/tools/household-medical-information-source-handoff-log/,,,sitemap,,,11,2,GSC discovery gap
https://familyboard.win/zh-tw/tools/household-meeting-agenda-action-log/,YES,YES,NO,NO,200,"index,follow,max-image-preview:large",https://familyboard.win/zh-tw/tools/household-meeting-agenda-action-log/,,,sitemap,,,16,2,GSC discovery gap
https://familyboard.win/zh-tw/tools/household-meter-reading-review-log/,YES,YES,NO,NO,200,"index,follow,max-image-preview:large",https://familyboard.win/zh-tw/tools/household-meter-reading-review-log/,,,sitemap,,,9,2,GSC discovery gap
https://familyboard.win/zh-tw/tools/household-monthly-review-action-log/,YES,YES,NO,NO,200,"index,follow,max-image-preview:large",https://familyboard.win/zh-tw/tools/household-monthly-review-action-log/,,,sitemap,,,16,2,GSC discovery gap
https://familyboard.win/zh-tw/tools/household-pantry-expiry-review-log/,YES,YES,NO,NO,200,"index,follow,max-image-preview:large",https://familyboard.win/zh-tw/tools/household-pantry-expiry-review-log/,,,sitemap,,,17,2,GSC discovery gap
https://familyboard.win/zh-tw/tools/household-pet-record-source-handoff-log/,YES,YES,NO,NO,200,"index,follow,max-image-preview:large",https://familyboard.win/zh-tw/tools/household-pet-record-source-handoff-log/,,,sitemap,,,11,2,GSC discovery gap
https://familyboard.win/zh-tw/tools/household-plant-care-handoff-log/,YES,YES,NO,NO,200,"index,follow,max-image-preview:large",https://familyboard.win/zh-tw/tools/household-plant-care-handoff-log/,,,sitemap,,,11,2,GSC discovery gap
https://familyboard.win/zh-tw/tools/household-power-outage-event-log/,YES,YES,NO,NO,200,"index,follow,max-image-preview:large",https://familyboard.win/zh-tw/tools/household-power-outage-event-log/,,,sitemap,,,17,2,GSC discovery gap
https://familyboard.win/zh-tw/tools/household-record-retention-decision-log/,YES,YES,NO,NO,200,"index,follow,max-image-preview:large",https://familyboard.win/zh-tw/tools/household-record-retention-decision-log/,,,sitemap,,,15,2,GSC discovery gap
https://familyboard.win/zh-tw/tools/household-record-retrieval-drill-log/,YES,YES,NO,NO,200,"index,follow,max-image-preview:large",https://familyboard.win/zh-tw/tools/household-record-retrieval-drill-log/,,,sitemap,,,16,2,GSC discovery gap
https://familyboard.win/zh-tw/tools/household-recycling-handoff-log/,YES,YES,NO,NO,200,"index,follow,max-image-preview:large",https://familyboard.win/zh-tw/tools/household-recycling-handoff-log/,,,sitemap,,,11,2,GSC discovery gap
https://familyboard.win/zh-tw/tools/household-repair-evidence-timeline-log/,YES,YES,NO,NO,200,"index,follow,max-image-preview:large",https://familyboard.win/zh-tw/tools/household-repair-evidence-timeline-log/,,,sitemap,,,16,2,GSC discovery gap
https://familyboard.win/zh-tw/tools/household-replacement-part-source-check-log/,YES,YES,NO,NO,200,"index,follow,max-image-preview:large",https://familyboard.win/zh-tw/tools/household-replacement-part-source-check-log/,,,sitemap,,,12,2,GSC discovery gap
https://familyboard.win/zh-tw/tools/household-responsibility-coverage-map/,YES,YES,NO,NO,200,"index,follow,max-image-preview:large",https://familyboard.win/zh-tw/tools/household-responsibility-coverage-map/,,,sitemap,,,16,2,GSC discovery gap
https://familyboard.win/zh-tw/tools/household-return-handoff-log/,YES,YES,NO,NO,200,"index,follow,max-image-preview:large",https://familyboard.win/zh-tw/tools/household-return-handoff-log/,,,sitemap,,,10,2,GSC discovery gap
https://familyboard.win/zh-tw/tools/household-router-support-review-log/,YES,YES,NO,NO,200,"index,follow,max-image-preview:large",https://familyboard.win/zh-tw/tools/household-router-support-review-log/,,,sitemap,,,9,2,GSC discovery gap
https://familyboard.win/zh-tw/tools/household-schedule-conflict-review-log/,YES,YES,NO,NO,200,"index,follow,max-image-preview:large",https://familyboard.win/zh-tw/tools/household-schedule-conflict-review-log/,,,sitemap,,,12,2,GSC discovery gap
https://familyboard.win/zh-tw/tools/household-school-activity-handoff-log/,YES,YES,NO,NO,200,"index,follow,max-image-preview:large",https://familyboard.win/zh-tw/tools/household-school-activity-handoff-log/,,,sitemap,,,11,2,GSC discovery gap
https://familyboard.win/zh-tw/tools/household-school-closure-continuity-log/,YES,YES,NO,NO,200,"index,follow,max-image-preview:large",https://familyboard.win/zh-tw/tools/household-school-closure-continuity-log/,,,sitemap,,,9,2,GSC discovery gap
https://familyboard.win/zh-tw/tools/household-school-pickup-handoff-log/,YES,YES,NO,NO,200,"index,follow,max-image-preview:large",https://familyboard.win/zh-tw/tools/household-school-pickup-handoff-log/,,,sitemap,,,10,2,GSC discovery gap
https://familyboard.win/zh-tw/tools/household-school-record-source-handoff-log/,YES,YES,NO,NO,200,"index,follow,max-image-preview:large",https://familyboard.win/zh-tw/tools/household-school-record-source-handoff-log/,,,sitemap,,,13,2,GSC discovery gap
https://familyboard.win/zh-tw/tools/household-seasonal-reset-action-log/,YES,YES,NO,NO,200,"index,follow,max-image-preview:large",https://familyboard.win/zh-tw/tools/household-seasonal-reset-action-log/,,,sitemap,,,9,2,GSC discovery gap
https://familyboard.win/zh-tw/tools/household-service-appointment-handoff-log/,YES,YES,NO,NO,200,"index,follow,max-image-preview:large",https://familyboard.win/zh-tw/tools/household-service-appointment-handoff-log/,,,sitemap,,,9,2,GSC discovery gap
https://familyboard.win/zh-tw/tools/household-service-quote-comparison-log/,YES,YES,NO,NO,200,"index,follow,max-image-preview:large",https://familyboard.win/zh-tw/tools/household-service-quote-comparison-log/,,,sitemap,,,10,2,GSC discovery gap
https://familyboard.win/zh-tw/tools/household-share-access-review-log/,YES,YES,NO,NO,200,"index,follow,max-image-preview:large",https://familyboard.win/zh-tw/tools/household-share-access-review-log/,,,sitemap,,,22,2,GSC discovery gap
https://familyboard.win/zh-tw/tools/household-shopping-list-planner/,YES,YES,NO,NO,200,"index,follow,max-image-preview:large",https://familyboard.win/zh-tw/tools/household-shopping-list-planner/,,,sitemap,,,15,2,GSC discovery gap
https://familyboard.win/zh-tw/tools/household-storm-readiness-review/,YES,YES,NO,NO,200,"index,follow,max-image-preview:large",https://familyboard.win/zh-tw/tools/household-storm-readiness-review/,,,sitemap,,,11,2,GSC discovery gap
https://familyboard.win/zh-tw/tools/household-subscription-cancellation-handoff-log/,YES,YES,NO,NO,200,"index,follow,max-image-preview:large",https://familyboard.win/zh-tw/tools/household-subscription-cancellation-handoff-log/,,,sitemap,,,11,2,GSC discovery gap
https://familyboard.win/zh-tw/tools/household-subscription-cost-calculator/,YES,YES,NO,NO,200,"index,follow,max-image-preview:large",https://familyboard.win/zh-tw/tools/household-subscription-cost-calculator/,,,sitemap,,,16,2,GSC discovery gap
https://familyboard.win/zh-tw/tools/household-task-load-calculator/,YES,YES,NO,NO,200,"index,follow,max-image-preview:large",https://familyboard.win/zh-tw/tools/household-task-load-calculator/,,,sitemap,,,11,2,GSC discovery gap
https://familyboard.win/zh-tw/tools/household-time-window-overlap-checker/,YES,YES,NO,NO,200,"index,follow,max-image-preview:large",https://familyboard.win/zh-tw/tools/household-time-window-overlap-checker/,,,sitemap,,,10,2,GSC discovery gap
https://familyboard.win/zh-tw/tools/household-trip-packing-handoff-log/,YES,YES,NO,NO,200,"index,follow,max-image-preview:large",https://familyboard.win/zh-tw/tools/household-trip-packing-handoff-log/,,,sitemap,,,13,2,GSC discovery gap
https://familyboard.win/zh-tw/tools/household-utility-bill-anomaly-log/,YES,YES,NO,NO,200,"index,follow,max-image-preview:large",https://familyboard.win/zh-tw/tools/household-utility-bill-anomaly-log/,,,sitemap,,,10,2,GSC discovery gap
https://familyboard.win/zh-tw/tools/household-utility-provider-service-handoff-log/,YES,YES,NO,NO,200,"index,follow,max-image-preview:large",https://familyboard.win/zh-tw/tools/household-utility-provider-service-handoff-log/,,,sitemap,,,13,2,GSC discovery gap
https://familyboard.win/zh-tw/tools/household-vehicle-document-source-status-log/,YES,YES,NO,NO,200,"index,follow,max-image-preview:large",https://familyboard.win/zh-tw/tools/household-vehicle-document-source-status-log/,,,sitemap,,,10,2,GSC discovery gap
https://familyboard.win/zh-tw/tools/household-water-leak-event-log/,YES,YES,NO,NO,200,"index,follow,max-image-preview:large",https://familyboard.win/zh-tw/tools/household-water-leak-event-log/,,,sitemap,,,13,2,GSC discovery gap
https://familyboard.win/zh-tw/tools/household-weekly-reset-action-log/,YES,YES,NO,NO,200,"index,follow,max-image-preview:large",https://familyboard.win/zh-tw/tools/household-weekly-reset-action-log/,,,sitemap,,,19,2,GSC discovery gap
https://familyboard.win/zh-tw/tools/important-household-document-review/,YES,YES,NO,NO,200,"index,follow,max-image-preview:large",https://familyboard.win/zh-tw/tools/important-household-document-review/,,,sitemap,,,11,2,GSC discovery gap
https://familyboard.win/zh-tw/tools/move-in-checklist-generator/,YES,YES,NO,NO,200,"index,follow,max-image-preview:large",https://familyboard.win/zh-tw/tools/move-in-checklist-generator/,,,sitemap,,,13,2,GSC discovery gap
https://familyboard.win/zh-tw/tools/move-out-condition-record-generator/,YES,YES,NO,NO,200,"index,follow,max-image-preview:large",https://familyboard.win/zh-tw/tools/move-out-condition-record-generator/,,,sitemap,,,11,2,GSC discovery gap
https://familyboard.win/zh-tw/tools/moving-box-handover-log/,YES,YES,NO,NO,200,"index,follow,max-image-preview:large",https://familyboard.win/zh-tw/tools/moving-box-handover-log/,,,sitemap,,,14,2,GSC discovery gap
https://familyboard.win/zh-tw/tools/pet-sitter-instruction-generator/,YES,YES,NO,NO,200,"index,follow,max-image-preview:large",https://familyboard.win/zh-tw/tools/pet-sitter-instruction-generator/,,,sitemap,,,13,2,GSC discovery gap
https://familyboard.win/zh-tw/tools/product-recall-action-log/,YES,YES,NO,NO,200,"index,follow,max-image-preview:large",https://familyboard.win/zh-tw/tools/product-recall-action-log/,,,sitemap,,,16,2,GSC discovery gap
https://familyboard.win/zh-tw/tools/purchase-delivery-evidence-log/,YES,YES,NO,NO,200,"index,follow,max-image-preview:large",https://familyboard.win/zh-tw/tools/purchase-delivery-evidence-log/,,,sitemap,,,14,2,GSC discovery gap
https://familyboard.win/zh-tw/tools/receipt-retention-organizer/,YES,YES,NO,NO,200,"index,follow,max-image-preview:large",https://familyboard.win/zh-tw/tools/receipt-retention-organizer/,,,sitemap,,,21,2,GSC discovery gap
https://familyboard.win/zh-tw/tools/recurring-chore-planner/,YES,YES,NO,NO,200,"index,follow,max-image-preview:large",https://familyboard.win/zh-tw/tools/recurring-chore-planner/,,,sitemap,,,17,2,GSC discovery gap
https://familyboard.win/zh-tw/tools/rental-repair-request-log/,YES,YES,NO,NO,200,"index,follow,max-image-preview:large",https://familyboard.win/zh-tw/tools/rental-repair-request-log/,,,sitemap,,,11,2,GSC discovery gap
https://familyboard.win/zh-tw/tools/rental-security-deposit-move-out-claim-log/,YES,YES,NO,NO,200,"index,follow,max-image-preview:large",https://familyboard.win/zh-tw/tools/rental-security-deposit-move-out-claim-log/,,,sitemap,,,10,2,GSC discovery gap
https://familyboard.win/zh-tw/tools/room-inventory-generator/,YES,YES,NO,NO,200,"index,follow,max-image-preview:large",https://familyboard.win/zh-tw/tools/room-inventory-generator/,,,sitemap,,,14,2,GSC discovery gap
https://familyboard.win/zh-tw/tools/storage-unit-access-inventory-log/,YES,YES,NO,NO,200,"index,follow,max-image-preview:large",https://familyboard.win/zh-tw/tools/storage-unit-access-inventory-log/,,,sitemap,,,11,2,GSC discovery gap
https://familyboard.win/zh-tw/tools/vacation-shutdown-checklist-generator/,YES,YES,NO,NO,200,"index,follow,max-image-preview:large",https://familyboard.win/zh-tw/tools/vacation-shutdown-checklist-generator/,,,sitemap,,,10,2,GSC discovery gap
https://familyboard.win/zh-tw/tools/warranty-checklist-generator/,YES,YES,NO,NO,200,"index,follow,max-image-preview:large",https://familyboard.win/zh-tw/tools/warranty-checklist-generator/,,,sitemap,,,14,2,GSC discovery gap
https://familyboard.win/zh-tw/tools/warranty-claim-evidence-log/,YES,YES,NO,NO,200,"index,follow,max-image-preview:large",https://familyboard.win/zh-tw/tools/warranty-claim-evidence-log/,,,sitemap,,,24,2,GSC discovery gap
https://familyboard.win/zh-tw/tools/warranty-expiration-calculator/,YES,YES,YES,YES,200,"index,follow,max-image-preview:large",https://familyboard.win/zh-tw/tools/warranty-expiration-calculator/,,,sitemap,,,17,2,GSC indexed
https://www.familyboard.win/,NO,NO,YES,NO,200,"index,follow,max-image-preview:large",https://familyboard.win/,,,unknown,,,11,0,keep redirect stub noindex; exclude from sitemap
